
[15-Nov-2025 17:15:35 Europe/Rome] Session initialized - Host: localhost:8888, Domain: , Secure: false, Timeout: 600s
[15-Nov-2025 17:15:35 Europe/Rome] Session initialized - Host: localhost:8888, Domain: , Secure: false, Timeout: 600s
[15-Nov-2025 17:15:35 Europe/Rome] API CSRF Check - Token received: 75b8e359f3...
[15-Nov-2025 17:15:35 Europe/Rome] API CSRF Check - Session token: 75b8e359f3...
[15-Nov-2025 17:16:05 Europe/Rome] Session initialized - Host: localhost:8888, Domain: , Secure: false, Timeout: 600s
[15-Nov-2025 17:16:05 Europe/Rome] Session initialized - Host: localhost:8888, Domain: , Secure: false, Timeout: 600s
[15-Nov-2025 17:16:05 Europe/Rome] API CSRF Check - Token received: 75b8e359f3...
[15-Nov-2025 17:16:05 Europe/Rome] API CSRF Check - Session token: 75b8e359f3...
[15-Nov-2025 17:16:35 Europe/Rome] Session initialized - Host: localhost:8888, Domain: , Secure: false, Timeout: 600s
[15-Nov-2025 17:16:35 Europe/Rome] Session initialized - Host: localhost:8888, Domain: , Secure: false, Timeout: 600s
[15-Nov-2025 17:16:35 Europe/Rome] API CSRF Check - Token received: 75b8e359f3...
[15-Nov-2025 17:16:35 Europe/Rome] API CSRF Check - Session token: 75b8e359f3...
[15-Nov-2025 17:18:04 Europe/Rome] Session initialized - Host: localhost:8888, Domain: , Secure: false, Timeout: 600s
[15-Nov-2025 17:18:04 Europe/Rome] Session initialized - Host: localhost:8888, Domain: , Secure: false, Timeout: 600s
[15-Nov-2025 17:18:04 Europe/Rome] API CSRF Check - Token received: 75b8e359f3...
[15-Nov-2025 17:18:04 Europe/Rome] API CSRF Check - Session token: 75b8e359f3...
[15-Nov-2025 17:19:04 Europe/Rome] Session initialized - Host: localhost:8888, Domain: , Secure: false, Timeout: 600s
[15-Nov-2025 17:19:04 Europe/Rome] Session initialized - Host: localhost:8888, Domain: , Secure: false, Timeout: 600s
[15-Nov-2025 17:19:04 Europe/Rome] API CSRF Check - Token received: 75b8e359f3...
[15-Nov-2025 17:19:04 Europe/Rome] API CSRF Check - Session token: 75b8e359f3...
[15-Nov-2025 17:19:04 Europe/Rome] Session initialized - Host: localhost:8888, Domain: , Secure: false, Timeout: 600s
[15-Nov-2025 17:19:04 Europe/Rome] Session initialized - Host: localhost:8888, Domain: , Secure: false, Timeout: 600s
[16-Nov-2025 08:39:59 Europe/Rome] Session initialized - Host: localhost:8888, Domain: , Secure: false, Timeout: 600s
[16-Nov-2025 08:40:00 Europe/Rome] Session initialized - Host: localhost:8888, Domain: , Secure: false, Timeout: 600s
[16-Nov-2025 08:40:01 Europe/Rome] Session initialized - Host: localhost:8888, Domain: , Secure: false, Timeout: 600s
[16-Nov-2025 08:40:02 Europe/Rome] Session initialized - Host: localhost:8888, Domain: , Secure: false, Timeout: 600s
[16-Nov-2025 08:40:02 Europe/Rome] Session initialized - Host: localhost:8888, Domain: , Secure: false, Timeout: 600s
[16-Nov-2025 08:40:02 Europe/Rome] Session initialized - Host: localhost:8888, Domain: , Secure: false, Timeout: 600s
[16-Nov-2025 08:40:02 Europe/Rome] Session initialized - Host: localhost:8888, Domain: , Secure: false, Timeout: 600s
[16-Nov-2025 08:40:02 Europe/Rome] API CSRF Check - Token received: 180b990222...
[16-Nov-2025 08:40:02 Europe/Rome] API CSRF Check - Session token: 180b990222...
[16-Nov-2025 08:40:03 Europe/Rome] Session initialized - Host: localhost:8888, Domain: , Secure: false, Timeout: 600s
[16-Nov-2025 08:40:03 Europe/Rome] API CSRF Check - Token received: 180b990222...
[16-Nov-2025 08:40:03 Europe/Rome] API CSRF Check - Session token: 180b990222...
[16-Nov-2025 08:40:03 Europe/Rome] Session initialized - Host: localhost:8888, Domain: , Secure: false, Timeout: 600s
[16-Nov-2025 08:40:03 Europe/Rome] List API - User ID: 19, Role: super_admin, Tenant: 1
[16-Nov-2025 08:40:03 Europe/Rome] API CSRF Check - Token received: 180b990222...
[16-Nov-2025 08:40:03 Europe/Rome] API CSRF Check - Session token: 180b990222...
[16-Nov-2025 08:40:03 Europe/Rome] Session initialized - Host: localhost:8888, Domain: , Secure: false, Timeout: 600s
[16-Nov-2025 08:40:03 Europe/Rome] API CSRF Check - Token received: 180b990222...
[16-Nov-2025 08:40:03 Europe/Rome] API CSRF Check - Session token: 180b990222...
[16-Nov-2025 08:40:03 Europe/Rome] Session initialized - Host: localhost:8888, Domain: , Secure: false, Timeout: 600s
[16-Nov-2025 08:40:03 Europe/Rome] Session initialized - Host: localhost:8888, Domain: , Secure: false, Timeout: 600s
[16-Nov-2025 08:40:03 Europe/Rome] Session initialized - Host: localhost:8888, Domain: , Secure: false, Timeout: 600s
[16-Nov-2025 08:40:05 Europe/Rome] Session initialized - Host: localhost:8888, Domain: , Secure: false, Timeout: 600s
[16-Nov-2025 08:40:11 Europe/Rome] Session initialized - Host: localhost:8888, Domain: , Secure: false, Timeout: 600s
[16-Nov-2025 08:40:11 Europe/Rome] API CSRF Check - Token received: 180b990222...
[16-Nov-2025 08:40:11 Europe/Rome] API CSRF Check - Session token: 180b990222...
[16-Nov-2025 08:40:11 Europe/Rome] [WORKFLOW_APPROVE] Error: Errore durante l'aggiornamento del record
[16-Nov-2025 08:40:33 Europe/Rome] Session initialized - Host: localhost:8888, Domain: , Secure: false, Timeout: 600s
[16-Nov-2025 08:40:33 Europe/Rome] Session initialized - Host: localhost:8888, Domain: , Secure: false, Timeout: 600s
[16-Nov-2025 08:40:33 Europe/Rome] API CSRF Check - Token received: 180b990222...
[16-Nov-2025 08:40:33 Europe/Rome] API CSRF Check - Session token: 180b990222...
[16-Nov-2025 08:41:03 Europe/Rome] Session initialized - Host: localhost:8888, Domain: , Secure: false, Timeout: 600s
[16-Nov-2025 08:41:03 Europe/Rome] Session initialized - Host: localhost:8888, Domain: , Secure: false, Timeout: 600s
[16-Nov-2025 08:41:03 Europe/Rome] API CSRF Check - Token received: 180b990222...
[16-Nov-2025 08:41:03 Europe/Rome] API CSRF Check - Session token: 180b990222...
[16-Nov-2025 08:41:33 Europe/Rome] Session initialized - Host: localhost:8888, Domain: , Secure: false, Timeout: 600s
[16-Nov-2025 08:41:33 Europe/Rome] Session initialized - Host: localhost:8888, Domain: , Secure: false, Timeout: 600s
[16-Nov-2025 08:41:33 Europe/Rome] API CSRF Check - Token received: 180b990222...
[16-Nov-2025 08:41:33 Europe/Rome] API CSRF Check - Session token: 180b990222...
[16-Nov-2025 08:42:03 Europe/Rome] Session initialized - Host: localhost:8888, Domain: , Secure: false, Timeout: 600s
[16-Nov-2025 08:42:03 Europe/Rome] Session initialized - Host: localhost:8888, Domain: , Secure: false, Timeout: 600s
[16-Nov-2025 08:42:03 Europe/Rome] API CSRF Check - Token received: 180b990222...
[16-Nov-2025 08:42:03 Europe/Rome] API CSRF Check - Session token: 180b990222...
[16-Nov-2025 08:42:33 Europe/Rome] Session initialized - Host: localhost:8888, Domain: , Secure: false, Timeout: 600s
[16-Nov-2025 08:42:33 Europe/Rome] Session initialized - Host: localhost:8888, Domain: , Secure: false, Timeout: 600s
[16-Nov-2025 08:42:33 Europe/Rome] API CSRF Check - Token received: 180b990222...
[16-Nov-2025 08:42:33 Europe/Rome] API CSRF Check - Session token: 180b990222...
[16-Nov-2025 08:43:03 Europe/Rome] Session initialized - Host: localhost:8888, Domain: , Secure: false, Timeout: 600s
[16-Nov-2025 08:43:03 Europe/Rome] Session initialized - Host: localhost:8888, Domain: , Secure: false, Timeout: 600s
[16-Nov-2025 08:43:03 Europe/Rome] API CSRF Check - Token received: 180b990222...
[16-Nov-2025 08:43:03 Europe/Rome] API CSRF Check - Session token: 180b990222...
[16-Nov-2025 08:44:10 Europe/Rome] Session initialized - Host: localhost:8888, Domain: , Secure: false, Timeout: 600s
[16-Nov-2025 08:44:10 Europe/Rome] Session initialized - Host: localhost:8888, Domain: , Secure: false, Timeout: 600s
[16-Nov-2025 08:44:10 Europe/Rome] API CSRF Check - Token received: 180b990222...
[16-Nov-2025 08:44:10 Europe/Rome] API CSRF Check - Session token: 180b990222...
[16-Nov-2025 08:45:10 Europe/Rome] Session initialized - Host: localhost:8888, Domain: , Secure: false, Timeout: 600s
[16-Nov-2025 08:45:10 Europe/Rome] Session initialized - Host: localhost:8888, Domain: , Secure: false, Timeout: 600s
[16-Nov-2025 08:45:10 Europe/Rome] API CSRF Check - Token received: 180b990222...
[16-Nov-2025 08:45:10 Europe/Rome] API CSRF Check - Session token: 180b990222...
[16-Nov-2025 08:46:10 Europe/Rome] Session initialized - Host: localhost:8888, Domain: , Secure: false, Timeout: 600s
[16-Nov-2025 08:46:10 Europe/Rome] Session initialized - Host: localhost:8888, Domain: , Secure: false, Timeout: 600s
[16-Nov-2025 08:46:10 Europe/Rome] Session initialized - Host: localhost:8888, Domain: , Secure: false, Timeout: 600s
[16-Nov-2025 08:46:10 Europe/Rome] Session initialized - Host: localhost:8888, Domain: , Secure: false, Timeout: 600s
[16-Nov-2025 08:46:10 Europe/Rome] API CSRF Check - Token received: 180b990222...
[16-Nov-2025 08:46:10 Europe/Rome] API CSRF Check - Session token: 180b990222...
[16-Nov-2025 08:55:58 Europe/Rome] Session initialized - Host: localhost:8888, Domain: , Secure: false, Timeout: 600s
[16-Nov-2025 08:55:58 Europe/Rome] Session initialized - Host: localhost:8888, Domain: , Secure: false, Timeout: 600s
[16-Nov-2025 08:55:58 Europe/Rome] Session initialized - Host: localhost:8888, Domain: , Secure: false, Timeout: 600s
[16-Nov-2025 08:55:58 Europe/Rome] Session initialized - Host: localhost:8888, Domain: , Secure: false, Timeout: 600s
[16-Nov-2025 08:55:58 Europe/Rome] API CSRF Check - Token received: 180b990222...
[16-Nov-2025 08:55:58 Europe/Rome] API CSRF Check - Session token: 180b990222...
[16-Nov-2025 08:55:58 Europe/Rome] Session initialized - Host: localhost:8888, Domain: , Secure: false, Timeout: 600s
[16-Nov-2025 08:55:58 Europe/Rome] API CSRF Check - Token received: 180b990222...
[16-Nov-2025 08:55:58 Europe/Rome] API CSRF Check - Session token: 180b990222...
[16-Nov-2025 08:55:58 Europe/Rome] Session initialized - Host: localhost:8888, Domain: , Secure: false, Timeout: 600s
[16-Nov-2025 08:55:58 Europe/Rome] List API - User ID: 19, Role: super_admin, Tenant: 1
[16-Nov-2025 08:55:58 Europe/Rome] API CSRF Check - Token received: 180b990222...
[16-Nov-2025 08:55:58 Europe/Rome] API CSRF Check - Session token: 180b990222...
[16-Nov-2025 08:55:58 Europe/Rome] Session initialized - Host: localhost:8888, Domain: , Secure: false, Timeout: 600s
[16-Nov-2025 08:55:58 Europe/Rome] API CSRF Check - Token received: 180b990222...
[16-Nov-2025 08:55:58 Europe/Rome] API CSRF Check - Session token: 180b990222...
[16-Nov-2025 08:55:59 Europe/Rome] Session initialized - Host: localhost:8888, Domain: , Secure: false, Timeout: 600s
[16-Nov-2025 08:55:59 Europe/Rome] Session initialized - Host: localhost:8888, Domain: , Secure: false, Timeout: 600s
[16-Nov-2025 08:55:59 Europe/Rome] Session initialized - Host: localhost:8888, Domain: , Secure: false, Timeout: 600s
[16-Nov-2025 08:56:01 Europe/Rome] Session initialized - Host: localhost:8888, Domain: , Secure: false, Timeout: 600s
[16-Nov-2025 08:56:06 Europe/Rome] Session initialized - Host: localhost:8888, Domain: , Secure: false, Timeout: 600s
[16-Nov-2025 08:56:06 Europe/Rome] API CSRF Check - Token received: 180b990222...
[16-Nov-2025 08:56:06 Europe/Rome] API CSRF Check - Session token: 180b990222...
[16-Nov-2025 08:56:06 Europe/Rome] [WORKFLOW_APPROVE] Error: Errore durante l'aggiornamento del record
[16-Nov-2025 08:56:28 Europe/Rome] Session initialized - Host: localhost:8888, Domain: , Secure: false, Timeout: 600s
[16-Nov-2025 08:56:28 Europe/Rome] Session initialized - Host: localhost:8888, Domain: , Secure: false, Timeout: 600s
[16-Nov-2025 08:56:28 Europe/Rome] API CSRF Check - Token received: 180b990222...
[16-Nov-2025 08:56:28 Europe/Rome] API CSRF Check - Session token: 180b990222...
[16-Nov-2025 08:56:38 Europe/Rome] Session initialized - Host: localhost:8888, Domain: , Secure: false, Timeout: 600s
[16-Nov-2025 08:56:38 Europe/Rome] API CSRF Check - Token received: 180b990222...
[16-Nov-2025 08:56:38 Europe/Rome] API CSRF Check - Session token: 180b990222...
[16-Nov-2025 08:56:38 Europe/Rome] [AUDIT LOG FAILURE] Error: Errore durante l'inserimento del record
[16-Nov-2025 08:56:38 Europe/Rome] [AUDIT LOG FAILURE] File: C:\xampp\htdocs\CollaboraNexio\includes\db.php Line: 313
[16-Nov-2025 08:56:38 Europe/Rome] [AUDIT LOG FAILURE] Context: User ID: 19, Tenant ID: 11, Action: approve, Entity Type: document_workflow, Entity ID: 2
[16-Nov-2025 08:56:38 Europe/Rome] [AUDIT LOG FAILURE] Audit data: {"tenant_id":11,"user_id":19,"action":"approve","entity_type":"document_workflow","entity_id":2,"description":"Documento \"Test validazione.docx\" approvato definitivamente","old_values":"{\"workflow_id\":2,\"file_id\":105,\"file_name\":\"Test validazione.docx\",\"from_state\":\"in_approvazione\",\"to_state\":\"approvato\",\"approver_name\":\"Antonio Silvestro Amodeo\",\"comment\":\"bgbgbgbg\",\"workflow_duration\":{\"seconds\":84709,\"days\":0,\"hours\":23}}","new_values":null,"metadata":null,"ip_address":"::1","user_agent":"Mozilla\/5.0 (Windows NT 10.0; Win64; x64) AppleWebKit\/537.36 (KHTML, like Gecko) Chrome\/142.0.0.0 Safari\/537.36 Edg\/142.0.0.0","session_id":"dkqg09lss2cmdul3sireapon33","request_method":"POST","request_url":"\/CollaboraNexio\/api\/documents\/workflow\/approve.php","severity":"info","status":"success","created_at":"2025-11-16 08:56:38"}
[16-Nov-2025 08:56:38 Europe/Rome] [AUDIT LOG FAILURE] ------------------------
[16-Nov-2025 08:56:41 Europe/Rome] Session initialized - Host: localhost:8888, Domain: , Secure: false, Timeout: 600s
[16-Nov-2025 08:56:41 Europe/Rome] API CSRF Check - Token received: 180b990222...
[16-Nov-2025 08:56:41 Europe/Rome] API CSRF Check - Session token: 180b990222...
[16-Nov-2025 08:56:41 Europe/Rome] [WORKFLOW_APPROVE] Error: Il documento non è in fase di approvazione. Stato attuale: Approvato
[16-Nov-2025 08:56:41 Europe/Rome] Session initialized - Host: localhost:8888, Domain: , Secure: false, Timeout: 600s
[16-Nov-2025 08:56:41 Europe/Rome] API CSRF Check - Token received: 180b990222...
[16-Nov-2025 08:56:41 Europe/Rome] API CSRF Check - Session token: 180b990222...
[16-Nov-2025 08:56:41 Europe/Rome] [WORKFLOW_APPROVE] Error: Il documento non è in fase di approvazione. Stato attuale: Approvato
[16-Nov-2025 08:56:41 Europe/Rome] Session initialized - Host: localhost:8888, Domain: , Secure: false, Timeout: 600s
[16-Nov-2025 08:56:41 Europe/Rome] API CSRF Check - Token received: 180b990222...
[16-Nov-2025 08:56:41 Europe/Rome] API CSRF Check - Session token: 180b990222...
[16-Nov-2025 08:56:41 Europe/Rome] [WORKFLOW_APPROVE] Error: Il documento non è in fase di approvazione. Stato attuale: Approvato
[16-Nov-2025 08:56:41 Europe/Rome] Session initialized - Host: localhost:8888, Domain: , Secure: false, Timeout: 600s
[16-Nov-2025 08:56:41 Europe/Rome] API CSRF Check - Token received: 180b990222...
[16-Nov-2025 08:56:41 Europe/Rome] API CSRF Check - Session token: 180b990222...
[16-Nov-2025 08:56:41 Europe/Rome] [WORKFLOW_APPROVE] Error: Il documento non è in fase di approvazione. Stato attuale: Approvato
[16-Nov-2025 08:56:41 Europe/Rome] Session initialized - Host: localhost:8888, Domain: , Secure: false, Timeout: 600s
[16-Nov-2025 08:56:41 Europe/Rome] API CSRF Check - Token received: 180b990222...
[16-Nov-2025 08:56:41 Europe/Rome] API CSRF Check - Session token: 180b990222...
[16-Nov-2025 08:56:45 Europe/Rome] Session initialized - Host: localhost:8888, Domain: , Secure: false, Timeout: 600s
[16-Nov-2025 08:56:45 Europe/Rome] Session initialized - Host: localhost:8888, Domain: , Secure: false, Timeout: 600s
[16-Nov-2025 08:56:45 Europe/Rome] Session initialized - Host: localhost:8888, Domain: , Secure: false, Timeout: 600s
[16-Nov-2025 08:56:45 Europe/Rome] Session initialized - Host: localhost:8888, Domain: , Secure: false, Timeout: 600s
[16-Nov-2025 08:56:45 Europe/Rome] API CSRF Check - Token received: 180b990222...
[16-Nov-2025 08:56:45 Europe/Rome] API CSRF Check - Session token: 180b990222...
[16-Nov-2025 08:56:45 Europe/Rome] Session initialized - Host: localhost:8888, Domain: , Secure: false, Timeout: 600s
[16-Nov-2025 08:56:45 Europe/Rome] API CSRF Check - Token received: 180b990222...
[16-Nov-2025 08:56:45 Europe/Rome] API CSRF Check - Session token: 180b990222...
[16-Nov-2025 08:56:45 Europe/Rome] Session initialized - Host: localhost:8888, Domain: , Secure: false, Timeout: 600s
[16-Nov-2025 08:56:45 Europe/Rome] List API - User ID: 19, Role: super_admin, Tenant: 1
[16-Nov-2025 08:56:45 Europe/Rome] API CSRF Check - Token received: 180b990222...
[16-Nov-2025 08:56:45 Europe/Rome] API CSRF Check - Session token: 180b990222...
[16-Nov-2025 08:56:45 Europe/Rome] Session initialized - Host: localhost:8888, Domain: , Secure: false, Timeout: 600s
[16-Nov-2025 08:56:45 Europe/Rome] API CSRF Check - Token received: 180b990222...
[16-Nov-2025 08:56:45 Europe/Rome] API CSRF Check - Session token: 180b990222...
[16-Nov-2025 08:56:46 Europe/Rome] Session initialized - Host: localhost:8888, Domain: , Secure: false, Timeout: 600s
[16-Nov-2025 08:56:46 Europe/Rome] Session initialized - Host: localhost:8888, Domain: , Secure: false, Timeout: 600s
[16-Nov-2025 08:56:46 Europe/Rome] Session initialized - Host: localhost:8888, Domain: , Secure: false, Timeout: 600s
[16-Nov-2025 08:56:48 Europe/Rome] Session initialized - Host: localhost:8888, Domain: , Secure: false, Timeout: 600s
[16-Nov-2025 08:57:02 Europe/Rome] Session initialized - Host: localhost:8888, Domain: , Secure: false, Timeout: 600s
[16-Nov-2025 08:57:11 Europe/Rome] Session initialized - Host: localhost:8888, Domain: , Secure: false, Timeout: 600s
[16-Nov-2025 08:57:11 Europe/Rome] API CSRF Check - Token received: 180b990222...
[16-Nov-2025 08:57:11 Europe/Rome] API CSRF Check - Session token: 180b990222...
[16-Nov-2025 08:57:11 Europe/Rome] PHP Warning:  Undefined array key "state" in C:\xampp\htdocs\CollaboraNexio\api\documents\workflow\submit.php on line 366
[16-Nov-2025 08:57:11 Europe/Rome] [AUDIT LOG FAILURE] Error: Errore durante l'inserimento del record
[16-Nov-2025 08:57:11 Europe/Rome] [AUDIT LOG FAILURE] File: C:\xampp\htdocs\CollaboraNexio\includes\db.php Line: 313
[16-Nov-2025 08:57:11 Europe/Rome] [AUDIT LOG FAILURE] Context: User ID: 19, Tenant ID: 11, Action: submit, Entity Type: document_workflow, Entity ID: 1
[16-Nov-2025 08:57:11 Europe/Rome] [AUDIT LOG FAILURE] Audit data: {"tenant_id":11,"user_id":19,"action":"submit","entity_type":"document_workflow","entity_id":1,"description":"Documento \"effe.docx\" inviato per validazione","old_values":"{\"workflow_id\":1,\"file_id\":104,\"file_name\":\"effe.docx\",\"from_state\":null,\"to_state\":\"in_validazione\",\"validator_id\":32,\"approver_id\":32,\"notes\":null}","new_values":null,"metadata":null,"ip_address":"::1","user_agent":"Mozilla\/5.0 (Windows NT 10.0; Win64; x64) AppleWebKit\/537.36 (KHTML, like Gecko) Chrome\/142.0.0.0 Safari\/537.36 Edg\/142.0.0.0","session_id":"dkqg09lss2cmdul3sireapon33","request_method":"POST","request_url":"\/CollaboraNexio\/api\/documents\/workflow\/submit.php","severity":"info","status":"success","created_at":"2025-11-16 08:57:11"}
[16-Nov-2025 08:57:11 Europe/Rome] [AUDIT LOG FAILURE] ------------------------
[16-Nov-2025 08:57:12 Europe/Rome] [AUDIT LOG FAILURE] Error: Errore durante l'inserimento del record
[16-Nov-2025 08:57:12 Europe/Rome] [AUDIT LOG FAILURE] File: C:\xampp\htdocs\CollaboraNexio\includes\db.php Line: 313
[16-Nov-2025 08:57:12 Europe/Rome] [AUDIT LOG FAILURE] Context: User ID: 19, Tenant ID: 11, Action: email_sent, Entity Type: notification, Entity ID: null
[16-Nov-2025 08:57:12 Europe/Rome] [AUDIT LOG FAILURE] Audit data: {"tenant_id":11,"user_id":19,"action":"email_sent","entity_type":"notification","entity_id":null,"description":"Sent workflow notifications: document_submitted for file 104 to 1 validators","old_values":null,"new_values":null,"metadata":null,"ip_address":"::1","user_agent":"Mozilla\/5.0 (Windows NT 10.0; Win64; x64) AppleWebKit\/537.36 (KHTML, like Gecko) Chrome\/142.0.0.0 Safari\/537.36 Edg\/142.0.0.0","session_id":"dkqg09lss2cmdul3sireapon33","request_method":"POST","request_url":"\/CollaboraNexio\/api\/documents\/workflow\/submit.php","severity":"info","status":"success","created_at":"2025-11-16 08:57:12"}
[16-Nov-2025 08:57:12 Europe/Rome] [AUDIT LOG FAILURE] ------------------------
[16-Nov-2025 08:57:12 Europe/Rome] Session initialized - Host: localhost:8888, Domain: , Secure: false, Timeout: 600s
[16-Nov-2025 08:57:12 Europe/Rome] API CSRF Check - Token received: 180b990222...
[16-Nov-2025 08:57:12 Europe/Rome] API CSRF Check - Session token: 180b990222...
[16-Nov-2025 08:57:15 Europe/Rome] Session initialized - Host: localhost:8888, Domain: , Secure: false, Timeout: 600s
[16-Nov-2025 08:57:15 Europe/Rome] Session initialized - Host: localhost:8888, Domain: , Secure: false, Timeout: 600s
[16-Nov-2025 08:57:15 Europe/Rome] API CSRF Check - Token received: 180b990222...
[16-Nov-2025 08:57:15 Europe/Rome] API CSRF Check - Session token: 180b990222...
[16-Nov-2025 08:57:28 Europe/Rome] Session initialized - Host: localhost:8888, Domain: , Secure: false, Timeout: 600s
[16-Nov-2025 08:57:32 Europe/Rome] Session initialized - Host: localhost:8888, Domain: , Secure: false, Timeout: 600s
[16-Nov-2025 08:57:45 Europe/Rome] Session initialized - Host: localhost:8888, Domain: , Secure: false, Timeout: 600s
[16-Nov-2025 08:57:45 Europe/Rome] Session initialized - Host: localhost:8888, Domain: , Secure: false, Timeout: 600s
[16-Nov-2025 08:57:45 Europe/Rome] API CSRF Check - Token received: 180b990222...
[16-Nov-2025 08:57:45 Europe/Rome] API CSRF Check - Session token: 180b990222...
[16-Nov-2025 08:58:15 Europe/Rome] Session initialized - Host: localhost:8888, Domain: , Secure: false, Timeout: 600s
[16-Nov-2025 08:58:15 Europe/Rome] Session initialized - Host: localhost:8888, Domain: , Secure: false, Timeout: 600s
[16-Nov-2025 08:58:15 Europe/Rome] API CSRF Check - Token received: 180b990222...
[16-Nov-2025 08:58:15 Europe/Rome] API CSRF Check - Session token: 180b990222...
[16-Nov-2025 08:58:45 Europe/Rome] Session initialized - Host: localhost:8888, Domain: , Secure: false, Timeout: 600s
[16-Nov-2025 08:58:45 Europe/Rome] Session initialized - Host: localhost:8888, Domain: , Secure: false, Timeout: 600s
[16-Nov-2025 08:58:45 Europe/Rome] API CSRF Check - Token received: 180b990222...
[16-Nov-2025 08:58:45 Europe/Rome] API CSRF Check - Session token: 180b990222...
[16-Nov-2025 08:59:15 Europe/Rome] Session initialized - Host: localhost:8888, Domain: , Secure: false, Timeout: 600s
[16-Nov-2025 08:59:15 Europe/Rome] Session initialized - Host: localhost:8888, Domain: , Secure: false, Timeout: 600s
[16-Nov-2025 08:59:15 Europe/Rome] API CSRF Check - Token received: 180b990222...
[16-Nov-2025 08:59:15 Europe/Rome] API CSRF Check - Session token: 180b990222...
[16-Nov-2025 08:59:45 Europe/Rome] Session initialized - Host: localhost:8888, Domain: , Secure: false, Timeout: 600s
[16-Nov-2025 08:59:45 Europe/Rome] Session initialized - Host: localhost:8888, Domain: , Secure: false, Timeout: 600s
[16-Nov-2025 08:59:45 Europe/Rome] API CSRF Check - Token received: 180b990222...
[16-Nov-2025 08:59:45 Europe/Rome] API CSRF Check - Session token: 180b990222...
[16-Nov-2025 09:00:15 Europe/Rome] Session initialized - Host: localhost:8888, Domain: , Secure: false, Timeout: 600s
[16-Nov-2025 09:00:15 Europe/Rome] Session initialized - Host: localhost:8888, Domain: , Secure: false, Timeout: 600s
[16-Nov-2025 09:00:15 Europe/Rome] API CSRF Check - Token received: 180b990222...
[16-Nov-2025 09:00:15 Europe/Rome] API CSRF Check - Session token: 180b990222...
[16-Nov-2025 09:00:45 Europe/Rome] Session initialized - Host: localhost:8888, Domain: , Secure: false, Timeout: 600s
[16-Nov-2025 09:00:45 Europe/Rome] Session initialized - Host: localhost:8888, Domain: , Secure: false, Timeout: 600s
[16-Nov-2025 09:00:45 Europe/Rome] API CSRF Check - Token received: 180b990222...
[16-Nov-2025 09:00:45 Europe/Rome] API CSRF Check - Session token: 180b990222...
[16-Nov-2025 09:01:15 Europe/Rome] Session initialized - Host: localhost:8888, Domain: , Secure: false, Timeout: 600s
[16-Nov-2025 09:01:15 Europe/Rome] Session initialized - Host: localhost:8888, Domain: , Secure: false, Timeout: 600s
[16-Nov-2025 09:01:15 Europe/Rome] API CSRF Check - Token received: 180b990222...
[16-Nov-2025 09:01:15 Europe/Rome] API CSRF Check - Session token: 180b990222...
[16-Nov-2025 09:01:32 Europe/Rome] Session initialized - Host: localhost:8888, Domain: , Secure: false, Timeout: 600s
[16-Nov-2025 09:01:37 Europe/Rome] Session initialized - Host: localhost:8888, Domain: , Secure: false, Timeout: 600s
[16-Nov-2025 09:01:37 Europe/Rome] Session initialized - Host: localhost:8888, Domain: , Secure: false, Timeout: 600s
[16-Nov-2025 09:01:37 Europe/Rome] Session initialized - Host: localhost:8888, Domain: , Secure: false, Timeout: 600s
[16-Nov-2025 09:01:37 Europe/Rome] Session initialized - Host: localhost:8888, Domain: , Secure: false, Timeout: 600s
[16-Nov-2025 09:01:37 Europe/Rome] API CSRF Check - Token received: 180b990222...
[16-Nov-2025 09:01:37 Europe/Rome] API CSRF Check - Session token: 180b990222...
[16-Nov-2025 09:01:37 Europe/Rome] Session initialized - Host: localhost:8888, Domain: , Secure: false, Timeout: 600s
[16-Nov-2025 09:01:37 Europe/Rome] API CSRF Check - Token received: 180b990222...
[16-Nov-2025 09:01:37 Europe/Rome] API CSRF Check - Session token: 180b990222...
[16-Nov-2025 09:01:37 Europe/Rome] Session initialized - Host: localhost:8888, Domain: , Secure: false, Timeout: 600s
[16-Nov-2025 09:01:37 Europe/Rome] List API - User ID: 19, Role: super_admin, Tenant: 1
[16-Nov-2025 09:01:37 Europe/Rome] API CSRF Check - Token received: 180b990222...
[16-Nov-2025 09:01:37 Europe/Rome] API CSRF Check - Session token: 180b990222...
[16-Nov-2025 09:01:37 Europe/Rome] Session initialized - Host: localhost:8888, Domain: , Secure: false, Timeout: 600s
[16-Nov-2025 09:01:37 Europe/Rome] API CSRF Check - Token received: 180b990222...
[16-Nov-2025 09:01:37 Europe/Rome] API CSRF Check - Session token: 180b990222...
[16-Nov-2025 09:01:39 Europe/Rome] Session initialized - Host: localhost:8888, Domain: , Secure: false, Timeout: 600s
[16-Nov-2025 09:01:39 Europe/Rome] Session initialized - Host: localhost:8888, Domain: , Secure: false, Timeout: 600s
[16-Nov-2025 09:01:39 Europe/Rome] Session initialized - Host: localhost:8888, Domain: , Secure: false, Timeout: 600s
[16-Nov-2025 09:01:41 Europe/Rome] Session initialized - Host: localhost:8888, Domain: , Secure: false, Timeout: 600s
[16-Nov-2025 09:01:41 Europe/Rome] API CSRF Check - Token received: 180b990222...
[16-Nov-2025 09:01:41 Europe/Rome] API CSRF Check - Session token: 180b990222...
[16-Nov-2025 09:01:41 Europe/Rome] Audit log failed: SQLSTATE[23000]: Integrity constraint violation: 4025 CONSTRAINT `chk_audit_entity` failed for `collaboranexio`.`audit_logs`
[16-Nov-2025 09:01:48 Europe/Rome] Session initialized - Host: localhost:8888, Domain: , Secure: false, Timeout: 600s
[16-Nov-2025 09:01:48 Europe/Rome] API CSRF Check - Token received: 180b990222...
[16-Nov-2025 09:01:48 Europe/Rome] API CSRF Check - Session token: 180b990222...
[16-Nov-2025 09:01:48 Europe/Rome] Audit log failed: SQLSTATE[23000]: Integrity constraint violation: 4025 CONSTRAINT `chk_audit_entity` failed for `collaboranexio`.`audit_logs`
[16-Nov-2025 09:01:59 Europe/Rome] Session initialized - Host: localhost:8888, Domain: , Secure: false, Timeout: 600s
[16-Nov-2025 09:01:59 Europe/Rome] Session initialized - Host: localhost:8888, Domain: , Secure: false, Timeout: 600s
[16-Nov-2025 09:01:59 Europe/Rome] Session initialized - Host: localhost:8888, Domain: , Secure: false, Timeout: 600s
[16-Nov-2025 09:02:08 Europe/Rome] Session initialized - Host: localhost:8888, Domain: , Secure: false, Timeout: 600s
[16-Nov-2025 09:02:08 Europe/Rome] API CSRF Check - Token received: 180b990222...
[16-Nov-2025 09:02:08 Europe/Rome] API CSRF Check - Session token: 180b990222...
[16-Nov-2025 09:02:08 Europe/Rome] Audit log failed: SQLSTATE[23000]: Integrity constraint violation: 4025 CONSTRAINT `chk_audit_entity` failed for `collaboranexio`.`audit_logs`
[16-Nov-2025 09:02:08 Europe/Rome] Session initialized - Host: localhost:8888, Domain: , Secure: false, Timeout: 600s
[16-Nov-2025 09:02:08 Europe/Rome] Session initialized - Host: localhost:8888, Domain: , Secure: false, Timeout: 600s
[16-Nov-2025 09:02:08 Europe/Rome] API CSRF Check - Token received: 180b990222...
[16-Nov-2025 09:02:08 Europe/Rome] API CSRF Check - Session token: 180b990222...
[16-Nov-2025 09:02:37 Europe/Rome] Session initialized - Host: localhost:8888, Domain: , Secure: false, Timeout: 600s
[16-Nov-2025 09:02:38 Europe/Rome] Session initialized - Host: localhost:8888, Domain: , Secure: false, Timeout: 600s
[16-Nov-2025 09:02:38 Europe/Rome] API CSRF Check - Token received: 180b990222...
[16-Nov-2025 09:02:38 Europe/Rome] API CSRF Check - Session token: 180b990222...
[16-Nov-2025 09:03:07 Europe/Rome] Session initialized - Host: localhost:8888, Domain: , Secure: false, Timeout: 600s
[16-Nov-2025 09:03:08 Europe/Rome] Session initialized - Host: localhost:8888, Domain: , Secure: false, Timeout: 600s
[16-Nov-2025 09:03:08 Europe/Rome] API CSRF Check - Token received: 180b990222...
[16-Nov-2025 09:03:08 Europe/Rome] API CSRF Check - Session token: 180b990222...
[16-Nov-2025 09:03:37 Europe/Rome] Session initialized - Host: localhost:8888, Domain: , Secure: false, Timeout: 600s
[16-Nov-2025 09:03:38 Europe/Rome] Session initialized - Host: localhost:8888, Domain: , Secure: false, Timeout: 600s
[16-Nov-2025 09:03:38 Europe/Rome] API CSRF Check - Token received: 180b990222...
[16-Nov-2025 09:03:38 Europe/Rome] API CSRF Check - Session token: 180b990222...
[16-Nov-2025 09:04:07 Europe/Rome] Session initialized - Host: localhost:8888, Domain: , Secure: false, Timeout: 600s
[16-Nov-2025 09:04:08 Europe/Rome] Session initialized - Host: localhost:8888, Domain: , Secure: false, Timeout: 600s
[16-Nov-2025 09:04:08 Europe/Rome] API CSRF Check - Token received: 180b990222...
[16-Nov-2025 09:04:08 Europe/Rome] API CSRF Check - Session token: 180b990222...
[16-Nov-2025 09:04:37 Europe/Rome] Session initialized - Host: localhost:8888, Domain: , Secure: false, Timeout: 600s
[16-Nov-2025 09:04:38 Europe/Rome] Session initialized - Host: localhost:8888, Domain: , Secure: false, Timeout: 600s
[16-Nov-2025 09:04:38 Europe/Rome] API CSRF Check - Token received: 180b990222...
[16-Nov-2025 09:04:38 Europe/Rome] API CSRF Check - Session token: 180b990222...
[16-Nov-2025 09:05:10 Europe/Rome] Session initialized - Host: localhost:8888, Domain: , Secure: false, Timeout: 600s
[16-Nov-2025 09:05:10 Europe/Rome] Session initialized - Host: localhost:8888, Domain: , Secure: false, Timeout: 600s
[16-Nov-2025 09:05:10 Europe/Rome] API CSRF Check - Token received: 180b990222...
[16-Nov-2025 09:05:10 Europe/Rome] API CSRF Check - Session token: 180b990222...
[16-Nov-2025 09:06:10 Europe/Rome] Session initialized - Host: localhost:8888, Domain: , Secure: false, Timeout: 600s
[16-Nov-2025 09:06:10 Europe/Rome] API CSRF Check - Token received: 180b990222...
[16-Nov-2025 09:06:10 Europe/Rome] API CSRF Check - Session token: 180b990222...
[16-Nov-2025 09:06:10 Europe/Rome] Session initialized - Host: localhost:8888, Domain: , Secure: false, Timeout: 600s
[16-Nov-2025 09:07:10 Europe/Rome] Session initialized - Host: localhost:8888, Domain: , Secure: false, Timeout: 600s
[16-Nov-2025 09:07:10 Europe/Rome] Session initialized - Host: localhost:8888, Domain: , Secure: false, Timeout: 600s
[16-Nov-2025 09:07:10 Europe/Rome] API CSRF Check - Token received: 180b990222...
[16-Nov-2025 09:07:10 Europe/Rome] API CSRF Check - Session token: 180b990222...
[16-Nov-2025 09:08:10 Europe/Rome] Session initialized - Host: localhost:8888, Domain: , Secure: false, Timeout: 600s
[16-Nov-2025 09:08:10 Europe/Rome] Session initialized - Host: localhost:8888, Domain: , Secure: false, Timeout: 600s
[16-Nov-2025 09:08:10 Europe/Rome] Session initialized - Host: localhost:8888, Domain: , Secure: false, Timeout: 600s
[16-Nov-2025 09:08:10 Europe/Rome] Session initialized - Host: localhost:8888, Domain: , Secure: false, Timeout: 600s
[16-Nov-2025 09:08:10 Europe/Rome] API CSRF Check - Token received: 180b990222...
[16-Nov-2025 09:08:10 Europe/Rome] API CSRF Check - Session token: 180b990222...
[16-Nov-2025 09:17:44 Europe/Rome] Session initialized - Host: localhost:8888, Domain: , Secure: false, Timeout: 600s
[16-Nov-2025 09:17:46 Europe/Rome] Session initialized - Host: localhost:8888, Domain: , Secure: false, Timeout: 600s
[16-Nov-2025 09:17:46 Europe/Rome] Session initialized - Host: localhost:8888, Domain: , Secure: false, Timeout: 600s
[16-Nov-2025 09:17:46 Europe/Rome] Session initialized - Host: localhost:8888, Domain: , Secure: false, Timeout: 600s
[16-Nov-2025 09:17:46 Europe/Rome] Session initialized - Host: localhost:8888, Domain: , Secure: false, Timeout: 600s
[16-Nov-2025 09:17:46 Europe/Rome] API CSRF Check - Token received: 180b990222...
[16-Nov-2025 09:17:46 Europe/Rome] API CSRF Check - Session token: 180b990222...
[16-Nov-2025 09:17:46 Europe/Rome] Session initialized - Host: localhost:8888, Domain: , Secure: false, Timeout: 600s
[16-Nov-2025 09:17:46 Europe/Rome] API CSRF Check - Token received: 180b990222...
[16-Nov-2025 09:17:46 Europe/Rome] API CSRF Check - Session token: 180b990222...
[16-Nov-2025 09:17:46 Europe/Rome] Session initialized - Host: localhost:8888, Domain: , Secure: false, Timeout: 600s
[16-Nov-2025 09:17:46 Europe/Rome] List API - User ID: 19, Role: super_admin, Tenant: 1
[16-Nov-2025 09:17:46 Europe/Rome] API CSRF Check - Token received: 180b990222...
[16-Nov-2025 09:17:46 Europe/Rome] API CSRF Check - Session token: 180b990222...
[16-Nov-2025 09:17:46 Europe/Rome] Session initialized - Host: localhost:8888, Domain: , Secure: false, Timeout: 600s
[16-Nov-2025 09:17:46 Europe/Rome] API CSRF Check - Token received: 180b990222...
[16-Nov-2025 09:17:46 Europe/Rome] API CSRF Check - Session token: 180b990222...
[16-Nov-2025 09:17:47 Europe/Rome] Session initialized - Host: localhost:8888, Domain: , Secure: false, Timeout: 600s
[16-Nov-2025 09:17:53 Europe/Rome] Session initialized - Host: localhost:8888, Domain: , Secure: false, Timeout: 600s
[16-Nov-2025 09:17:53 Europe/Rome] Session initialized - Host: localhost:8888, Domain: , Secure: false, Timeout: 600s
[16-Nov-2025 09:17:53 Europe/Rome] Session initialized - Host: localhost:8888, Domain: , Secure: false, Timeout: 600s
[16-Nov-2025 09:17:53 Europe/Rome] Session initialized - Host: localhost:8888, Domain: , Secure: false, Timeout: 600s
[16-Nov-2025 09:17:53 Europe/Rome] API CSRF Check - Token received: 180b990222...
[16-Nov-2025 09:17:53 Europe/Rome] API CSRF Check - Session token: 180b990222...
[16-Nov-2025 09:17:53 Europe/Rome] Session initialized - Host: localhost:8888, Domain: , Secure: false, Timeout: 600s
[16-Nov-2025 09:17:53 Europe/Rome] API CSRF Check - Token received: 180b990222...
[16-Nov-2025 09:17:53 Europe/Rome] API CSRF Check - Session token: 180b990222...
[16-Nov-2025 09:17:53 Europe/Rome] Session initialized - Host: localhost:8888, Domain: , Secure: false, Timeout: 600s
[16-Nov-2025 09:17:53 Europe/Rome] List API - User ID: 19, Role: super_admin, Tenant: 1
[16-Nov-2025 09:17:53 Europe/Rome] API CSRF Check - Token received: 180b990222...
[16-Nov-2025 09:17:53 Europe/Rome] API CSRF Check - Session token: 180b990222...
[16-Nov-2025 09:17:53 Europe/Rome] Session initialized - Host: localhost:8888, Domain: , Secure: false, Timeout: 600s
[16-Nov-2025 09:17:53 Europe/Rome] API CSRF Check - Token received: 180b990222...
[16-Nov-2025 09:17:53 Europe/Rome] API CSRF Check - Session token: 180b990222...
[16-Nov-2025 09:17:57 Europe/Rome] Session initialized - Host: localhost:8888, Domain: , Secure: false, Timeout: 600s
[16-Nov-2025 09:18:02 Europe/Rome] Session initialized - Host: localhost:8888, Domain: , Secure: false, Timeout: 600s
[16-Nov-2025 09:18:02 Europe/Rome] Session initialized - Host: localhost:8888, Domain: , Secure: false, Timeout: 600s
[16-Nov-2025 09:18:02 Europe/Rome] Session initialized - Host: localhost:8888, Domain: , Secure: false, Timeout: 600s
[16-Nov-2025 09:18:07 Europe/Rome] Session initialized - Host: localhost:8888, Domain: , Secure: false, Timeout: 600s
[16-Nov-2025 09:18:07 Europe/Rome] API CSRF Check - Token received: 180b990222...
[16-Nov-2025 09:18:07 Europe/Rome] API CSRF Check - Session token: 180b990222...
[16-Nov-2025 09:18:10 Europe/Rome] Session initialized - Host: localhost:8888, Domain: , Secure: false, Timeout: 600s
[16-Nov-2025 09:18:10 Europe/Rome] Session initialized - Host: localhost:8888, Domain: , Secure: false, Timeout: 600s
[16-Nov-2025 09:18:10 Europe/Rome] Session initialized - Host: localhost:8888, Domain: , Secure: false, Timeout: 600s
[16-Nov-2025 09:18:10 Europe/Rome] Session initialized - Host: localhost:8888, Domain: , Secure: false, Timeout: 600s
[16-Nov-2025 09:18:10 Europe/Rome] API CSRF Check - Token received: 180b990222...
[16-Nov-2025 09:18:10 Europe/Rome] API CSRF Check - Session token: 180b990222...
[16-Nov-2025 09:18:10 Europe/Rome] Session initialized - Host: localhost:8888, Domain: , Secure: false, Timeout: 600s
[16-Nov-2025 09:18:10 Europe/Rome] API CSRF Check - Token received: 180b990222...
[16-Nov-2025 09:18:10 Europe/Rome] API CSRF Check - Session token: 180b990222...
[16-Nov-2025 09:18:10 Europe/Rome] Session initialized - Host: localhost:8888, Domain: , Secure: false, Timeout: 600s
[16-Nov-2025 09:18:10 Europe/Rome] List API - User ID: 19, Role: super_admin, Tenant: 1
[16-Nov-2025 09:18:10 Europe/Rome] API CSRF Check - Token received: 180b990222...
[16-Nov-2025 09:18:10 Europe/Rome] API CSRF Check - Session token: 180b990222...
[16-Nov-2025 09:18:10 Europe/Rome] Session initialized - Host: localhost:8888, Domain: , Secure: false, Timeout: 600s
[16-Nov-2025 09:18:10 Europe/Rome] API CSRF Check - Token received: 180b990222...
[16-Nov-2025 09:18:10 Europe/Rome] API CSRF Check - Session token: 180b990222...
[16-Nov-2025 09:18:11 Europe/Rome] Session initialized - Host: localhost:8888, Domain: , Secure: false, Timeout: 600s
[16-Nov-2025 09:18:37 Europe/Rome] Session initialized - Host: localhost:8888, Domain: , Secure: false, Timeout: 600s
[16-Nov-2025 09:32:50 Europe/Rome] Session initialized - Host: localhost, Domain: , Secure: false, Timeout: 600s
[16-Nov-2025 09:35:50 Europe/Rome] Session initialized - Host: localhost:8888, Domain: , Secure: false, Timeout: 600s
[16-Nov-2025 09:35:50 Europe/Rome] Session initialized - Host: localhost:8888, Domain: , Secure: false, Timeout: 600s
[16-Nov-2025 09:35:50 Europe/Rome] Session initialized - Host: localhost:8888, Domain: , Secure: false, Timeout: 600s
[16-Nov-2025 09:44:43 Europe/Rome] Session initialized - Host: localhost, Domain: , Secure: false, Timeout: 600s
[16-Nov-2025 09:46:04 Europe/Rome] PHP Warning:  Trying to access array offset on value of type bool in Command line code on line 41
[16-Nov-2025 09:46:04 Europe/Rome] PHP Warning:  Trying to access array offset on value of type bool in Command line code on line 89
[16-Nov-2025 09:46:04 Europe/Rome] PHP Warning:  Trying to access array offset on value of type bool in Command line code on line 153
[16-Nov-2025 09:46:04 Europe/Rome] PHP Warning:  Trying to access array offset on value of type bool in Command line code on line 159
[16-Nov-2025 13:37:14 Europe/Rome] Session initialized - Host: localhost:8888, Domain: , Secure: false, Timeout: 600s
[16-Nov-2025 13:37:15 Europe/Rome] Session initialized - Host: localhost:8888, Domain: , Secure: false, Timeout: 600s
[16-Nov-2025 13:37:16 Europe/Rome] Session initialized - Host: localhost:8888, Domain: , Secure: false, Timeout: 600s
[16-Nov-2025 13:37:17 Europe/Rome] Session initialized - Host: localhost:8888, Domain: , Secure: false, Timeout: 600s
[16-Nov-2025 13:37:17 Europe/Rome] Session initialized - Host: localhost:8888, Domain: , Secure: false, Timeout: 600s
[16-Nov-2025 13:37:17 Europe/Rome] Session initialized - Host: localhost:8888, Domain: , Secure: false, Timeout: 600s
[16-Nov-2025 13:38:17 Europe/Rome] Session initialized - Host: localhost:8888, Domain: , Secure: false, Timeout: 600s
[16-Nov-2025 13:38:17 Europe/Rome] Session initialized - Host: localhost:8888, Domain: , Secure: false, Timeout: 600s
[16-Nov-2025 13:38:17 Europe/Rome] Session initialized - Host: localhost:8888, Domain: , Secure: false, Timeout: 600s
[16-Nov-2025 13:39:17 Europe/Rome] Session initialized - Host: localhost:8888, Domain: , Secure: false, Timeout: 600s
[16-Nov-2025 13:39:17 Europe/Rome] Session initialized - Host: localhost:8888, Domain: , Secure: false, Timeout: 600s
[16-Nov-2025 13:39:17 Europe/Rome] Session initialized - Host: localhost:8888, Domain: , Secure: false, Timeout: 600s
[16-Nov-2025 13:40:17 Europe/Rome] Session initialized - Host: localhost:8888, Domain: , Secure: false, Timeout: 600s
[16-Nov-2025 13:40:17 Europe/Rome] Session initialized - Host: localhost:8888, Domain: , Secure: false, Timeout: 600s
[16-Nov-2025 13:40:17 Europe/Rome] Session initialized - Host: localhost:8888, Domain: , Secure: false, Timeout: 600s
[16-Nov-2025 13:41:17 Europe/Rome] Session initialized - Host: localhost:8888, Domain: , Secure: false, Timeout: 600s
[16-Nov-2025 13:41:17 Europe/Rome] Session initialized - Host: localhost:8888, Domain: , Secure: false, Timeout: 600s
[16-Nov-2025 13:41:17 Europe/Rome] Session initialized - Host: localhost:8888, Domain: , Secure: false, Timeout: 600s
[16-Nov-2025 13:41:32 Europe/Rome] Session initialized - Host: localhost:8888, Domain: , Secure: false, Timeout: 600s
[16-Nov-2025 13:41:32 Europe/Rome] Session initialized - Host: localhost:8888, Domain: , Secure: false, Timeout: 600s
[16-Nov-2025 13:41:32 Europe/Rome] Session initialized - Host: localhost:8888, Domain: , Secure: false, Timeout: 600s
[16-Nov-2025 13:41:33 Europe/Rome] Session initialized - Host: localhost:8888, Domain: , Secure: false, Timeout: 600s
[16-Nov-2025 13:41:33 Europe/Rome] Session initialized - Host: localhost:8888, Domain: , Secure: false, Timeout: 600s
[16-Nov-2025 13:41:33 Europe/Rome] Session initialized - Host: localhost:8888, Domain: , Secure: false, Timeout: 600s
[16-Nov-2025 13:41:33 Europe/Rome] Session initialized - Host: localhost:8888, Domain: , Secure: false, Timeout: 600s
[16-Nov-2025 13:41:33 Europe/Rome] Session initialized - Host: localhost:8888, Domain: , Secure: false, Timeout: 600s
[16-Nov-2025 13:41:39 Europe/Rome] Session initialized - Host: localhost:8888, Domain: , Secure: false, Timeout: 600s
[16-Nov-2025 13:41:39 Europe/Rome] Session initialized - Host: localhost:8888, Domain: , Secure: false, Timeout: 600s
[16-Nov-2025 13:41:39 Europe/Rome] API CSRF Check - Token received: 6ef1f6b5ad...
[16-Nov-2025 13:41:39 Europe/Rome] API CSRF Check - Session token: 6ef1f6b5ad...
[16-Nov-2025 13:41:39 Europe/Rome] Session initialized - Host: localhost:8888, Domain: , Secure: false, Timeout: 600s
[16-Nov-2025 13:41:39 Europe/Rome] Session initialized - Host: localhost:8888, Domain: , Secure: false, Timeout: 600s
[16-Nov-2025 13:41:47 Europe/Rome] Session initialized - Host: localhost:8888, Domain: , Secure: false, Timeout: 600s
[16-Nov-2025 13:41:47 Europe/Rome] Session initialized - Host: localhost:8888, Domain: , Secure: false, Timeout: 600s
[16-Nov-2025 13:41:47 Europe/Rome] Session initialized - Host: localhost:8888, Domain: , Secure: false, Timeout: 600s
[16-Nov-2025 13:41:48 Europe/Rome] Session initialized - Host: localhost:8888, Domain: , Secure: false, Timeout: 600s
[16-Nov-2025 13:41:52 Europe/Rome] Session initialized - Host: localhost:8888, Domain: , Secure: false, Timeout: 600s
[16-Nov-2025 13:41:53 Europe/Rome] Session initialized - Host: localhost:8888, Domain: , Secure: false, Timeout: 600s
[16-Nov-2025 13:41:53 Europe/Rome] Session initialized - Host: localhost:8888, Domain: , Secure: false, Timeout: 600s
[16-Nov-2025 13:41:53 Europe/Rome] Session initialized - Host: localhost:8888, Domain: , Secure: false, Timeout: 600s
[16-Nov-2025 13:41:54 Europe/Rome] Session initialized - Host: localhost:8888, Domain: , Secure: false, Timeout: 600s
[16-Nov-2025 13:41:54 Europe/Rome] Session initialized - Host: localhost:8888, Domain: , Secure: false, Timeout: 600s
[16-Nov-2025 13:41:54 Europe/Rome] Session initialized - Host: localhost:8888, Domain: , Secure: false, Timeout: 600s
[16-Nov-2025 13:41:54 Europe/Rome] Session initialized - Host: localhost:8888, Domain: , Secure: false, Timeout: 600s
[16-Nov-2025 13:41:56 Europe/Rome] Session initialized - Host: localhost:8888, Domain: , Secure: false, Timeout: 600s
[16-Nov-2025 13:41:56 Europe/Rome] Session initialized - Host: localhost:8888, Domain: , Secure: false, Timeout: 600s
[16-Nov-2025 13:41:56 Europe/Rome] Session initialized - Host: localhost:8888, Domain: , Secure: false, Timeout: 600s
[16-Nov-2025 13:41:56 Europe/Rome] Session initialized - Host: localhost:8888, Domain: , Secure: false, Timeout: 600s
[16-Nov-2025 13:41:59 Europe/Rome] Session initialized - Host: localhost:8888, Domain: , Secure: false, Timeout: 600s
[16-Nov-2025 13:41:59 Europe/Rome] Session initialized - Host: localhost:8888, Domain: , Secure: false, Timeout: 600s
[16-Nov-2025 13:41:59 Europe/Rome] Session initialized - Host: localhost:8888, Domain: , Secure: false, Timeout: 600s
[16-Nov-2025 13:41:59 Europe/Rome] Session initialized - Host: localhost:8888, Domain: , Secure: false, Timeout: 600s
[16-Nov-2025 13:42:00 Europe/Rome] Session initialized - Host: localhost:8888, Domain: , Secure: false, Timeout: 600s
[16-Nov-2025 13:42:00 Europe/Rome] Session initialized - Host: localhost:8888, Domain: , Secure: false, Timeout: 600s
[16-Nov-2025 13:42:00 Europe/Rome] Session initialized - Host: localhost:8888, Domain: , Secure: false, Timeout: 600s
[16-Nov-2025 13:42:00 Europe/Rome] Session initialized - Host: localhost:8888, Domain: , Secure: false, Timeout: 600s
[16-Nov-2025 13:42:03 Europe/Rome] Session initialized - Host: localhost:8888, Domain: , Secure: false, Timeout: 600s
[16-Nov-2025 13:42:03 Europe/Rome] Session initialized - Host: localhost:8888, Domain: , Secure: false, Timeout: 600s
[16-Nov-2025 13:42:03 Europe/Rome] Session initialized - Host: localhost:8888, Domain: , Secure: false, Timeout: 600s
[16-Nov-2025 13:42:03 Europe/Rome] Session initialized - Host: localhost:8888, Domain: , Secure: false, Timeout: 600s
[16-Nov-2025 13:43:03 Europe/Rome] Session initialized - Host: localhost:8888, Domain: , Secure: false, Timeout: 600s
[16-Nov-2025 13:43:03 Europe/Rome] Session initialized - Host: localhost:8888, Domain: , Secure: false, Timeout: 600s
[16-Nov-2025 13:43:03 Europe/Rome] Session initialized - Host: localhost:8888, Domain: , Secure: false, Timeout: 600s
[16-Nov-2025 13:44:03 Europe/Rome] Session initialized - Host: localhost:8888, Domain: , Secure: false, Timeout: 600s
[16-Nov-2025 13:44:03 Europe/Rome] Session initialized - Host: localhost:8888, Domain: , Secure: false, Timeout: 600s
[16-Nov-2025 13:44:03 Europe/Rome] Session initialized - Host: localhost:8888, Domain: , Secure: false, Timeout: 600s
[16-Nov-2025 13:45:03 Europe/Rome] Session initialized - Host: localhost:8888, Domain: , Secure: false, Timeout: 600s
[16-Nov-2025 13:45:03 Europe/Rome] Session initialized - Host: localhost:8888, Domain: , Secure: false, Timeout: 600s
[16-Nov-2025 13:45:03 Europe/Rome] Session initialized - Host: localhost:8888, Domain: , Secure: false, Timeout: 600s
[16-Nov-2025 13:46:03 Europe/Rome] Session initialized - Host: localhost:8888, Domain: , Secure: false, Timeout: 600s
[16-Nov-2025 13:46:03 Europe/Rome] Session initialized - Host: localhost:8888, Domain: , Secure: false, Timeout: 600s
[16-Nov-2025 13:46:03 Europe/Rome] Session initialized - Host: localhost:8888, Domain: , Secure: false, Timeout: 600s
[16-Nov-2025 13:47:03 Europe/Rome] Session initialized - Host: localhost:8888, Domain: , Secure: false, Timeout: 600s
[16-Nov-2025 13:47:03 Europe/Rome] Session initialized - Host: localhost:8888, Domain: , Secure: false, Timeout: 600s
[16-Nov-2025 13:47:03 Europe/Rome] Session initialized - Host: localhost:8888, Domain: , Secure: false, Timeout: 600s
[16-Nov-2025 13:48:03 Europe/Rome] Session initialized - Host: localhost:8888, Domain: , Secure: false, Timeout: 600s
[16-Nov-2025 13:48:03 Europe/Rome] Session initialized - Host: localhost:8888, Domain: , Secure: false, Timeout: 600s
[16-Nov-2025 13:48:03 Europe/Rome] Session initialized - Host: localhost:8888, Domain: , Secure: false, Timeout: 600s
[16-Nov-2025 13:49:10 Europe/Rome] Session initialized - Host: localhost:8888, Domain: , Secure: false, Timeout: 600s
[16-Nov-2025 13:49:10 Europe/Rome] Session initialized - Host: localhost:8888, Domain: , Secure: false, Timeout: 600s
[16-Nov-2025 13:49:10 Europe/Rome] Session initialized - Host: localhost:8888, Domain: , Secure: false, Timeout: 600s
[16-Nov-2025 13:50:10 Europe/Rome] Session initialized - Host: localhost:8888, Domain: , Secure: false, Timeout: 600s
[16-Nov-2025 13:50:10 Europe/Rome] Session initialized - Host: localhost:8888, Domain: , Secure: false, Timeout: 600s
[16-Nov-2025 13:50:10 Europe/Rome] Session initialized - Host: localhost:8888, Domain: , Secure: false, Timeout: 600s
[16-Nov-2025 13:51:10 Europe/Rome] Session initialized - Host: localhost:8888, Domain: , Secure: false, Timeout: 600s
[16-Nov-2025 13:51:10 Europe/Rome] Session initialized - Host: localhost:8888, Domain: , Secure: false, Timeout: 600s
[16-Nov-2025 13:51:10 Europe/Rome] Session initialized - Host: localhost:8888, Domain: , Secure: false, Timeout: 600s
[16-Nov-2025 13:52:10 Europe/Rome] Session initialized - Host: localhost:8888, Domain: , Secure: false, Timeout: 600s
[16-Nov-2025 13:52:10 Europe/Rome] Session initialized - Host: localhost:8888, Domain: , Secure: false, Timeout: 600s
[16-Nov-2025 13:52:10 Europe/Rome] Session initialized - Host: localhost:8888, Domain: , Secure: false, Timeout: 600s
[16-Nov-2025 13:53:10 Europe/Rome] Session initialized - Host: localhost:8888, Domain: , Secure: false, Timeout: 600s
[16-Nov-2025 13:53:10 Europe/Rome] Session initialized - Host: localhost:8888, Domain: , Secure: false, Timeout: 600s
[16-Nov-2025 13:53:10 Europe/Rome] Session initialized - Host: localhost:8888, Domain: , Secure: false, Timeout: 600s
[16-Nov-2025 13:54:10 Europe/Rome] Session initialized - Host: localhost:8888, Domain: , Secure: false, Timeout: 600s
[16-Nov-2025 13:54:10 Europe/Rome] Session initialized - Host: localhost:8888, Domain: , Secure: false, Timeout: 600s
[16-Nov-2025 13:54:10 Europe/Rome] Session initialized - Host: localhost:8888, Domain: , Secure: false, Timeout: 600s
[16-Nov-2025 13:55:10 Europe/Rome] Session initialized - Host: localhost:8888, Domain: , Secure: false, Timeout: 600s
[16-Nov-2025 13:55:10 Europe/Rome] Session initialized - Host: localhost:8888, Domain: , Secure: false, Timeout: 600s
[16-Nov-2025 13:55:10 Europe/Rome] Session initialized - Host: localhost:8888, Domain: , Secure: false, Timeout: 600s
[16-Nov-2025 13:56:10 Europe/Rome] Session initialized - Host: localhost:8888, Domain: , Secure: false, Timeout: 600s
[16-Nov-2025 13:56:10 Europe/Rome] Session initialized - Host: localhost:8888, Domain: , Secure: false, Timeout: 600s
[16-Nov-2025 13:56:10 Europe/Rome] Session initialized - Host: localhost:8888, Domain: , Secure: false, Timeout: 600s
[16-Nov-2025 13:57:10 Europe/Rome] Session initialized - Host: localhost:8888, Domain: , Secure: false, Timeout: 600s
[16-Nov-2025 13:57:10 Europe/Rome] Session initialized - Host: localhost:8888, Domain: , Secure: false, Timeout: 600s
[16-Nov-2025 13:57:10 Europe/Rome] Session initialized - Host: localhost:8888, Domain: , Secure: false, Timeout: 600s
[16-Nov-2025 13:58:10 Europe/Rome] Session initialized - Host: localhost:8888, Domain: , Secure: false, Timeout: 600s
[16-Nov-2025 13:58:10 Europe/Rome] Session initialized - Host: localhost:8888, Domain: , Secure: false, Timeout: 600s
[16-Nov-2025 13:58:10 Europe/Rome] Session initialized - Host: localhost:8888, Domain: , Secure: false, Timeout: 600s
[16-Nov-2025 13:59:10 Europe/Rome] Session initialized - Host: localhost:8888, Domain: , Secure: false, Timeout: 600s
[16-Nov-2025 13:59:10 Europe/Rome] Session initialized - Host: localhost:8888, Domain: , Secure: false, Timeout: 600s
[16-Nov-2025 13:59:10 Europe/Rome] Session initialized - Host: localhost:8888, Domain: , Secure: false, Timeout: 600s
[16-Nov-2025 14:00:10 Europe/Rome] Session initialized - Host: localhost:8888, Domain: , Secure: false, Timeout: 600s
[16-Nov-2025 14:00:10 Europe/Rome] Session initialized - Host: localhost:8888, Domain: , Secure: false, Timeout: 600s
[16-Nov-2025 14:00:10 Europe/Rome] Session initialized - Host: localhost:8888, Domain: , Secure: false, Timeout: 600s
[16-Nov-2025 14:01:10 Europe/Rome] Session initialized - Host: localhost:8888, Domain: , Secure: false, Timeout: 600s
[16-Nov-2025 14:01:10 Europe/Rome] Session initialized - Host: localhost:8888, Domain: , Secure: false, Timeout: 600s
[16-Nov-2025 14:01:10 Europe/Rome] Session initialized - Host: localhost:8888, Domain: , Secure: false, Timeout: 600s
[16-Nov-2025 14:02:10 Europe/Rome] Session initialized - Host: localhost:8888, Domain: , Secure: false, Timeout: 600s
[16-Nov-2025 14:02:10 Europe/Rome] Session initialized - Host: localhost:8888, Domain: , Secure: false, Timeout: 600s
[16-Nov-2025 14:02:10 Europe/Rome] Session initialized - Host: localhost:8888, Domain: , Secure: false, Timeout: 600s
[16-Nov-2025 14:03:10 Europe/Rome] Session initialized - Host: localhost:8888, Domain: , Secure: false, Timeout: 600s
[16-Nov-2025 14:03:10 Europe/Rome] Session initialized - Host: localhost:8888, Domain: , Secure: false, Timeout: 600s
[16-Nov-2025 14:03:10 Europe/Rome] Session initialized - Host: localhost:8888, Domain: , Secure: false, Timeout: 600s
[16-Nov-2025 14:04:10 Europe/Rome] Session initialized - Host: localhost:8888, Domain: , Secure: false, Timeout: 600s
[16-Nov-2025 14:04:10 Europe/Rome] Session initialized - Host: localhost:8888, Domain: , Secure: false, Timeout: 600s
[16-Nov-2025 14:04:10 Europe/Rome] Session initialized - Host: localhost:8888, Domain: , Secure: false, Timeout: 600s
[16-Nov-2025 14:05:10 Europe/Rome] Session initialized - Host: localhost:8888, Domain: , Secure: false, Timeout: 600s
[16-Nov-2025 14:05:10 Europe/Rome] Session initialized - Host: localhost:8888, Domain: , Secure: false, Timeout: 600s
[16-Nov-2025 14:05:10 Europe/Rome] Session initialized - Host: localhost:8888, Domain: , Secure: false, Timeout: 600s
[16-Nov-2025 14:06:08 Europe/Rome] Session initialized - Host: localhost, Domain: , Secure: false, Timeout: 600s
[16-Nov-2025 14:06:08 Europe/Rome] Session initialized - Host: localhost:8888, Domain: , Secure: false, Timeout: 600s
[16-Nov-2025 14:06:08 Europe/Rome] Session initialized - Host: localhost:8888, Domain: , Secure: false, Timeout: 600s
[16-Nov-2025 14:06:08 Europe/Rome] Session initialized - Host: localhost:8888, Domain: , Secure: false, Timeout: 600s
[16-Nov-2025 14:06:10 Europe/Rome] Session initialized - Host: localhost:8888, Domain: , Secure: false, Timeout: 600s
[16-Nov-2025 14:06:10 Europe/Rome] Session initialized - Host: localhost:8888, Domain: , Secure: false, Timeout: 600s
[16-Nov-2025 14:06:10 Europe/Rome] Session initialized - Host: localhost:8888, Domain: , Secure: false, Timeout: 600s
[16-Nov-2025 14:07:10 Europe/Rome] Session initialized - Host: localhost:8888, Domain: , Secure: false, Timeout: 600s
[16-Nov-2025 14:07:10 Europe/Rome] Session initialized - Host: localhost:8888, Domain: , Secure: false, Timeout: 600s
[16-Nov-2025 14:07:10 Europe/Rome] Session initialized - Host: localhost:8888, Domain: , Secure: false, Timeout: 600s
[16-Nov-2025 14:08:10 Europe/Rome] Session initialized - Host: localhost:8888, Domain: , Secure: false, Timeout: 600s
[16-Nov-2025 14:08:10 Europe/Rome] Session initialized - Host: localhost:8888, Domain: , Secure: false, Timeout: 600s
[16-Nov-2025 14:08:10 Europe/Rome] Session initialized - Host: localhost:8888, Domain: , Secure: false, Timeout: 600s
[16-Nov-2025 14:09:10 Europe/Rome] Session initialized - Host: localhost:8888, Domain: , Secure: false, Timeout: 600s
[16-Nov-2025 14:09:10 Europe/Rome] Session initialized - Host: localhost:8888, Domain: , Secure: false, Timeout: 600s
[16-Nov-2025 14:09:10 Europe/Rome] Session initialized - Host: localhost:8888, Domain: , Secure: false, Timeout: 600s
[16-Nov-2025 14:10:10 Europe/Rome] Session initialized - Host: localhost:8888, Domain: , Secure: false, Timeout: 600s
[16-Nov-2025 14:10:10 Europe/Rome] Session initialized - Host: localhost:8888, Domain: , Secure: false, Timeout: 600s
[16-Nov-2025 14:10:10 Europe/Rome] Session initialized - Host: localhost:8888, Domain: , Secure: false, Timeout: 600s
[16-Nov-2025 14:11:10 Europe/Rome] Session initialized - Host: localhost:8888, Domain: , Secure: false, Timeout: 600s
[16-Nov-2025 14:11:10 Europe/Rome] Session initialized - Host: localhost:8888, Domain: , Secure: false, Timeout: 600s
[16-Nov-2025 14:11:10 Europe/Rome] Session initialized - Host: localhost:8888, Domain: , Secure: false, Timeout: 600s
[16-Nov-2025 14:12:10 Europe/Rome] Session initialized - Host: localhost:8888, Domain: , Secure: false, Timeout: 600s
[16-Nov-2025 14:12:10 Europe/Rome] Session initialized - Host: localhost:8888, Domain: , Secure: false, Timeout: 600s
[16-Nov-2025 14:12:10 Europe/Rome] Session initialized - Host: localhost:8888, Domain: , Secure: false, Timeout: 600s
[16-Nov-2025 14:13:10 Europe/Rome] Session initialized - Host: localhost:8888, Domain: , Secure: false, Timeout: 600s
[16-Nov-2025 14:13:10 Europe/Rome] Session initialized - Host: localhost:8888, Domain: , Secure: false, Timeout: 600s
[16-Nov-2025 14:13:10 Europe/Rome] Session initialized - Host: localhost:8888, Domain: , Secure: false, Timeout: 600s
[16-Nov-2025 14:14:10 Europe/Rome] Session initialized - Host: localhost:8888, Domain: , Secure: false, Timeout: 600s
[16-Nov-2025 14:14:10 Europe/Rome] Session initialized - Host: localhost:8888, Domain: , Secure: false, Timeout: 600s
[16-Nov-2025 14:14:10 Europe/Rome] Session initialized - Host: localhost:8888, Domain: , Secure: false, Timeout: 600s
[16-Nov-2025 14:15:10 Europe/Rome] Session initialized - Host: localhost:8888, Domain: , Secure: false, Timeout: 600s
[16-Nov-2025 14:15:10 Europe/Rome] Session initialized - Host: localhost:8888, Domain: , Secure: false, Timeout: 600s
[16-Nov-2025 14:15:10 Europe/Rome] Session initialized - Host: localhost:8888, Domain: , Secure: false, Timeout: 600s
[16-Nov-2025 14:16:10 Europe/Rome] Session initialized - Host: localhost:8888, Domain: , Secure: false, Timeout: 600s
[16-Nov-2025 14:16:10 Europe/Rome] Session initialized - Host: localhost:8888, Domain: , Secure: false, Timeout: 600s
[16-Nov-2025 14:16:10 Europe/Rome] Session initialized - Host: localhost:8888, Domain: , Secure: false, Timeout: 600s
[16-Nov-2025 14:17:10 Europe/Rome] Session initialized - Host: localhost:8888, Domain: , Secure: false, Timeout: 600s
[16-Nov-2025 14:17:10 Europe/Rome] Session initialized - Host: localhost:8888, Domain: , Secure: false, Timeout: 600s
[16-Nov-2025 14:17:10 Europe/Rome] Session initialized - Host: localhost:8888, Domain: , Secure: false, Timeout: 600s
[16-Nov-2025 14:18:10 Europe/Rome] Session initialized - Host: localhost:8888, Domain: , Secure: false, Timeout: 600s
[16-Nov-2025 14:18:10 Europe/Rome] Session initialized - Host: localhost:8888, Domain: , Secure: false, Timeout: 600s
[16-Nov-2025 14:18:10 Europe/Rome] Session initialized - Host: localhost:8888, Domain: , Secure: false, Timeout: 600s
[16-Nov-2025 14:19:10 Europe/Rome] Session initialized - Host: localhost:8888, Domain: , Secure: false, Timeout: 600s
[16-Nov-2025 14:19:10 Europe/Rome] Session initialized - Host: localhost:8888, Domain: , Secure: false, Timeout: 600s
[16-Nov-2025 14:19:10 Europe/Rome] Session initialized - Host: localhost:8888, Domain: , Secure: false, Timeout: 600s
[16-Nov-2025 14:20:10 Europe/Rome] Session initialized - Host: localhost:8888, Domain: , Secure: false, Timeout: 600s
[16-Nov-2025 14:20:10 Europe/Rome] Session initialized - Host: localhost:8888, Domain: , Secure: false, Timeout: 600s
[16-Nov-2025 14:20:10 Europe/Rome] Session initialized - Host: localhost:8888, Domain: , Secure: false, Timeout: 600s
[16-Nov-2025 14:21:10 Europe/Rome] Session initialized - Host: localhost:8888, Domain: , Secure: false, Timeout: 600s
[16-Nov-2025 14:21:10 Europe/Rome] Session initialized - Host: localhost:8888, Domain: , Secure: false, Timeout: 600s
[16-Nov-2025 14:21:10 Europe/Rome] Session initialized - Host: localhost:8888, Domain: , Secure: false, Timeout: 600s
[16-Nov-2025 14:22:10 Europe/Rome] Session initialized - Host: localhost:8888, Domain: , Secure: false, Timeout: 600s
[16-Nov-2025 14:22:10 Europe/Rome] Session initialized - Host: localhost:8888, Domain: , Secure: false, Timeout: 600s
[16-Nov-2025 14:22:10 Europe/Rome] Session initialized - Host: localhost:8888, Domain: , Secure: false, Timeout: 600s
[16-Nov-2025 14:23:10 Europe/Rome] Session initialized - Host: localhost:8888, Domain: , Secure: false, Timeout: 600s
[16-Nov-2025 14:23:10 Europe/Rome] Session initialized - Host: localhost:8888, Domain: , Secure: false, Timeout: 600s
[16-Nov-2025 14:23:10 Europe/Rome] Session initialized - Host: localhost:8888, Domain: , Secure: false, Timeout: 600s
[16-Nov-2025 14:24:10 Europe/Rome] Session initialized - Host: localhost:8888, Domain: , Secure: false, Timeout: 600s
[16-Nov-2025 14:24:10 Europe/Rome] Session initialized - Host: localhost:8888, Domain: , Secure: false, Timeout: 600s
[16-Nov-2025 14:24:10 Europe/Rome] Session initialized - Host: localhost:8888, Domain: , Secure: false, Timeout: 600s
[16-Nov-2025 14:25:10 Europe/Rome] Session initialized - Host: localhost:8888, Domain: , Secure: false, Timeout: 600s
[16-Nov-2025 14:25:10 Europe/Rome] Session initialized - Host: localhost:8888, Domain: , Secure: false, Timeout: 600s
[16-Nov-2025 14:25:10 Europe/Rome] Session initialized - Host: localhost:8888, Domain: , Secure: false, Timeout: 600s
[16-Nov-2025 14:26:10 Europe/Rome] Session initialized - Host: localhost:8888, Domain: , Secure: false, Timeout: 600s
[16-Nov-2025 14:26:10 Europe/Rome] Session initialized - Host: localhost:8888, Domain: , Secure: false, Timeout: 600s
[16-Nov-2025 14:26:10 Europe/Rome] Session initialized - Host: localhost:8888, Domain: , Secure: false, Timeout: 600s
[16-Nov-2025 14:27:10 Europe/Rome] Session initialized - Host: localhost:8888, Domain: , Secure: false, Timeout: 600s
[16-Nov-2025 14:27:10 Europe/Rome] Session initialized - Host: localhost:8888, Domain: , Secure: false, Timeout: 600s
[16-Nov-2025 14:27:10 Europe/Rome] Session initialized - Host: localhost:8888, Domain: , Secure: false, Timeout: 600s
[16-Nov-2025 14:28:10 Europe/Rome] Session initialized - Host: localhost:8888, Domain: , Secure: false, Timeout: 600s
[16-Nov-2025 14:28:10 Europe/Rome] Session initialized - Host: localhost:8888, Domain: , Secure: false, Timeout: 600s
[16-Nov-2025 14:28:10 Europe/Rome] Session initialized - Host: localhost:8888, Domain: , Secure: false, Timeout: 600s
[16-Nov-2025 14:29:10 Europe/Rome] Session initialized - Host: localhost:8888, Domain: , Secure: false, Timeout: 600s
[16-Nov-2025 14:29:10 Europe/Rome] Session initialized - Host: localhost:8888, Domain: , Secure: false, Timeout: 600s
[16-Nov-2025 14:29:10 Europe/Rome] Session initialized - Host: localhost:8888, Domain: , Secure: false, Timeout: 600s
[16-Nov-2025 14:30:10 Europe/Rome] Session initialized - Host: localhost:8888, Domain: , Secure: false, Timeout: 600s
[16-Nov-2025 14:30:10 Europe/Rome] Session initialized - Host: localhost:8888, Domain: , Secure: false, Timeout: 600s
[16-Nov-2025 14:30:10 Europe/Rome] Session initialized - Host: localhost:8888, Domain: , Secure: false, Timeout: 600s
[16-Nov-2025 14:31:10 Europe/Rome] Session initialized - Host: localhost:8888, Domain: , Secure: false, Timeout: 600s
[16-Nov-2025 14:31:10 Europe/Rome] Session initialized - Host: localhost:8888, Domain: , Secure: false, Timeout: 600s
[16-Nov-2025 14:31:10 Europe/Rome] Session initialized - Host: localhost:8888, Domain: , Secure: false, Timeout: 600s
[16-Nov-2025 14:32:10 Europe/Rome] Session initialized - Host: localhost:8888, Domain: , Secure: false, Timeout: 600s
[16-Nov-2025 14:32:10 Europe/Rome] Session initialized - Host: localhost:8888, Domain: , Secure: false, Timeout: 600s
[16-Nov-2025 14:32:10 Europe/Rome] Session initialized - Host: localhost:8888, Domain: , Secure: false, Timeout: 600s
[16-Nov-2025 14:33:10 Europe/Rome] Session initialized - Host: localhost:8888, Domain: , Secure: false, Timeout: 600s
[16-Nov-2025 14:33:10 Europe/Rome] Session initialized - Host: localhost:8888, Domain: , Secure: false, Timeout: 600s
[16-Nov-2025 14:33:10 Europe/Rome] Session initialized - Host: localhost:8888, Domain: , Secure: false, Timeout: 600s
[16-Nov-2025 14:34:10 Europe/Rome] Session initialized - Host: localhost:8888, Domain: , Secure: false, Timeout: 600s
[16-Nov-2025 14:34:10 Europe/Rome] Session initialized - Host: localhost:8888, Domain: , Secure: false, Timeout: 600s
[16-Nov-2025 14:34:10 Europe/Rome] Session initialized - Host: localhost:8888, Domain: , Secure: false, Timeout: 600s
[16-Nov-2025 14:35:10 Europe/Rome] Session initialized - Host: localhost:8888, Domain: , Secure: false, Timeout: 600s
[16-Nov-2025 14:35:10 Europe/Rome] Session initialized - Host: localhost:8888, Domain: , Secure: false, Timeout: 600s
[16-Nov-2025 14:35:10 Europe/Rome] Session initialized - Host: localhost:8888, Domain: , Secure: false, Timeout: 600s
[16-Nov-2025 14:36:10 Europe/Rome] Session initialized - Host: localhost:8888, Domain: , Secure: false, Timeout: 600s
[16-Nov-2025 14:36:10 Europe/Rome] Session initialized - Host: localhost:8888, Domain: , Secure: false, Timeout: 600s
[16-Nov-2025 14:36:10 Europe/Rome] Session initialized - Host: localhost:8888, Domain: , Secure: false, Timeout: 600s
[16-Nov-2025 14:37:10 Europe/Rome] Session initialized - Host: localhost:8888, Domain: , Secure: false, Timeout: 600s
[16-Nov-2025 14:37:10 Europe/Rome] Session initialized - Host: localhost:8888, Domain: , Secure: false, Timeout: 600s
[16-Nov-2025 14:37:10 Europe/Rome] Session initialized - Host: localhost:8888, Domain: , Secure: false, Timeout: 600s
[16-Nov-2025 14:38:10 Europe/Rome] Session initialized - Host: localhost:8888, Domain: , Secure: false, Timeout: 600s
[16-Nov-2025 14:38:10 Europe/Rome] Session initialized - Host: localhost:8888, Domain: , Secure: false, Timeout: 600s
[16-Nov-2025 14:38:10 Europe/Rome] Session initialized - Host: localhost:8888, Domain: , Secure: false, Timeout: 600s
[16-Nov-2025 14:39:10 Europe/Rome] Session initialized - Host: localhost:8888, Domain: , Secure: false, Timeout: 600s
[16-Nov-2025 14:39:10 Europe/Rome] Session initialized - Host: localhost:8888, Domain: , Secure: false, Timeout: 600s
[16-Nov-2025 14:39:10 Europe/Rome] Session initialized - Host: localhost:8888, Domain: , Secure: false, Timeout: 600s
[16-Nov-2025 14:40:10 Europe/Rome] Session initialized - Host: localhost:8888, Domain: , Secure: false, Timeout: 600s
[16-Nov-2025 14:40:10 Europe/Rome] Session initialized - Host: localhost:8888, Domain: , Secure: false, Timeout: 600s
[16-Nov-2025 14:40:10 Europe/Rome] Session initialized - Host: localhost:8888, Domain: , Secure: false, Timeout: 600s
[16-Nov-2025 14:41:10 Europe/Rome] Session initialized - Host: localhost:8888, Domain: , Secure: false, Timeout: 600s
[16-Nov-2025 14:41:10 Europe/Rome] Session initialized - Host: localhost:8888, Domain: , Secure: false, Timeout: 600s
[16-Nov-2025 14:41:10 Europe/Rome] Session initialized - Host: localhost:8888, Domain: , Secure: false, Timeout: 600s
[16-Nov-2025 14:42:10 Europe/Rome] Session initialized - Host: localhost:8888, Domain: , Secure: false, Timeout: 600s
[16-Nov-2025 14:42:10 Europe/Rome] Session initialized - Host: localhost:8888, Domain: , Secure: false, Timeout: 600s
[16-Nov-2025 14:42:10 Europe/Rome] Session initialized - Host: localhost:8888, Domain: , Secure: false, Timeout: 600s
[16-Nov-2025 14:43:10 Europe/Rome] Session initialized - Host: localhost:8888, Domain: , Secure: false, Timeout: 600s
[16-Nov-2025 14:43:10 Europe/Rome] Session initialized - Host: localhost:8888, Domain: , Secure: false, Timeout: 600s
[16-Nov-2025 14:43:10 Europe/Rome] Session initialized - Host: localhost:8888, Domain: , Secure: false, Timeout: 600s
[16-Nov-2025 16:02:31 Europe/Rome] Session initialized - Host: localhost:8888, Domain: , Secure: false, Timeout: 600s
[16-Nov-2025 16:02:31 Europe/Rome] Session initialized - Host: localhost:8888, Domain: , Secure: false, Timeout: 600s
[16-Nov-2025 16:02:31 Europe/Rome] Session initialized - Host: localhost:8888, Domain: , Secure: false, Timeout: 600s
[16-Nov-2025 16:02:32 Europe/Rome] Session initialized - Host: localhost:8888, Domain: , Secure: false, Timeout: 600s
[16-Nov-2025 16:02:32 Europe/Rome] Session initialized - Host: localhost:8888, Domain: , Secure: false, Timeout: 600s
[16-Nov-2025 16:02:33 Europe/Rome] Session initialized - Host: localhost:8888, Domain: , Secure: false, Timeout: 600s
[16-Nov-2025 16:02:34 Europe/Rome] Session initialized - Host: localhost:8888, Domain: , Secure: false, Timeout: 600s
[16-Nov-2025 16:02:34 Europe/Rome] Session initialized - Host: localhost:8888, Domain: , Secure: false, Timeout: 600s
[16-Nov-2025 16:02:34 Europe/Rome] Session initialized - Host: localhost:8888, Domain: , Secure: false, Timeout: 600s
[16-Nov-2025 16:02:34 Europe/Rome] Session initialized - Host: localhost:8888, Domain: , Secure: false, Timeout: 600s
[16-Nov-2025 16:02:34 Europe/Rome] Session initialized - Host: localhost:8888, Domain: , Secure: false, Timeout: 600s
[16-Nov-2025 16:02:34 Europe/Rome] Session initialized - Host: localhost:8888, Domain: , Secure: false, Timeout: 600s
[16-Nov-2025 16:02:34 Europe/Rome] Session initialized - Host: localhost:8888, Domain: , Secure: false, Timeout: 600s
[16-Nov-2025 16:02:35 Europe/Rome] Session initialized - Host: localhost:8888, Domain: , Secure: false, Timeout: 600s
[16-Nov-2025 16:02:36 Europe/Rome] Session initialized - Host: localhost:8888, Domain: , Secure: false, Timeout: 600s
[16-Nov-2025 16:02:36 Europe/Rome] Session initialized - Host: localhost:8888, Domain: , Secure: false, Timeout: 600s
[16-Nov-2025 16:02:36 Europe/Rome] Session initialized - Host: localhost:8888, Domain: , Secure: false, Timeout: 600s
[16-Nov-2025 16:02:36 Europe/Rome] Session initialized - Host: localhost:8888, Domain: , Secure: false, Timeout: 600s
[16-Nov-2025 16:02:36 Europe/Rome] Session initialized - Host: localhost:8888, Domain: , Secure: false, Timeout: 600s
[16-Nov-2025 16:02:36 Europe/Rome] Session initialized - Host: localhost:8888, Domain: , Secure: false, Timeout: 600s
[16-Nov-2025 16:03:36 Europe/Rome] Session initialized - Host: localhost:8888, Domain: , Secure: false, Timeout: 600s
[16-Nov-2025 16:03:36 Europe/Rome] Session initialized - Host: localhost:8888, Domain: , Secure: false, Timeout: 600s
[16-Nov-2025 16:03:36 Europe/Rome] Session initialized - Host: localhost:8888, Domain: , Secure: false, Timeout: 600s
[16-Nov-2025 16:03:36 Europe/Rome] Session initialized - Host: localhost:8888, Domain: , Secure: false, Timeout: 600s
[16-Nov-2025 16:03:36 Europe/Rome] Session initialized - Host: localhost:8888, Domain: , Secure: false, Timeout: 600s
[16-Nov-2025 16:03:36 Europe/Rome] Session initialized - Host: localhost:8888, Domain: , Secure: false, Timeout: 600s
[16-Nov-2025 16:04:36 Europe/Rome] Session initialized - Host: localhost:8888, Domain: , Secure: false, Timeout: 600s
[16-Nov-2025 16:04:36 Europe/Rome] Session initialized - Host: localhost:8888, Domain: , Secure: false, Timeout: 600s
[16-Nov-2025 16:04:36 Europe/Rome] Session initialized - Host: localhost:8888, Domain: , Secure: false, Timeout: 600s
[16-Nov-2025 16:04:36 Europe/Rome] Session initialized - Host: localhost:8888, Domain: , Secure: false, Timeout: 600s
[16-Nov-2025 16:04:36 Europe/Rome] Session initialized - Host: localhost:8888, Domain: , Secure: false, Timeout: 600s
[16-Nov-2025 16:04:36 Europe/Rome] Session initialized - Host: localhost:8888, Domain: , Secure: false, Timeout: 600s
[16-Nov-2025 16:05:36 Europe/Rome] Session initialized - Host: localhost:8888, Domain: , Secure: false, Timeout: 600s
[16-Nov-2025 16:05:36 Europe/Rome] Session initialized - Host: localhost:8888, Domain: , Secure: false, Timeout: 600s
[16-Nov-2025 16:05:36 Europe/Rome] Session initialized - Host: localhost:8888, Domain: , Secure: false, Timeout: 600s
[16-Nov-2025 16:05:36 Europe/Rome] Session initialized - Host: localhost:8888, Domain: , Secure: false, Timeout: 600s
[16-Nov-2025 16:05:36 Europe/Rome] Session initialized - Host: localhost:8888, Domain: , Secure: false, Timeout: 600s
[16-Nov-2025 16:05:36 Europe/Rome] Session initialized - Host: localhost:8888, Domain: , Secure: false, Timeout: 600s
[16-Nov-2025 16:06:36 Europe/Rome] Session initialized - Host: localhost:8888, Domain: , Secure: false, Timeout: 600s
[16-Nov-2025 16:06:36 Europe/Rome] Session initialized - Host: localhost:8888, Domain: , Secure: false, Timeout: 600s
[16-Nov-2025 16:06:36 Europe/Rome] Session initialized - Host: localhost:8888, Domain: , Secure: false, Timeout: 600s
[16-Nov-2025 16:06:36 Europe/Rome] Session initialized - Host: localhost:8888, Domain: , Secure: false, Timeout: 600s
[16-Nov-2025 16:06:36 Europe/Rome] Session initialized - Host: localhost:8888, Domain: , Secure: false, Timeout: 600s
[16-Nov-2025 16:06:36 Europe/Rome] Session initialized - Host: localhost:8888, Domain: , Secure: false, Timeout: 600s
[16-Nov-2025 16:07:36 Europe/Rome] Session initialized - Host: localhost:8888, Domain: , Secure: false, Timeout: 600s
[16-Nov-2025 16:07:36 Europe/Rome] Session initialized - Host: localhost:8888, Domain: , Secure: false, Timeout: 600s
[16-Nov-2025 16:07:36 Europe/Rome] Session initialized - Host: localhost:8888, Domain: , Secure: false, Timeout: 600s
[16-Nov-2025 16:07:36 Europe/Rome] Session initialized - Host: localhost:8888, Domain: , Secure: false, Timeout: 600s
[16-Nov-2025 16:07:36 Europe/Rome] Session initialized - Host: localhost:8888, Domain: , Secure: false, Timeout: 600s
[16-Nov-2025 16:07:36 Europe/Rome] Session initialized - Host: localhost:8888, Domain: , Secure: false, Timeout: 600s
[16-Nov-2025 16:08:36 Europe/Rome] Session initialized - Host: localhost:8888, Domain: , Secure: false, Timeout: 600s
[16-Nov-2025 16:08:36 Europe/Rome] Session initialized - Host: localhost:8888, Domain: , Secure: false, Timeout: 600s
[16-Nov-2025 16:08:36 Europe/Rome] Session initialized - Host: localhost:8888, Domain: , Secure: false, Timeout: 600s
[16-Nov-2025 16:08:36 Europe/Rome] Session initialized - Host: localhost:8888, Domain: , Secure: false, Timeout: 600s
[16-Nov-2025 16:08:36 Europe/Rome] Session initialized - Host: localhost:8888, Domain: , Secure: false, Timeout: 600s
[16-Nov-2025 16:08:36 Europe/Rome] Session initialized - Host: localhost:8888, Domain: , Secure: false, Timeout: 600s
[16-Nov-2025 16:10:10 Europe/Rome] Session initialized - Host: localhost:8888, Domain: , Secure: false, Timeout: 600s
[16-Nov-2025 16:10:10 Europe/Rome] Session initialized - Host: localhost:8888, Domain: , Secure: false, Timeout: 600s
[16-Nov-2025 16:10:10 Europe/Rome] Session initialized - Host: localhost:8888, Domain: , Secure: false, Timeout: 600s
[16-Nov-2025 16:10:10 Europe/Rome] Session initialized - Host: localhost:8888, Domain: , Secure: false, Timeout: 600s
[16-Nov-2025 16:10:10 Europe/Rome] Session initialized - Host: localhost:8888, Domain: , Secure: false, Timeout: 600s
[16-Nov-2025 16:10:10 Europe/Rome] Session initialized - Host: localhost:8888, Domain: , Secure: false, Timeout: 600s
[16-Nov-2025 16:11:10 Europe/Rome] Session initialized - Host: localhost:8888, Domain: , Secure: false, Timeout: 600s
[16-Nov-2025 16:11:10 Europe/Rome] Session initialized - Host: localhost:8888, Domain: , Secure: false, Timeout: 600s
[16-Nov-2025 16:11:10 Europe/Rome] Session initialized - Host: localhost:8888, Domain: , Secure: false, Timeout: 600s
[16-Nov-2025 16:11:10 Europe/Rome] Session initialized - Host: localhost:8888, Domain: , Secure: false, Timeout: 600s
[16-Nov-2025 16:11:10 Europe/Rome] Session initialized - Host: localhost:8888, Domain: , Secure: false, Timeout: 600s
[16-Nov-2025 16:11:10 Europe/Rome] Session initialized - Host: localhost:8888, Domain: , Secure: false, Timeout: 600s
[16-Nov-2025 16:12:10 Europe/Rome] Session initialized - Host: localhost:8888, Domain: , Secure: false, Timeout: 600s
[16-Nov-2025 16:12:10 Europe/Rome] Session initialized - Host: localhost:8888, Domain: , Secure: false, Timeout: 600s
[16-Nov-2025 16:12:10 Europe/Rome] Session initialized - Host: localhost:8888, Domain: , Secure: false, Timeout: 600s
[16-Nov-2025 16:12:10 Europe/Rome] Session initialized - Host: localhost:8888, Domain: , Secure: false, Timeout: 600s
[16-Nov-2025 16:12:10 Europe/Rome] Session initialized - Host: localhost:8888, Domain: , Secure: false, Timeout: 600s
[16-Nov-2025 16:12:10 Europe/Rome] Session initialized - Host: localhost:8888, Domain: , Secure: false, Timeout: 600s
[16-Nov-2025 16:13:10 Europe/Rome] Session initialized - Host: localhost:8888, Domain: , Secure: false, Timeout: 600s
[16-Nov-2025 16:13:10 Europe/Rome] Session initialized - Host: localhost:8888, Domain: , Secure: false, Timeout: 600s
[16-Nov-2025 16:13:10 Europe/Rome] Session initialized - Host: localhost:8888, Domain: , Secure: false, Timeout: 600s
[16-Nov-2025 16:13:10 Europe/Rome] Session initialized - Host: localhost:8888, Domain: , Secure: false, Timeout: 600s
[16-Nov-2025 16:13:10 Europe/Rome] Session initialized - Host: localhost:8888, Domain: , Secure: false, Timeout: 600s
[16-Nov-2025 16:13:10 Europe/Rome] Session initialized - Host: localhost:8888, Domain: , Secure: false, Timeout: 600s
[16-Nov-2025 16:14:10 Europe/Rome] Session initialized - Host: localhost:8888, Domain: , Secure: false, Timeout: 600s
[16-Nov-2025 16:14:10 Europe/Rome] Session initialized - Host: localhost:8888, Domain: , Secure: false, Timeout: 600s
[16-Nov-2025 16:14:10 Europe/Rome] Session initialized - Host: localhost:8888, Domain: , Secure: false, Timeout: 600s
[16-Nov-2025 16:14:10 Europe/Rome] Session initialized - Host: localhost:8888, Domain: , Secure: false, Timeout: 600s
[16-Nov-2025 16:14:10 Europe/Rome] Session initialized - Host: localhost:8888, Domain: , Secure: false, Timeout: 600s
[16-Nov-2025 16:14:10 Europe/Rome] Session initialized - Host: localhost:8888, Domain: , Secure: false, Timeout: 600s
[16-Nov-2025 16:15:10 Europe/Rome] Session initialized - Host: localhost:8888, Domain: , Secure: false, Timeout: 600s
[16-Nov-2025 16:15:10 Europe/Rome] Session initialized - Host: localhost:8888, Domain: , Secure: false, Timeout: 600s
[16-Nov-2025 16:15:10 Europe/Rome] Session initialized - Host: localhost:8888, Domain: , Secure: false, Timeout: 600s
[16-Nov-2025 16:15:10 Europe/Rome] Session initialized - Host: localhost:8888, Domain: , Secure: false, Timeout: 600s
[16-Nov-2025 16:15:10 Europe/Rome] Session initialized - Host: localhost:8888, Domain: , Secure: false, Timeout: 600s
[16-Nov-2025 16:15:10 Europe/Rome] Session initialized - Host: localhost:8888, Domain: , Secure: false, Timeout: 600s
[16-Nov-2025 16:16:10 Europe/Rome] Session initialized - Host: localhost:8888, Domain: , Secure: false, Timeout: 600s
[16-Nov-2025 16:16:10 Europe/Rome] Session initialized - Host: localhost:8888, Domain: , Secure: false, Timeout: 600s
[16-Nov-2025 16:16:10 Europe/Rome] Session initialized - Host: localhost:8888, Domain: , Secure: false, Timeout: 600s
[16-Nov-2025 16:16:10 Europe/Rome] Session initialized - Host: localhost:8888, Domain: , Secure: false, Timeout: 600s
[16-Nov-2025 16:16:10 Europe/Rome] Session initialized - Host: localhost:8888, Domain: , Secure: false, Timeout: 600s
[16-Nov-2025 16:16:10 Europe/Rome] Session initialized - Host: localhost:8888, Domain: , Secure: false, Timeout: 600s
[16-Nov-2025 16:17:10 Europe/Rome] Session initialized - Host: localhost:8888, Domain: , Secure: false, Timeout: 600s
[16-Nov-2025 16:17:10 Europe/Rome] Session initialized - Host: localhost:8888, Domain: , Secure: false, Timeout: 600s
[16-Nov-2025 16:17:10 Europe/Rome] Session initialized - Host: localhost:8888, Domain: , Secure: false, Timeout: 600s
[16-Nov-2025 16:17:10 Europe/Rome] Session initialized - Host: localhost:8888, Domain: , Secure: false, Timeout: 600s
[16-Nov-2025 16:17:10 Europe/Rome] Session initialized - Host: localhost:8888, Domain: , Secure: false, Timeout: 600s
[16-Nov-2025 16:17:10 Europe/Rome] Session initialized - Host: localhost:8888, Domain: , Secure: false, Timeout: 600s
[16-Nov-2025 16:18:10 Europe/Rome] Session initialized - Host: localhost:8888, Domain: , Secure: false, Timeout: 600s
[16-Nov-2025 16:18:10 Europe/Rome] Session initialized - Host: localhost:8888, Domain: , Secure: false, Timeout: 600s
[16-Nov-2025 16:18:10 Europe/Rome] Session initialized - Host: localhost:8888, Domain: , Secure: false, Timeout: 600s
[16-Nov-2025 16:18:10 Europe/Rome] Session initialized - Host: localhost:8888, Domain: , Secure: false, Timeout: 600s
[16-Nov-2025 16:18:10 Europe/Rome] Session initialized - Host: localhost:8888, Domain: , Secure: false, Timeout: 600s
[16-Nov-2025 16:18:10 Europe/Rome] Session initialized - Host: localhost:8888, Domain: , Secure: false, Timeout: 600s
[16-Nov-2025 16:19:10 Europe/Rome] Session initialized - Host: localhost:8888, Domain: , Secure: false, Timeout: 600s
[16-Nov-2025 16:19:10 Europe/Rome] Session initialized - Host: localhost:8888, Domain: , Secure: false, Timeout: 600s
[16-Nov-2025 16:19:10 Europe/Rome] Session initialized - Host: localhost:8888, Domain: , Secure: false, Timeout: 600s
[16-Nov-2025 16:19:10 Europe/Rome] Session initialized - Host: localhost:8888, Domain: , Secure: false, Timeout: 600s
[16-Nov-2025 16:19:10 Europe/Rome] Session initialized - Host: localhost:8888, Domain: , Secure: false, Timeout: 600s
[16-Nov-2025 16:19:10 Europe/Rome] Session initialized - Host: localhost:8888, Domain: , Secure: false, Timeout: 600s
[16-Nov-2025 16:20:10 Europe/Rome] Session initialized - Host: localhost:8888, Domain: , Secure: false, Timeout: 600s
[16-Nov-2025 16:20:10 Europe/Rome] Session initialized - Host: localhost:8888, Domain: , Secure: false, Timeout: 600s
[16-Nov-2025 16:20:10 Europe/Rome] Session initialized - Host: localhost:8888, Domain: , Secure: false, Timeout: 600s
[16-Nov-2025 16:20:10 Europe/Rome] Session initialized - Host: localhost:8888, Domain: , Secure: false, Timeout: 600s
[16-Nov-2025 16:20:10 Europe/Rome] Session initialized - Host: localhost:8888, Domain: , Secure: false, Timeout: 600s
[16-Nov-2025 16:20:10 Europe/Rome] Session initialized - Host: localhost:8888, Domain: , Secure: false, Timeout: 600s
[16-Nov-2025 16:21:10 Europe/Rome] Session initialized - Host: localhost:8888, Domain: , Secure: false, Timeout: 600s
[16-Nov-2025 16:21:10 Europe/Rome] Session initialized - Host: localhost:8888, Domain: , Secure: false, Timeout: 600s
[16-Nov-2025 16:21:10 Europe/Rome] Session initialized - Host: localhost:8888, Domain: , Secure: false, Timeout: 600s
[16-Nov-2025 16:21:10 Europe/Rome] Session initialized - Host: localhost:8888, Domain: , Secure: false, Timeout: 600s
[16-Nov-2025 16:21:10 Europe/Rome] Session initialized - Host: localhost:8888, Domain: , Secure: false, Timeout: 600s
[16-Nov-2025 16:21:10 Europe/Rome] Session initialized - Host: localhost:8888, Domain: , Secure: false, Timeout: 600s
[16-Nov-2025 16:22:10 Europe/Rome] Session initialized - Host: localhost:8888, Domain: , Secure: false, Timeout: 600s
[16-Nov-2025 16:22:10 Europe/Rome] Session initialized - Host: localhost:8888, Domain: , Secure: false, Timeout: 600s
[16-Nov-2025 16:22:10 Europe/Rome] Session initialized - Host: localhost:8888, Domain: , Secure: false, Timeout: 600s
[16-Nov-2025 16:22:10 Europe/Rome] Session initialized - Host: localhost:8888, Domain: , Secure: false, Timeout: 600s
[16-Nov-2025 16:22:10 Europe/Rome] Session initialized - Host: localhost:8888, Domain: , Secure: false, Timeout: 600s
[16-Nov-2025 16:22:10 Europe/Rome] Session initialized - Host: localhost:8888, Domain: , Secure: false, Timeout: 600s
[16-Nov-2025 16:23:10 Europe/Rome] Session initialized - Host: localhost:8888, Domain: , Secure: false, Timeout: 600s
[16-Nov-2025 16:23:10 Europe/Rome] Session initialized - Host: localhost:8888, Domain: , Secure: false, Timeout: 600s
[16-Nov-2025 16:23:10 Europe/Rome] Session initialized - Host: localhost:8888, Domain: , Secure: false, Timeout: 600s
[16-Nov-2025 16:23:10 Europe/Rome] Session initialized - Host: localhost:8888, Domain: , Secure: false, Timeout: 600s
[16-Nov-2025 16:23:10 Europe/Rome] Session initialized - Host: localhost:8888, Domain: , Secure: false, Timeout: 600s
[16-Nov-2025 16:23:10 Europe/Rome] Session initialized - Host: localhost:8888, Domain: , Secure: false, Timeout: 600s
[16-Nov-2025 16:24:10 Europe/Rome] Session initialized - Host: localhost:8888, Domain: , Secure: false, Timeout: 600s
[16-Nov-2025 16:24:10 Europe/Rome] Session initialized - Host: localhost:8888, Domain: , Secure: false, Timeout: 600s
[16-Nov-2025 16:24:10 Europe/Rome] Session initialized - Host: localhost:8888, Domain: , Secure: false, Timeout: 600s
[16-Nov-2025 16:24:10 Europe/Rome] Session initialized - Host: localhost:8888, Domain: , Secure: false, Timeout: 600s
[16-Nov-2025 16:24:10 Europe/Rome] Session initialized - Host: localhost:8888, Domain: , Secure: false, Timeout: 600s
[16-Nov-2025 16:24:10 Europe/Rome] Session initialized - Host: localhost:8888, Domain: , Secure: false, Timeout: 600s
[16-Nov-2025 16:25:10 Europe/Rome] Session initialized - Host: localhost:8888, Domain: , Secure: false, Timeout: 600s
[16-Nov-2025 16:25:10 Europe/Rome] Session initialized - Host: localhost:8888, Domain: , Secure: false, Timeout: 600s
[16-Nov-2025 16:25:10 Europe/Rome] Session initialized - Host: localhost:8888, Domain: , Secure: false, Timeout: 600s
[16-Nov-2025 16:25:10 Europe/Rome] Session initialized - Host: localhost:8888, Domain: , Secure: false, Timeout: 600s
[16-Nov-2025 16:25:10 Europe/Rome] Session initialized - Host: localhost:8888, Domain: , Secure: false, Timeout: 600s
[16-Nov-2025 16:25:10 Europe/Rome] Session initialized - Host: localhost:8888, Domain: , Secure: false, Timeout: 600s
[16-Nov-2025 16:26:10 Europe/Rome] Session initialized - Host: localhost:8888, Domain: , Secure: false, Timeout: 600s
[16-Nov-2025 16:26:10 Europe/Rome] Session initialized - Host: localhost:8888, Domain: , Secure: false, Timeout: 600s
[16-Nov-2025 16:26:10 Europe/Rome] Session initialized - Host: localhost:8888, Domain: , Secure: false, Timeout: 600s
[16-Nov-2025 16:26:10 Europe/Rome] Session initialized - Host: localhost:8888, Domain: , Secure: false, Timeout: 600s
[16-Nov-2025 16:26:10 Europe/Rome] Session initialized - Host: localhost:8888, Domain: , Secure: false, Timeout: 600s
[16-Nov-2025 16:26:10 Europe/Rome] Session initialized - Host: localhost:8888, Domain: , Secure: false, Timeout: 600s
[16-Nov-2025 16:27:10 Europe/Rome] Session initialized - Host: localhost:8888, Domain: , Secure: false, Timeout: 600s
[16-Nov-2025 16:27:10 Europe/Rome] Session initialized - Host: localhost:8888, Domain: , Secure: false, Timeout: 600s
[16-Nov-2025 16:27:10 Europe/Rome] Session initialized - Host: localhost:8888, Domain: , Secure: false, Timeout: 600s
[16-Nov-2025 16:27:10 Europe/Rome] Session initialized - Host: localhost:8888, Domain: , Secure: false, Timeout: 600s
[16-Nov-2025 16:27:10 Europe/Rome] Session initialized - Host: localhost:8888, Domain: , Secure: false, Timeout: 600s
[16-Nov-2025 16:27:10 Europe/Rome] Session initialized - Host: localhost:8888, Domain: , Secure: false, Timeout: 600s
[16-Nov-2025 16:28:10 Europe/Rome] Session initialized - Host: localhost:8888, Domain: , Secure: false, Timeout: 600s
[16-Nov-2025 16:28:10 Europe/Rome] Session initialized - Host: localhost:8888, Domain: , Secure: false, Timeout: 600s
[16-Nov-2025 16:28:10 Europe/Rome] Session initialized - Host: localhost:8888, Domain: , Secure: false, Timeout: 600s
[16-Nov-2025 16:28:10 Europe/Rome] Session initialized - Host: localhost:8888, Domain: , Secure: false, Timeout: 600s
[16-Nov-2025 16:28:10 Europe/Rome] Session initialized - Host: localhost:8888, Domain: , Secure: false, Timeout: 600s
[16-Nov-2025 16:28:10 Europe/Rome] Session initialized - Host: localhost:8888, Domain: , Secure: false, Timeout: 600s
[16-Nov-2025 16:29:10 Europe/Rome] Session initialized - Host: localhost:8888, Domain: , Secure: false, Timeout: 600s
[16-Nov-2025 16:29:10 Europe/Rome] Session initialized - Host: localhost:8888, Domain: , Secure: false, Timeout: 600s
[16-Nov-2025 16:29:10 Europe/Rome] Session initialized - Host: localhost:8888, Domain: , Secure: false, Timeout: 600s
[16-Nov-2025 16:29:10 Europe/Rome] Session initialized - Host: localhost:8888, Domain: , Secure: false, Timeout: 600s
[16-Nov-2025 16:29:10 Europe/Rome] Session initialized - Host: localhost:8888, Domain: , Secure: false, Timeout: 600s
[16-Nov-2025 16:29:10 Europe/Rome] Session initialized - Host: localhost:8888, Domain: , Secure: false, Timeout: 600s
[16-Nov-2025 16:29:24 Europe/Rome] Session initialized - Host: localhost:8888, Domain: , Secure: false, Timeout: 600s
[16-Nov-2025 16:29:24 Europe/Rome] Session initialized - Host: localhost:8888, Domain: , Secure: false, Timeout: 600s
[16-Nov-2025 16:29:24 Europe/Rome] Session initialized - Host: localhost:8888, Domain: , Secure: false, Timeout: 600s
[16-Nov-2025 16:29:24 Europe/Rome] Session initialized - Host: localhost:8888, Domain: , Secure: false, Timeout: 600s
[16-Nov-2025 16:29:24 Europe/Rome] Session initialized - Host: localhost:8888, Domain: , Secure: false, Timeout: 600s
[16-Nov-2025 16:29:24 Europe/Rome] Session initialized - Host: localhost:8888, Domain: , Secure: false, Timeout: 600s
[16-Nov-2025 16:29:24 Europe/Rome] Session initialized - Host: localhost:8888, Domain: , Secure: false, Timeout: 600s
[16-Nov-2025 16:29:26 Europe/Rome] Session initialized - Host: localhost:8888, Domain: , Secure: false, Timeout: 600s
[16-Nov-2025 16:29:26 Europe/Rome] Session initialized - Host: localhost:8888, Domain: , Secure: false, Timeout: 600s
[16-Nov-2025 16:29:26 Europe/Rome] Session initialized - Host: localhost:8888, Domain: , Secure: false, Timeout: 600s
[16-Nov-2025 16:29:26 Europe/Rome] Session initialized - Host: localhost:8888, Domain: , Secure: false, Timeout: 600s
[16-Nov-2025 16:29:26 Europe/Rome] Session initialized - Host: localhost:8888, Domain: , Secure: false, Timeout: 600s
[16-Nov-2025 16:29:26 Europe/Rome] Session initialized - Host: localhost:8888, Domain: , Secure: false, Timeout: 600s
[16-Nov-2025 16:29:26 Europe/Rome] Session initialized - Host: localhost:8888, Domain: , Secure: false, Timeout: 600s
[16-Nov-2025 16:29:26 Europe/Rome] Session initialized - Host: localhost:8888, Domain: , Secure: false, Timeout: 600s
[16-Nov-2025 16:29:26 Europe/Rome] Session initialized - Host: localhost:8888, Domain: , Secure: false, Timeout: 600s
[16-Nov-2025 16:29:26 Europe/Rome] Session initialized - Host: localhost:8888, Domain: , Secure: false, Timeout: 600s
[16-Nov-2025 16:29:26 Europe/Rome] Session initialized - Host: localhost:8888, Domain: , Secure: false, Timeout: 600s
[16-Nov-2025 16:29:27 Europe/Rome] Session initialized - Host: localhost:8888, Domain: , Secure: false, Timeout: 600s
[16-Nov-2025 16:29:27 Europe/Rome] Session initialized - Host: localhost:8888, Domain: , Secure: false, Timeout: 600s
[16-Nov-2025 16:29:27 Europe/Rome] Session initialized - Host: localhost:8888, Domain: , Secure: false, Timeout: 600s
[16-Nov-2025 16:29:27 Europe/Rome] Session initialized - Host: localhost:8888, Domain: , Secure: false, Timeout: 600s
[16-Nov-2025 16:29:27 Europe/Rome] Session initialized - Host: localhost:8888, Domain: , Secure: false, Timeout: 600s
[16-Nov-2025 16:29:27 Europe/Rome] Session initialized - Host: localhost:8888, Domain: , Secure: false, Timeout: 600s
[16-Nov-2025 16:29:27 Europe/Rome] Session initialized - Host: localhost:8888, Domain: , Secure: false, Timeout: 600s
[16-Nov-2025 16:29:27 Europe/Rome] Session initialized - Host: localhost:8888, Domain: , Secure: false, Timeout: 600s
[16-Nov-2025 16:29:27 Europe/Rome] Session initialized - Host: localhost:8888, Domain: , Secure: false, Timeout: 600s
[16-Nov-2025 16:29:27 Europe/Rome] Session initialized - Host: localhost:8888, Domain: , Secure: false, Timeout: 600s
[16-Nov-2025 16:29:27 Europe/Rome] Session initialized - Host: localhost:8888, Domain: , Secure: false, Timeout: 600s
[16-Nov-2025 16:29:27 Europe/Rome] Session initialized - Host: localhost:8888, Domain: , Secure: false, Timeout: 600s
[16-Nov-2025 16:29:27 Europe/Rome] Session initialized - Host: localhost:8888, Domain: , Secure: false, Timeout: 600s
[16-Nov-2025 16:29:27 Europe/Rome] Session initialized - Host: localhost:8888, Domain: , Secure: false, Timeout: 600s
[16-Nov-2025 16:29:27 Europe/Rome] Session initialized - Host: localhost:8888, Domain: , Secure: false, Timeout: 600s
[16-Nov-2025 16:29:27 Europe/Rome] Session initialized - Host: localhost:8888, Domain: , Secure: false, Timeout: 600s
[16-Nov-2025 16:29:27 Europe/Rome] Session initialized - Host: localhost:8888, Domain: , Secure: false, Timeout: 600s
[16-Nov-2025 16:29:28 Europe/Rome] Session initialized - Host: localhost:8888, Domain: , Secure: false, Timeout: 600s
[16-Nov-2025 16:29:28 Europe/Rome] Session initialized - Host: localhost:8888, Domain: , Secure: false, Timeout: 600s
[16-Nov-2025 16:29:28 Europe/Rome] Session initialized - Host: localhost:8888, Domain: , Secure: false, Timeout: 600s
[16-Nov-2025 16:29:28 Europe/Rome] Session initialized - Host: localhost:8888, Domain: , Secure: false, Timeout: 600s
[16-Nov-2025 16:29:28 Europe/Rome] Session initialized - Host: localhost:8888, Domain: , Secure: false, Timeout: 600s
[16-Nov-2025 16:29:28 Europe/Rome] Session initialized - Host: localhost:8888, Domain: , Secure: false, Timeout: 600s
[16-Nov-2025 16:29:28 Europe/Rome] Session initialized - Host: localhost:8888, Domain: , Secure: false, Timeout: 600s
[16-Nov-2025 16:29:28 Europe/Rome] Session initialized - Host: localhost:8888, Domain: , Secure: false, Timeout: 600s
[16-Nov-2025 16:29:28 Europe/Rome] Session initialized - Host: localhost:8888, Domain: , Secure: false, Timeout: 600s
[16-Nov-2025 16:29:28 Europe/Rome] Session initialized - Host: localhost:8888, Domain: , Secure: false, Timeout: 600s
[16-Nov-2025 16:29:28 Europe/Rome] Session initialized - Host: localhost:8888, Domain: , Secure: false, Timeout: 600s
[16-Nov-2025 16:29:29 Europe/Rome] Session initialized - Host: localhost:8888, Domain: , Secure: false, Timeout: 600s
[16-Nov-2025 16:29:29 Europe/Rome] Session initialized - Host: localhost:8888, Domain: , Secure: false, Timeout: 600s
[16-Nov-2025 16:29:29 Europe/Rome] Session initialized - Host: localhost:8888, Domain: , Secure: false, Timeout: 600s
[16-Nov-2025 16:30:29 Europe/Rome] Session initialized - Host: localhost:8888, Domain: , Secure: false, Timeout: 600s
[16-Nov-2025 16:30:29 Europe/Rome] Session initialized - Host: localhost:8888, Domain: , Secure: false, Timeout: 600s
[16-Nov-2025 16:30:29 Europe/Rome] Session initialized - Host: localhost:8888, Domain: , Secure: false, Timeout: 600s
[16-Nov-2025 16:30:29 Europe/Rome] Session initialized - Host: localhost:8888, Domain: , Secure: false, Timeout: 600s
[16-Nov-2025 16:30:29 Europe/Rome] Session initialized - Host: localhost:8888, Domain: , Secure: false, Timeout: 600s
[16-Nov-2025 16:30:29 Europe/Rome] Session initialized - Host: localhost:8888, Domain: , Secure: false, Timeout: 600s
[16-Nov-2025 16:31:29 Europe/Rome] Session initialized - Host: localhost:8888, Domain: , Secure: false, Timeout: 600s
[16-Nov-2025 16:31:29 Europe/Rome] Session initialized - Host: localhost:8888, Domain: , Secure: false, Timeout: 600s
[16-Nov-2025 16:31:29 Europe/Rome] Session initialized - Host: localhost:8888, Domain: , Secure: false, Timeout: 600s
[16-Nov-2025 16:31:29 Europe/Rome] Session initialized - Host: localhost:8888, Domain: , Secure: false, Timeout: 600s
[16-Nov-2025 16:31:29 Europe/Rome] Session initialized - Host: localhost:8888, Domain: , Secure: false, Timeout: 600s
[16-Nov-2025 16:31:29 Europe/Rome] Session initialized - Host: localhost:8888, Domain: , Secure: false, Timeout: 600s
[16-Nov-2025 16:32:29 Europe/Rome] Session initialized - Host: localhost:8888, Domain: , Secure: false, Timeout: 600s
[16-Nov-2025 16:32:29 Europe/Rome] Session initialized - Host: localhost:8888, Domain: , Secure: false, Timeout: 600s
[16-Nov-2025 16:32:29 Europe/Rome] Session initialized - Host: localhost:8888, Domain: , Secure: false, Timeout: 600s
[16-Nov-2025 16:32:29 Europe/Rome] Session initialized - Host: localhost:8888, Domain: , Secure: false, Timeout: 600s
[16-Nov-2025 16:32:29 Europe/Rome] Session initialized - Host: localhost:8888, Domain: , Secure: false, Timeout: 600s
[16-Nov-2025 16:32:29 Europe/Rome] Session initialized - Host: localhost:8888, Domain: , Secure: false, Timeout: 600s
[16-Nov-2025 16:33:29 Europe/Rome] Session initialized - Host: localhost:8888, Domain: , Secure: false, Timeout: 600s
[16-Nov-2025 16:33:29 Europe/Rome] Session initialized - Host: localhost:8888, Domain: , Secure: false, Timeout: 600s
[16-Nov-2025 16:33:29 Europe/Rome] Session initialized - Host: localhost:8888, Domain: , Secure: false, Timeout: 600s
[16-Nov-2025 16:33:29 Europe/Rome] Session initialized - Host: localhost:8888, Domain: , Secure: false, Timeout: 600s
[16-Nov-2025 16:33:29 Europe/Rome] Session initialized - Host: localhost:8888, Domain: , Secure: false, Timeout: 600s
[16-Nov-2025 16:33:29 Europe/Rome] Session initialized - Host: localhost:8888, Domain: , Secure: false, Timeout: 600s
[16-Nov-2025 16:34:29 Europe/Rome] Session initialized - Host: localhost:8888, Domain: , Secure: false, Timeout: 600s
[16-Nov-2025 16:34:29 Europe/Rome] Session initialized - Host: localhost:8888, Domain: , Secure: false, Timeout: 600s
[16-Nov-2025 16:34:29 Europe/Rome] Session initialized - Host: localhost:8888, Domain: , Secure: false, Timeout: 600s
[16-Nov-2025 16:34:29 Europe/Rome] Session initialized - Host: localhost:8888, Domain: , Secure: false, Timeout: 600s
[16-Nov-2025 16:34:29 Europe/Rome] Session initialized - Host: localhost:8888, Domain: , Secure: false, Timeout: 600s
[16-Nov-2025 16:34:29 Europe/Rome] Session initialized - Host: localhost:8888, Domain: , Secure: false, Timeout: 600s
[16-Nov-2025 16:35:29 Europe/Rome] Session initialized - Host: localhost:8888, Domain: , Secure: false, Timeout: 600s
[16-Nov-2025 16:35:29 Europe/Rome] Session initialized - Host: localhost:8888, Domain: , Secure: false, Timeout: 600s
[16-Nov-2025 16:35:29 Europe/Rome] Session initialized - Host: localhost:8888, Domain: , Secure: false, Timeout: 600s
[16-Nov-2025 16:35:29 Europe/Rome] Session initialized - Host: localhost:8888, Domain: , Secure: false, Timeout: 600s
[16-Nov-2025 16:35:29 Europe/Rome] Session initialized - Host: localhost:8888, Domain: , Secure: false, Timeout: 600s
[16-Nov-2025 16:35:29 Europe/Rome] Session initialized - Host: localhost:8888, Domain: , Secure: false, Timeout: 600s
[16-Nov-2025 16:37:10 Europe/Rome] Session initialized - Host: localhost:8888, Domain: , Secure: false, Timeout: 600s
[16-Nov-2025 16:37:10 Europe/Rome] Session initialized - Host: localhost:8888, Domain: , Secure: false, Timeout: 600s
[16-Nov-2025 16:37:10 Europe/Rome] Session initialized - Host: localhost:8888, Domain: , Secure: false, Timeout: 600s
[16-Nov-2025 16:37:10 Europe/Rome] Session initialized - Host: localhost:8888, Domain: , Secure: false, Timeout: 600s
[16-Nov-2025 16:37:10 Europe/Rome] Session initialized - Host: localhost:8888, Domain: , Secure: false, Timeout: 600s
[16-Nov-2025 16:37:10 Europe/Rome] Session initialized - Host: localhost:8888, Domain: , Secure: false, Timeout: 600s
[16-Nov-2025 16:38:10 Europe/Rome] Session initialized - Host: localhost:8888, Domain: , Secure: false, Timeout: 600s
[16-Nov-2025 16:38:10 Europe/Rome] Session initialized - Host: localhost:8888, Domain: , Secure: false, Timeout: 600s
[16-Nov-2025 16:38:10 Europe/Rome] Session initialized - Host: localhost:8888, Domain: , Secure: false, Timeout: 600s
[16-Nov-2025 16:38:10 Europe/Rome] Session initialized - Host: localhost:8888, Domain: , Secure: false, Timeout: 600s
[16-Nov-2025 16:38:10 Europe/Rome] Session initialized - Host: localhost:8888, Domain: , Secure: false, Timeout: 600s
[16-Nov-2025 16:38:10 Europe/Rome] Session initialized - Host: localhost:8888, Domain: , Secure: false, Timeout: 600s
[16-Nov-2025 16:39:10 Europe/Rome] Session initialized - Host: localhost:8888, Domain: , Secure: false, Timeout: 600s
[16-Nov-2025 16:39:10 Europe/Rome] Session initialized - Host: localhost:8888, Domain: , Secure: false, Timeout: 600s
[16-Nov-2025 16:39:10 Europe/Rome] Session initialized - Host: localhost:8888, Domain: , Secure: false, Timeout: 600s
[16-Nov-2025 16:39:10 Europe/Rome] Session initialized - Host: localhost:8888, Domain: , Secure: false, Timeout: 600s
[16-Nov-2025 16:39:10 Europe/Rome] Session initialized - Host: localhost:8888, Domain: , Secure: false, Timeout: 600s
[16-Nov-2025 16:39:10 Europe/Rome] Session initialized - Host: localhost:8888, Domain: , Secure: false, Timeout: 600s
[16-Nov-2025 16:40:10 Europe/Rome] Session initialized - Host: localhost:8888, Domain: , Secure: false, Timeout: 600s
[16-Nov-2025 16:40:10 Europe/Rome] Session initialized - Host: localhost:8888, Domain: , Secure: false, Timeout: 600s
[16-Nov-2025 16:40:10 Europe/Rome] Session initialized - Host: localhost:8888, Domain: , Secure: false, Timeout: 600s
[16-Nov-2025 16:40:10 Europe/Rome] Session initialized - Host: localhost:8888, Domain: , Secure: false, Timeout: 600s
[16-Nov-2025 16:40:10 Europe/Rome] Session initialized - Host: localhost:8888, Domain: , Secure: false, Timeout: 600s
[16-Nov-2025 16:40:10 Europe/Rome] Session initialized - Host: localhost:8888, Domain: , Secure: false, Timeout: 600s
[16-Nov-2025 16:41:10 Europe/Rome] Session initialized - Host: localhost:8888, Domain: , Secure: false, Timeout: 600s
[16-Nov-2025 16:41:10 Europe/Rome] Session initialized - Host: localhost:8888, Domain: , Secure: false, Timeout: 600s
[16-Nov-2025 16:41:10 Europe/Rome] Session initialized - Host: localhost:8888, Domain: , Secure: false, Timeout: 600s
[16-Nov-2025 16:41:10 Europe/Rome] Session initialized - Host: localhost:8888, Domain: , Secure: false, Timeout: 600s
[16-Nov-2025 16:41:10 Europe/Rome] Session initialized - Host: localhost:8888, Domain: , Secure: false, Timeout: 600s
[16-Nov-2025 16:41:10 Europe/Rome] Session initialized - Host: localhost:8888, Domain: , Secure: false, Timeout: 600s
[16-Nov-2025 16:42:10 Europe/Rome] Session initialized - Host: localhost:8888, Domain: , Secure: false, Timeout: 600s
[16-Nov-2025 16:42:10 Europe/Rome] Session initialized - Host: localhost:8888, Domain: , Secure: false, Timeout: 600s
[16-Nov-2025 16:42:10 Europe/Rome] Session initialized - Host: localhost:8888, Domain: , Secure: false, Timeout: 600s
[16-Nov-2025 16:42:10 Europe/Rome] Session initialized - Host: localhost:8888, Domain: , Secure: false, Timeout: 600s
[16-Nov-2025 16:42:10 Europe/Rome] Session initialized - Host: localhost:8888, Domain: , Secure: false, Timeout: 600s
[16-Nov-2025 16:42:10 Europe/Rome] Session initialized - Host: localhost:8888, Domain: , Secure: false, Timeout: 600s
[16-Nov-2025 16:43:10 Europe/Rome] Session initialized - Host: localhost:8888, Domain: , Secure: false, Timeout: 600s
[16-Nov-2025 16:43:10 Europe/Rome] Session initialized - Host: localhost:8888, Domain: , Secure: false, Timeout: 600s
[16-Nov-2025 16:43:10 Europe/Rome] Session initialized - Host: localhost:8888, Domain: , Secure: false, Timeout: 600s
[16-Nov-2025 16:43:10 Europe/Rome] Session initialized - Host: localhost:8888, Domain: , Secure: false, Timeout: 600s
[16-Nov-2025 16:43:10 Europe/Rome] Session initialized - Host: localhost:8888, Domain: , Secure: false, Timeout: 600s
[16-Nov-2025 16:43:10 Europe/Rome] Session initialized - Host: localhost:8888, Domain: , Secure: false, Timeout: 600s
[16-Nov-2025 16:44:10 Europe/Rome] Session initialized - Host: localhost:8888, Domain: , Secure: false, Timeout: 600s
[16-Nov-2025 16:44:10 Europe/Rome] Session initialized - Host: localhost:8888, Domain: , Secure: false, Timeout: 600s
[16-Nov-2025 16:44:10 Europe/Rome] Session initialized - Host: localhost:8888, Domain: , Secure: false, Timeout: 600s
[16-Nov-2025 16:44:10 Europe/Rome] Session initialized - Host: localhost:8888, Domain: , Secure: false, Timeout: 600s
[16-Nov-2025 16:44:10 Europe/Rome] Session initialized - Host: localhost:8888, Domain: , Secure: false, Timeout: 600s
[16-Nov-2025 16:44:10 Europe/Rome] Session initialized - Host: localhost:8888, Domain: , Secure: false, Timeout: 600s
[16-Nov-2025 16:45:10 Europe/Rome] Session initialized - Host: localhost:8888, Domain: , Secure: false, Timeout: 600s
[16-Nov-2025 16:45:10 Europe/Rome] Session initialized - Host: localhost:8888, Domain: , Secure: false, Timeout: 600s
[16-Nov-2025 16:45:10 Europe/Rome] Session initialized - Host: localhost:8888, Domain: , Secure: false, Timeout: 600s
[16-Nov-2025 16:45:10 Europe/Rome] Session initialized - Host: localhost:8888, Domain: , Secure: false, Timeout: 600s
[16-Nov-2025 16:45:10 Europe/Rome] Session initialized - Host: localhost:8888, Domain: , Secure: false, Timeout: 600s
[16-Nov-2025 16:45:10 Europe/Rome] Session initialized - Host: localhost:8888, Domain: , Secure: false, Timeout: 600s
[16-Nov-2025 16:46:10 Europe/Rome] Session initialized - Host: localhost:8888, Domain: , Secure: false, Timeout: 600s
[16-Nov-2025 16:46:10 Europe/Rome] Session initialized - Host: localhost:8888, Domain: , Secure: false, Timeout: 600s
[16-Nov-2025 16:46:10 Europe/Rome] Session initialized - Host: localhost:8888, Domain: , Secure: false, Timeout: 600s
[16-Nov-2025 16:46:10 Europe/Rome] Session initialized - Host: localhost:8888, Domain: , Secure: false, Timeout: 600s
[16-Nov-2025 16:46:10 Europe/Rome] Session initialized - Host: localhost:8888, Domain: , Secure: false, Timeout: 600s
[16-Nov-2025 16:46:10 Europe/Rome] Session initialized - Host: localhost:8888, Domain: , Secure: false, Timeout: 600s
[16-Nov-2025 16:47:10 Europe/Rome] Session initialized - Host: localhost:8888, Domain: , Secure: false, Timeout: 600s
[16-Nov-2025 16:47:10 Europe/Rome] Session initialized - Host: localhost:8888, Domain: , Secure: false, Timeout: 600s
[16-Nov-2025 16:47:10 Europe/Rome] Session initialized - Host: localhost:8888, Domain: , Secure: false, Timeout: 600s
[16-Nov-2025 16:47:10 Europe/Rome] Session initialized - Host: localhost:8888, Domain: , Secure: false, Timeout: 600s
[16-Nov-2025 16:47:10 Europe/Rome] Session initialized - Host: localhost:8888, Domain: , Secure: false, Timeout: 600s
[16-Nov-2025 16:47:10 Europe/Rome] Session initialized - Host: localhost:8888, Domain: , Secure: false, Timeout: 600s
[16-Nov-2025 16:48:10 Europe/Rome] Session initialized - Host: localhost:8888, Domain: , Secure: false, Timeout: 600s
[16-Nov-2025 16:48:10 Europe/Rome] Session initialized - Host: localhost:8888, Domain: , Secure: false, Timeout: 600s
[16-Nov-2025 16:48:10 Europe/Rome] Session initialized - Host: localhost:8888, Domain: , Secure: false, Timeout: 600s
[16-Nov-2025 16:48:10 Europe/Rome] Session initialized - Host: localhost:8888, Domain: , Secure: false, Timeout: 600s
[16-Nov-2025 16:48:10 Europe/Rome] Session initialized - Host: localhost:8888, Domain: , Secure: false, Timeout: 600s
[16-Nov-2025 16:48:10 Europe/Rome] Session initialized - Host: localhost:8888, Domain: , Secure: false, Timeout: 600s
[16-Nov-2025 16:49:10 Europe/Rome] Session initialized - Host: localhost:8888, Domain: , Secure: false, Timeout: 600s
[16-Nov-2025 16:49:10 Europe/Rome] Session initialized - Host: localhost:8888, Domain: , Secure: false, Timeout: 600s
[16-Nov-2025 16:49:10 Europe/Rome] Session initialized - Host: localhost:8888, Domain: , Secure: false, Timeout: 600s
[16-Nov-2025 16:49:10 Europe/Rome] Session initialized - Host: localhost:8888, Domain: , Secure: false, Timeout: 600s
[16-Nov-2025 16:49:10 Europe/Rome] Session initialized - Host: localhost:8888, Domain: , Secure: false, Timeout: 600s
[16-Nov-2025 16:49:10 Europe/Rome] Session initialized - Host: localhost:8888, Domain: , Secure: false, Timeout: 600s
[16-Nov-2025 16:50:10 Europe/Rome] Session initialized - Host: localhost:8888, Domain: , Secure: false, Timeout: 600s
[16-Nov-2025 16:50:10 Europe/Rome] Session initialized - Host: localhost:8888, Domain: , Secure: false, Timeout: 600s
[16-Nov-2025 16:50:10 Europe/Rome] Session initialized - Host: localhost:8888, Domain: , Secure: false, Timeout: 600s
[16-Nov-2025 16:50:10 Europe/Rome] Session initialized - Host: localhost:8888, Domain: , Secure: false, Timeout: 600s
[16-Nov-2025 16:50:10 Europe/Rome] Session initialized - Host: localhost:8888, Domain: , Secure: false, Timeout: 600s
[16-Nov-2025 16:50:10 Europe/Rome] Session initialized - Host: localhost:8888, Domain: , Secure: false, Timeout: 600s
[16-Nov-2025 16:51:10 Europe/Rome] Session initialized - Host: localhost:8888, Domain: , Secure: false, Timeout: 600s
[16-Nov-2025 16:51:10 Europe/Rome] Session initialized - Host: localhost:8888, Domain: , Secure: false, Timeout: 600s
[16-Nov-2025 16:51:10 Europe/Rome] Session initialized - Host: localhost:8888, Domain: , Secure: false, Timeout: 600s
[16-Nov-2025 16:51:10 Europe/Rome] Session initialized - Host: localhost:8888, Domain: , Secure: false, Timeout: 600s
[16-Nov-2025 16:51:10 Europe/Rome] Session initialized - Host: localhost:8888, Domain: , Secure: false, Timeout: 600s
[16-Nov-2025 16:51:10 Europe/Rome] Session initialized - Host: localhost:8888, Domain: , Secure: false, Timeout: 600s
[16-Nov-2025 16:52:10 Europe/Rome] Session initialized - Host: localhost:8888, Domain: , Secure: false, Timeout: 600s
[16-Nov-2025 16:52:10 Europe/Rome] Session initialized - Host: localhost:8888, Domain: , Secure: false, Timeout: 600s
[16-Nov-2025 16:52:10 Europe/Rome] Session initialized - Host: localhost:8888, Domain: , Secure: false, Timeout: 600s
[16-Nov-2025 16:52:10 Europe/Rome] Session initialized - Host: localhost:8888, Domain: , Secure: false, Timeout: 600s
[16-Nov-2025 16:52:10 Europe/Rome] Session initialized - Host: localhost:8888, Domain: , Secure: false, Timeout: 600s
[16-Nov-2025 16:52:10 Europe/Rome] Session initialized - Host: localhost:8888, Domain: , Secure: false, Timeout: 600s
[16-Nov-2025 16:53:10 Europe/Rome] Session initialized - Host: localhost:8888, Domain: , Secure: false, Timeout: 600s
[16-Nov-2025 16:53:10 Europe/Rome] Session initialized - Host: localhost:8888, Domain: , Secure: false, Timeout: 600s
[16-Nov-2025 16:53:10 Europe/Rome] Session initialized - Host: localhost:8888, Domain: , Secure: false, Timeout: 600s
[16-Nov-2025 16:53:10 Europe/Rome] Session initialized - Host: localhost:8888, Domain: , Secure: false, Timeout: 600s
[16-Nov-2025 16:53:10 Europe/Rome] Session initialized - Host: localhost:8888, Domain: , Secure: false, Timeout: 600s
[16-Nov-2025 16:53:10 Europe/Rome] Session initialized - Host: localhost:8888, Domain: , Secure: false, Timeout: 600s
[16-Nov-2025 16:54:10 Europe/Rome] Session initialized - Host: localhost:8888, Domain: , Secure: false, Timeout: 600s
[16-Nov-2025 16:54:10 Europe/Rome] Session initialized - Host: localhost:8888, Domain: , Secure: false, Timeout: 600s
[16-Nov-2025 16:54:10 Europe/Rome] Session initialized - Host: localhost:8888, Domain: , Secure: false, Timeout: 600s
[16-Nov-2025 16:54:10 Europe/Rome] Session initialized - Host: localhost:8888, Domain: , Secure: false, Timeout: 600s
[16-Nov-2025 16:54:10 Europe/Rome] Session initialized - Host: localhost:8888, Domain: , Secure: false, Timeout: 600s
[16-Nov-2025 16:54:10 Europe/Rome] Session initialized - Host: localhost:8888, Domain: , Secure: false, Timeout: 600s
[16-Nov-2025 16:55:10 Europe/Rome] Session initialized - Host: localhost:8888, Domain: , Secure: false, Timeout: 600s
[16-Nov-2025 16:55:10 Europe/Rome] Session initialized - Host: localhost:8888, Domain: , Secure: false, Timeout: 600s
[16-Nov-2025 16:55:10 Europe/Rome] Session initialized - Host: localhost:8888, Domain: , Secure: false, Timeout: 600s
[16-Nov-2025 16:55:10 Europe/Rome] Session initialized - Host: localhost:8888, Domain: , Secure: false, Timeout: 600s
[16-Nov-2025 16:55:10 Europe/Rome] Session initialized - Host: localhost:8888, Domain: , Secure: false, Timeout: 600s
[16-Nov-2025 16:55:10 Europe/Rome] Session initialized - Host: localhost:8888, Domain: , Secure: false, Timeout: 600s
[16-Nov-2025 16:55:48 Europe/Rome] Session initialized - Host: localhost:8888, Domain: , Secure: false, Timeout: 600s
[16-Nov-2025 16:55:48 Europe/Rome] Session initialized - Host: localhost:8888, Domain: , Secure: false, Timeout: 600s
[16-Nov-2025 16:55:48 Europe/Rome] Session initialized - Host: localhost:8888, Domain: , Secure: false, Timeout: 600s
[16-Nov-2025 16:55:48 Europe/Rome] Session initialized - Host: localhost:8888, Domain: , Secure: false, Timeout: 600s
[16-Nov-2025 16:55:48 Europe/Rome] Session initialized - Host: localhost:8888, Domain: , Secure: false, Timeout: 600s
[16-Nov-2025 16:55:48 Europe/Rome] Session initialized - Host: localhost:8888, Domain: , Secure: false, Timeout: 600s
[16-Nov-2025 16:55:52 Europe/Rome] Session initialized - Host: localhost:8888, Domain: , Secure: false, Timeout: 600s
[16-Nov-2025 16:55:52 Europe/Rome] Session initialized - Host: localhost:8888, Domain: , Secure: false, Timeout: 600s
[16-Nov-2025 16:55:52 Europe/Rome] Session initialized - Host: localhost:8888, Domain: , Secure: false, Timeout: 600s
[16-Nov-2025 16:55:52 Europe/Rome] Session initialized - Host: localhost:8888, Domain: , Secure: false, Timeout: 600s
[16-Nov-2025 16:55:52 Europe/Rome] Session initialized - Host: localhost:8888, Domain: , Secure: false, Timeout: 600s
[16-Nov-2025 16:55:52 Europe/Rome] Session initialized - Host: localhost:8888, Domain: , Secure: false, Timeout: 600s
[16-Nov-2025 16:55:52 Europe/Rome] Session initialized - Host: localhost:8888, Domain: , Secure: false, Timeout: 600s
[16-Nov-2025 16:55:54 Europe/Rome] Session initialized - Host: localhost:8888, Domain: , Secure: false, Timeout: 600s
[16-Nov-2025 16:55:54 Europe/Rome] Session initialized - Host: localhost:8888, Domain: , Secure: false, Timeout: 600s
[16-Nov-2025 16:55:54 Europe/Rome] Session initialized - Host: localhost:8888, Domain: , Secure: false, Timeout: 600s
[16-Nov-2025 16:55:54 Europe/Rome] Session initialized - Host: localhost:8888, Domain: , Secure: false, Timeout: 600s
[16-Nov-2025 16:55:54 Europe/Rome] Session initialized - Host: localhost:8888, Domain: , Secure: false, Timeout: 600s
[16-Nov-2025 16:55:54 Europe/Rome] Session initialized - Host: localhost:8888, Domain: , Secure: false, Timeout: 600s
[16-Nov-2025 16:55:54 Europe/Rome] Session initialized - Host: localhost:8888, Domain: , Secure: false, Timeout: 600s
[16-Nov-2025 16:56:00 Europe/Rome] Session initialized - Host: localhost:8888, Domain: , Secure: false, Timeout: 600s
[16-Nov-2025 16:56:00 Europe/Rome] Session initialized - Host: localhost:8888, Domain: , Secure: false, Timeout: 600s
[16-Nov-2025 16:56:00 Europe/Rome] Session initialized - Host: localhost:8888, Domain: , Secure: false, Timeout: 600s
[16-Nov-2025 16:56:00 Europe/Rome] Session initialized - Host: localhost:8888, Domain: , Secure: false, Timeout: 600s
[16-Nov-2025 16:56:00 Europe/Rome] Session initialized - Host: localhost:8888, Domain: , Secure: false, Timeout: 600s
[16-Nov-2025 16:56:00 Europe/Rome] Session initialized - Host: localhost:8888, Domain: , Secure: false, Timeout: 600s
[16-Nov-2025 16:56:00 Europe/Rome] Session initialized - Host: localhost:8888, Domain: , Secure: false, Timeout: 600s
[16-Nov-2025 16:56:01 Europe/Rome] Session initialized - Host: localhost:8888, Domain: , Secure: false, Timeout: 600s
[16-Nov-2025 16:56:02 Europe/Rome] Session initialized - Host: localhost:8888, Domain: , Secure: false, Timeout: 600s
[16-Nov-2025 16:56:02 Europe/Rome] Session initialized - Host: localhost:8888, Domain: , Secure: false, Timeout: 600s
[16-Nov-2025 16:56:02 Europe/Rome] Session initialized - Host: localhost:8888, Domain: , Secure: false, Timeout: 600s
[16-Nov-2025 16:56:02 Europe/Rome] API CSRF Check - Token received: 7b20a51f4f...
[16-Nov-2025 16:56:02 Europe/Rome] API CSRF Check - Session token: 7b20a51f4f...
[16-Nov-2025 16:56:02 Europe/Rome] Session initialized - Host: localhost:8888, Domain: , Secure: false, Timeout: 600s
[16-Nov-2025 16:56:02 Europe/Rome] API CSRF Check - Token received: 7b20a51f4f...
[16-Nov-2025 16:56:02 Europe/Rome] API CSRF Check - Session token: 7b20a51f4f...
[16-Nov-2025 16:56:02 Europe/Rome] Session initialized - Host: localhost:8888, Domain: , Secure: false, Timeout: 600s
[16-Nov-2025 16:56:02 Europe/Rome] List API - User ID: 19, Role: super_admin, Tenant: 1
[16-Nov-2025 16:56:02 Europe/Rome] API CSRF Check - Token received: 7b20a51f4f...
[16-Nov-2025 16:56:02 Europe/Rome] API CSRF Check - Session token: 7b20a51f4f...
[16-Nov-2025 16:56:02 Europe/Rome] Session initialized - Host: localhost:8888, Domain: , Secure: false, Timeout: 600s
[16-Nov-2025 16:56:02 Europe/Rome] API CSRF Check - Token received: 7b20a51f4f...
[16-Nov-2025 16:56:02 Europe/Rome] API CSRF Check - Session token: 7b20a51f4f...
[16-Nov-2025 16:56:06 Europe/Rome] Session initialized - Host: localhost:8888, Domain: , Secure: false, Timeout: 600s
[16-Nov-2025 16:56:06 Europe/Rome] API CSRF Check - Token received: 7b20a51f4f...
[16-Nov-2025 16:56:06 Europe/Rome] API CSRF Check - Session token: 7b20a51f4f...
[16-Nov-2025 16:56:06 Europe/Rome] Audit log failed: SQLSTATE[23000]: Integrity constraint violation: 4025 CONSTRAINT `chk_audit_entity` failed for `collaboranexio`.`audit_logs`
[16-Nov-2025 16:56:08 Europe/Rome] Session initialized - Host: localhost:8888, Domain: , Secure: false, Timeout: 600s
[16-Nov-2025 16:56:08 Europe/Rome] API CSRF Check - Token received: 7b20a51f4f...
[16-Nov-2025 16:56:08 Europe/Rome] API CSRF Check - Session token: 7b20a51f4f...
[16-Nov-2025 16:56:08 Europe/Rome] Audit log failed: SQLSTATE[23000]: Integrity constraint violation: 4025 CONSTRAINT `chk_audit_entity` failed for `collaboranexio`.`audit_logs`
[16-Nov-2025 16:56:11 Europe/Rome] Session initialized - Host: localhost:8888, Domain: , Secure: false, Timeout: 600s
[16-Nov-2025 16:56:11 Europe/Rome] API CSRF Check - Token received: 7b20a51f4f...
[16-Nov-2025 16:56:11 Europe/Rome] API CSRF Check - Session token: 7b20a51f4f...
[16-Nov-2025 16:56:11 Europe/Rome] Audit log failed: SQLSTATE[23000]: Integrity constraint violation: 4025 CONSTRAINT `chk_audit_entity` failed for `collaboranexio`.`audit_logs`
[16-Nov-2025 16:56:14 Europe/Rome] Session initialized - Host: localhost:8888, Domain: , Secure: false, Timeout: 600s
[16-Nov-2025 16:56:14 Europe/Rome] API CSRF Check - Token received: 7b20a51f4f...
[16-Nov-2025 16:56:14 Europe/Rome] API CSRF Check - Session token: 7b20a51f4f...
[16-Nov-2025 16:56:14 Europe/Rome] Audit log failed: SQLSTATE[23000]: Integrity constraint violation: 4025 CONSTRAINT `chk_audit_entity` failed for `collaboranexio`.`audit_logs`
[16-Nov-2025 16:56:17 Europe/Rome] Session initialized - Host: localhost:8888, Domain: , Secure: false, Timeout: 600s
[16-Nov-2025 16:56:17 Europe/Rome] API CSRF Check - Token received: 7b20a51f4f...
[16-Nov-2025 16:56:17 Europe/Rome] API CSRF Check - Session token: 7b20a51f4f...
[16-Nov-2025 16:56:17 Europe/Rome] Audit log failed: SQLSTATE[23000]: Integrity constraint violation: 4025 CONSTRAINT `chk_audit_entity` failed for `collaboranexio`.`audit_logs`
[16-Nov-2025 16:56:20 Europe/Rome] Session initialized - Host: localhost:8888, Domain: , Secure: false, Timeout: 600s
[16-Nov-2025 16:56:20 Europe/Rome] API CSRF Check - Token received: 7b20a51f4f...
[16-Nov-2025 16:56:20 Europe/Rome] API CSRF Check - Session token: 7b20a51f4f...
[16-Nov-2025 16:56:20 Europe/Rome] Audit log failed: SQLSTATE[23000]: Integrity constraint violation: 4025 CONSTRAINT `chk_audit_entity` failed for `collaboranexio`.`audit_logs`
[16-Nov-2025 16:56:21 Europe/Rome] Session initialized - Host: localhost:8888, Domain: , Secure: false, Timeout: 600s
[16-Nov-2025 16:56:21 Europe/Rome] Session initialized - Host: localhost:8888, Domain: , Secure: false, Timeout: 600s
[16-Nov-2025 16:56:21 Europe/Rome] List API - User ID: 19, Role: super_admin, Tenant: 1
[16-Nov-2025 16:56:21 Europe/Rome] API CSRF Check - Token received: 7b20a51f4f...
[16-Nov-2025 16:56:21 Europe/Rome] API CSRF Check - Session token: 7b20a51f4f...
[16-Nov-2025 16:56:21 Europe/Rome] Session initialized - Host: localhost:8888, Domain: , Secure: false, Timeout: 600s
[16-Nov-2025 16:56:21 Europe/Rome] Session initialized - Host: localhost:8888, Domain: , Secure: false, Timeout: 600s
[16-Nov-2025 16:56:23 Europe/Rome] Session initialized - Host: localhost:8888, Domain: , Secure: false, Timeout: 600s
[16-Nov-2025 16:56:23 Europe/Rome] API CSRF Check - Token received: 7b20a51f4f...
[16-Nov-2025 16:56:23 Europe/Rome] API CSRF Check - Session token: 7b20a51f4f...
[16-Nov-2025 16:56:23 Europe/Rome] Session initialized - Host: localhost:8888, Domain: , Secure: false, Timeout: 600s
[16-Nov-2025 16:56:25 Europe/Rome] Session initialized - Host: localhost:8888, Domain: , Secure: false, Timeout: 600s
[16-Nov-2025 16:56:25 Europe/Rome] API CSRF Check - Token received: 7b20a51f4f...
[16-Nov-2025 16:56:25 Europe/Rome] API CSRF Check - Session token: 7b20a51f4f...
[16-Nov-2025 16:56:25 Europe/Rome] Session initialized - Host: localhost:8888, Domain: , Secure: false, Timeout: 600s
[16-Nov-2025 16:56:27 Europe/Rome] Session initialized - Host: localhost:8888, Domain: , Secure: false, Timeout: 600s
[16-Nov-2025 16:56:27 Europe/Rome] API CSRF Check - Token received: 7b20a51f4f...
[16-Nov-2025 16:56:27 Europe/Rome] API CSRF Check - Session token: 7b20a51f4f...
[16-Nov-2025 16:56:27 Europe/Rome] Session initialized - Host: localhost:8888, Domain: , Secure: false, Timeout: 600s
[16-Nov-2025 16:56:30 Europe/Rome] Session initialized - Host: localhost:8888, Domain: , Secure: false, Timeout: 600s
[16-Nov-2025 16:56:30 Europe/Rome] API CSRF Check - Token received: 7b20a51f4f...
[16-Nov-2025 16:56:30 Europe/Rome] API CSRF Check - Session token: 7b20a51f4f...
[16-Nov-2025 16:56:30 Europe/Rome] Session initialized - Host: localhost:8888, Domain: , Secure: false, Timeout: 600s
[16-Nov-2025 16:56:31 Europe/Rome] Session initialized - Host: localhost:8888, Domain: , Secure: false, Timeout: 600s
[16-Nov-2025 16:56:31 Europe/Rome] Session initialized - Host: localhost:8888, Domain: , Secure: false, Timeout: 600s
[16-Nov-2025 16:56:31 Europe/Rome] Session initialized - Host: localhost:8888, Domain: , Secure: false, Timeout: 600s
[16-Nov-2025 16:56:31 Europe/Rome] PHP Warning:  Trying to access array offset on value of type bool in C:\xampp\htdocs\CollaboraNexio\api\tickets\stats.php on line 88
[16-Nov-2025 16:56:31 Europe/Rome] Session initialized - Host: localhost:8888, Domain: , Secure: false, Timeout: 600s
[16-Nov-2025 16:56:35 Europe/Rome] Session initialized - Host: localhost:8888, Domain: , Secure: false, Timeout: 600s
[16-Nov-2025 16:56:35 Europe/Rome] Session initialized - Host: localhost:8888, Domain: , Secure: false, Timeout: 600s
[16-Nov-2025 16:56:35 Europe/Rome] Session initialized - Host: localhost:8888, Domain: , Secure: false, Timeout: 600s
[16-Nov-2025 16:56:35 Europe/Rome] Session initialized - Host: localhost:8888, Domain: , Secure: false, Timeout: 600s
[16-Nov-2025 16:56:35 Europe/Rome] Session initialized - Host: localhost:8888, Domain: , Secure: false, Timeout: 600s
[16-Nov-2025 16:56:35 Europe/Rome] Session initialized - Host: localhost:8888, Domain: , Secure: false, Timeout: 600s
[16-Nov-2025 16:56:35 Europe/Rome] Session initialized - Host: localhost:8888, Domain: , Secure: false, Timeout: 600s
[16-Nov-2025 16:56:35 Europe/Rome] Session initialized - Host: localhost:8888, Domain: , Secure: false, Timeout: 600s
[16-Nov-2025 16:56:35 Europe/Rome] Session initialized - Host: localhost:8888, Domain: , Secure: false, Timeout: 600s
[16-Nov-2025 16:56:35 Europe/Rome] Session initialized - Host: localhost:8888, Domain: , Secure: false, Timeout: 600s
[16-Nov-2025 16:56:35 Europe/Rome] Session initialized - Host: localhost:8888, Domain: , Secure: false, Timeout: 600s
[16-Nov-2025 16:56:35 Europe/Rome] Session initialized - Host: localhost:8888, Domain: , Secure: false, Timeout: 600s
[16-Nov-2025 16:56:35 Europe/Rome] Session initialized - Host: localhost:8888, Domain: , Secure: false, Timeout: 600s
[16-Nov-2025 16:56:35 Europe/Rome] Session initialized - Host: localhost:8888, Domain: , Secure: false, Timeout: 600s
[16-Nov-2025 16:56:36 Europe/Rome] Session initialized - Host: localhost:8888, Domain: , Secure: false, Timeout: 600s
[16-Nov-2025 16:56:36 Europe/Rome] Session initialized - Host: localhost:8888, Domain: , Secure: false, Timeout: 600s
[16-Nov-2025 16:56:36 Europe/Rome] Session initialized - Host: localhost:8888, Domain: , Secure: false, Timeout: 600s
[16-Nov-2025 16:56:36 Europe/Rome] Session initialized - Host: localhost:8888, Domain: , Secure: false, Timeout: 600s
[16-Nov-2025 16:56:36 Europe/Rome] Session initialized - Host: localhost:8888, Domain: , Secure: false, Timeout: 600s
[16-Nov-2025 16:56:36 Europe/Rome] Session initialized - Host: localhost:8888, Domain: , Secure: false, Timeout: 600s
[16-Nov-2025 16:56:36 Europe/Rome] Session initialized - Host: localhost:8888, Domain: , Secure: false, Timeout: 600s
[16-Nov-2025 16:56:36 Europe/Rome] Session initialized - Host: localhost:8888, Domain: , Secure: false, Timeout: 600s
[16-Nov-2025 16:56:37 Europe/Rome] Session initialized - Host: localhost:8888, Domain: , Secure: false, Timeout: 600s
[16-Nov-2025 16:56:37 Europe/Rome] Session initialized - Host: localhost:8888, Domain: , Secure: false, Timeout: 600s
[16-Nov-2025 16:56:37 Europe/Rome] Session initialized - Host: localhost:8888, Domain: , Secure: false, Timeout: 600s
[16-Nov-2025 16:56:37 Europe/Rome] Session initialized - Host: localhost:8888, Domain: , Secure: false, Timeout: 600s
[16-Nov-2025 16:56:37 Europe/Rome] Session initialized - Host: localhost:8888, Domain: , Secure: false, Timeout: 600s
[16-Nov-2025 16:56:37 Europe/Rome] Session initialized - Host: localhost:8888, Domain: , Secure: false, Timeout: 600s
[16-Nov-2025 16:57:37 Europe/Rome] Session initialized - Host: localhost:8888, Domain: , Secure: false, Timeout: 600s
[16-Nov-2025 16:57:37 Europe/Rome] Session initialized - Host: localhost:8888, Domain: , Secure: false, Timeout: 600s
[16-Nov-2025 16:57:37 Europe/Rome] Session initialized - Host: localhost:8888, Domain: , Secure: false, Timeout: 600s
[16-Nov-2025 16:57:37 Europe/Rome] Session initialized - Host: localhost:8888, Domain: , Secure: false, Timeout: 600s
[16-Nov-2025 16:57:37 Europe/Rome] Session initialized - Host: localhost:8888, Domain: , Secure: false, Timeout: 600s
[16-Nov-2025 16:57:37 Europe/Rome] Session initialized - Host: localhost:8888, Domain: , Secure: false, Timeout: 600s
[16-Nov-2025 16:58:37 Europe/Rome] Session initialized - Host: localhost:8888, Domain: , Secure: false, Timeout: 600s
[16-Nov-2025 16:58:37 Europe/Rome] Session initialized - Host: localhost:8888, Domain: , Secure: false, Timeout: 600s
[16-Nov-2025 16:58:37 Europe/Rome] Session initialized - Host: localhost:8888, Domain: , Secure: false, Timeout: 600s
[16-Nov-2025 16:58:37 Europe/Rome] Session initialized - Host: localhost:8888, Domain: , Secure: false, Timeout: 600s
[16-Nov-2025 16:58:37 Europe/Rome] Session initialized - Host: localhost:8888, Domain: , Secure: false, Timeout: 600s
[16-Nov-2025 16:58:37 Europe/Rome] Session initialized - Host: localhost:8888, Domain: , Secure: false, Timeout: 600s
[16-Nov-2025 16:59:37 Europe/Rome] Session initialized - Host: localhost:8888, Domain: , Secure: false, Timeout: 600s
[16-Nov-2025 16:59:37 Europe/Rome] Session initialized - Host: localhost:8888, Domain: , Secure: false, Timeout: 600s
[16-Nov-2025 16:59:37 Europe/Rome] Session initialized - Host: localhost:8888, Domain: , Secure: false, Timeout: 600s
[16-Nov-2025 16:59:37 Europe/Rome] Session initialized - Host: localhost:8888, Domain: , Secure: false, Timeout: 600s
[16-Nov-2025 16:59:37 Europe/Rome] Session initialized - Host: localhost:8888, Domain: , Secure: false, Timeout: 600s
[16-Nov-2025 16:59:37 Europe/Rome] Session initialized - Host: localhost:8888, Domain: , Secure: false, Timeout: 600s
[16-Nov-2025 17:00:37 Europe/Rome] Session initialized - Host: localhost:8888, Domain: , Secure: false, Timeout: 600s
[16-Nov-2025 17:00:37 Europe/Rome] Session initialized - Host: localhost:8888, Domain: , Secure: false, Timeout: 600s
[16-Nov-2025 17:00:37 Europe/Rome] Session initialized - Host: localhost:8888, Domain: , Secure: false, Timeout: 600s
[16-Nov-2025 17:00:37 Europe/Rome] Session initialized - Host: localhost:8888, Domain: , Secure: false, Timeout: 600s
[16-Nov-2025 17:00:37 Europe/Rome] Session initialized - Host: localhost:8888, Domain: , Secure: false, Timeout: 600s
[16-Nov-2025 17:00:37 Europe/Rome] Session initialized - Host: localhost:8888, Domain: , Secure: false, Timeout: 600s
[16-Nov-2025 17:01:37 Europe/Rome] Session initialized - Host: localhost:8888, Domain: , Secure: false, Timeout: 600s
[16-Nov-2025 17:01:37 Europe/Rome] Session initialized - Host: localhost:8888, Domain: , Secure: false, Timeout: 600s
[16-Nov-2025 17:01:37 Europe/Rome] Session initialized - Host: localhost:8888, Domain: , Secure: false, Timeout: 600s
[16-Nov-2025 17:01:37 Europe/Rome] Session initialized - Host: localhost:8888, Domain: , Secure: false, Timeout: 600s
[16-Nov-2025 17:01:37 Europe/Rome] Session initialized - Host: localhost:8888, Domain: , Secure: false, Timeout: 600s
[16-Nov-2025 17:01:37 Europe/Rome] Session initialized - Host: localhost:8888, Domain: , Secure: false, Timeout: 600s
[16-Nov-2025 17:02:37 Europe/Rome] Session initialized - Host: localhost:8888, Domain: , Secure: false, Timeout: 600s
[16-Nov-2025 17:02:37 Europe/Rome] Session initialized - Host: localhost:8888, Domain: , Secure: false, Timeout: 600s
[16-Nov-2025 17:02:37 Europe/Rome] Session initialized - Host: localhost:8888, Domain: , Secure: false, Timeout: 600s
[16-Nov-2025 17:02:37 Europe/Rome] Session initialized - Host: localhost:8888, Domain: , Secure: false, Timeout: 600s
[16-Nov-2025 17:02:37 Europe/Rome] Session initialized - Host: localhost:8888, Domain: , Secure: false, Timeout: 600s
[16-Nov-2025 17:02:37 Europe/Rome] Session initialized - Host: localhost:8888, Domain: , Secure: false, Timeout: 600s
[16-Nov-2025 17:04:10 Europe/Rome] Session initialized - Host: localhost:8888, Domain: , Secure: false, Timeout: 600s
[16-Nov-2025 17:04:10 Europe/Rome] Session initialized - Host: localhost:8888, Domain: , Secure: false, Timeout: 600s
[16-Nov-2025 17:04:10 Europe/Rome] Session initialized - Host: localhost:8888, Domain: , Secure: false, Timeout: 600s
[16-Nov-2025 17:04:10 Europe/Rome] Session initialized - Host: localhost:8888, Domain: , Secure: false, Timeout: 600s
[16-Nov-2025 17:04:10 Europe/Rome] Session initialized - Host: localhost:8888, Domain: , Secure: false, Timeout: 600s
[16-Nov-2025 17:04:10 Europe/Rome] Session initialized - Host: localhost:8888, Domain: , Secure: false, Timeout: 600s
[16-Nov-2025 17:05:10 Europe/Rome] Session initialized - Host: localhost:8888, Domain: , Secure: false, Timeout: 600s
[16-Nov-2025 17:05:10 Europe/Rome] Session initialized - Host: localhost:8888, Domain: , Secure: false, Timeout: 600s
[16-Nov-2025 17:05:10 Europe/Rome] Session initialized - Host: localhost:8888, Domain: , Secure: false, Timeout: 600s
[16-Nov-2025 17:05:10 Europe/Rome] Session initialized - Host: localhost:8888, Domain: , Secure: false, Timeout: 600s
[16-Nov-2025 17:05:10 Europe/Rome] Session initialized - Host: localhost:8888, Domain: , Secure: false, Timeout: 600s
[16-Nov-2025 17:05:10 Europe/Rome] Session initialized - Host: localhost:8888, Domain: , Secure: false, Timeout: 600s
[16-Nov-2025 17:06:10 Europe/Rome] Session initialized - Host: localhost:8888, Domain: , Secure: false, Timeout: 600s
[16-Nov-2025 17:06:10 Europe/Rome] Session initialized - Host: localhost:8888, Domain: , Secure: false, Timeout: 600s
[16-Nov-2025 17:06:10 Europe/Rome] Session initialized - Host: localhost:8888, Domain: , Secure: false, Timeout: 600s
[16-Nov-2025 17:06:10 Europe/Rome] Session initialized - Host: localhost:8888, Domain: , Secure: false, Timeout: 600s
[16-Nov-2025 17:06:10 Europe/Rome] Session initialized - Host: localhost:8888, Domain: , Secure: false, Timeout: 600s
[16-Nov-2025 17:06:10 Europe/Rome] Session initialized - Host: localhost:8888, Domain: , Secure: false, Timeout: 600s
[16-Nov-2025 17:07:10 Europe/Rome] Session initialized - Host: localhost:8888, Domain: , Secure: false, Timeout: 600s
[16-Nov-2025 17:07:10 Europe/Rome] Session initialized - Host: localhost:8888, Domain: , Secure: false, Timeout: 600s
[16-Nov-2025 17:07:10 Europe/Rome] Session initialized - Host: localhost:8888, Domain: , Secure: false, Timeout: 600s
[16-Nov-2025 17:07:10 Europe/Rome] Session initialized - Host: localhost:8888, Domain: , Secure: false, Timeout: 600s
[16-Nov-2025 17:07:10 Europe/Rome] Session initialized - Host: localhost:8888, Domain: , Secure: false, Timeout: 600s
[16-Nov-2025 17:07:10 Europe/Rome] Session initialized - Host: localhost:8888, Domain: , Secure: false, Timeout: 600s
[16-Nov-2025 17:08:10 Europe/Rome] Session initialized - Host: localhost:8888, Domain: , Secure: false, Timeout: 600s
[16-Nov-2025 17:08:10 Europe/Rome] Session initialized - Host: localhost:8888, Domain: , Secure: false, Timeout: 600s
[16-Nov-2025 17:08:10 Europe/Rome] Session initialized - Host: localhost:8888, Domain: , Secure: false, Timeout: 600s
[16-Nov-2025 17:08:10 Europe/Rome] Session initialized - Host: localhost:8888, Domain: , Secure: false, Timeout: 600s
[16-Nov-2025 17:08:10 Europe/Rome] Session initialized - Host: localhost:8888, Domain: , Secure: false, Timeout: 600s
[16-Nov-2025 17:08:10 Europe/Rome] Session initialized - Host: localhost:8888, Domain: , Secure: false, Timeout: 600s
[16-Nov-2025 17:09:10 Europe/Rome] Session initialized - Host: localhost:8888, Domain: , Secure: false, Timeout: 600s
[16-Nov-2025 17:09:10 Europe/Rome] Session initialized - Host: localhost:8888, Domain: , Secure: false, Timeout: 600s
[16-Nov-2025 17:09:10 Europe/Rome] Session initialized - Host: localhost:8888, Domain: , Secure: false, Timeout: 600s
[16-Nov-2025 17:09:10 Europe/Rome] Session initialized - Host: localhost:8888, Domain: , Secure: false, Timeout: 600s
[16-Nov-2025 17:09:10 Europe/Rome] Session initialized - Host: localhost:8888, Domain: , Secure: false, Timeout: 600s
[16-Nov-2025 17:09:10 Europe/Rome] Session initialized - Host: localhost:8888, Domain: , Secure: false, Timeout: 600s
[16-Nov-2025 17:10:10 Europe/Rome] Session initialized - Host: localhost:8888, Domain: , Secure: false, Timeout: 600s
[16-Nov-2025 17:10:10 Europe/Rome] Session initialized - Host: localhost:8888, Domain: , Secure: false, Timeout: 600s
[16-Nov-2025 17:10:10 Europe/Rome] Session initialized - Host: localhost:8888, Domain: , Secure: false, Timeout: 600s
[16-Nov-2025 17:10:10 Europe/Rome] Session initialized - Host: localhost:8888, Domain: , Secure: false, Timeout: 600s
[16-Nov-2025 17:10:10 Europe/Rome] Session initialized - Host: localhost:8888, Domain: , Secure: false, Timeout: 600s
[16-Nov-2025 17:10:10 Europe/Rome] Session initialized - Host: localhost:8888, Domain: , Secure: false, Timeout: 600s
[16-Nov-2025 17:11:10 Europe/Rome] Session initialized - Host: localhost:8888, Domain: , Secure: false, Timeout: 600s
[16-Nov-2025 17:11:10 Europe/Rome] Session initialized - Host: localhost:8888, Domain: , Secure: false, Timeout: 600s
[16-Nov-2025 17:11:10 Europe/Rome] Session initialized - Host: localhost:8888, Domain: , Secure: false, Timeout: 600s
[16-Nov-2025 17:11:10 Europe/Rome] Session initialized - Host: localhost:8888, Domain: , Secure: false, Timeout: 600s
[16-Nov-2025 17:11:10 Europe/Rome] Session initialized - Host: localhost:8888, Domain: , Secure: false, Timeout: 600s
[16-Nov-2025 17:11:10 Europe/Rome] Session initialized - Host: localhost:8888, Domain: , Secure: false, Timeout: 600s
[16-Nov-2025 17:12:10 Europe/Rome] Session initialized - Host: localhost:8888, Domain: , Secure: false, Timeout: 600s
[16-Nov-2025 17:12:10 Europe/Rome] Session initialized - Host: localhost:8888, Domain: , Secure: false, Timeout: 600s
[16-Nov-2025 17:12:10 Europe/Rome] Session initialized - Host: localhost:8888, Domain: , Secure: false, Timeout: 600s
[16-Nov-2025 17:12:10 Europe/Rome] Session initialized - Host: localhost:8888, Domain: , Secure: false, Timeout: 600s
[16-Nov-2025 17:12:10 Europe/Rome] Session initialized - Host: localhost:8888, Domain: , Secure: false, Timeout: 600s
[16-Nov-2025 17:12:10 Europe/Rome] Session initialized - Host: localhost:8888, Domain: , Secure: false, Timeout: 600s
[16-Nov-2025 17:13:10 Europe/Rome] Session initialized - Host: localhost:8888, Domain: , Secure: false, Timeout: 600s
[16-Nov-2025 17:13:10 Europe/Rome] Session initialized - Host: localhost:8888, Domain: , Secure: false, Timeout: 600s
[16-Nov-2025 17:13:10 Europe/Rome] Session initialized - Host: localhost:8888, Domain: , Secure: false, Timeout: 600s
[16-Nov-2025 17:13:10 Europe/Rome] Session initialized - Host: localhost:8888, Domain: , Secure: false, Timeout: 600s
[16-Nov-2025 17:13:10 Europe/Rome] Session initialized - Host: localhost:8888, Domain: , Secure: false, Timeout: 600s
[16-Nov-2025 17:13:10 Europe/Rome] Session initialized - Host: localhost:8888, Domain: , Secure: false, Timeout: 600s
[16-Nov-2025 17:14:10 Europe/Rome] Session initialized - Host: localhost:8888, Domain: , Secure: false, Timeout: 600s
[16-Nov-2025 17:14:10 Europe/Rome] Session initialized - Host: localhost:8888, Domain: , Secure: false, Timeout: 600s
[16-Nov-2025 17:14:10 Europe/Rome] Session initialized - Host: localhost:8888, Domain: , Secure: false, Timeout: 600s
[16-Nov-2025 17:14:10 Europe/Rome] Session initialized - Host: localhost:8888, Domain: , Secure: false, Timeout: 600s
[16-Nov-2025 17:14:10 Europe/Rome] Session initialized - Host: localhost:8888, Domain: , Secure: false, Timeout: 600s
[16-Nov-2025 17:14:10 Europe/Rome] Session initialized - Host: localhost:8888, Domain: , Secure: false, Timeout: 600s
[16-Nov-2025 17:15:10 Europe/Rome] Session initialized - Host: localhost:8888, Domain: , Secure: false, Timeout: 600s
[16-Nov-2025 17:15:10 Europe/Rome] Session initialized - Host: localhost:8888, Domain: , Secure: false, Timeout: 600s
[16-Nov-2025 17:15:10 Europe/Rome] Session initialized - Host: localhost:8888, Domain: , Secure: false, Timeout: 600s
[16-Nov-2025 17:15:10 Europe/Rome] Session initialized - Host: localhost:8888, Domain: , Secure: false, Timeout: 600s
[16-Nov-2025 17:15:10 Europe/Rome] Session initialized - Host: localhost:8888, Domain: , Secure: false, Timeout: 600s
[16-Nov-2025 17:15:10 Europe/Rome] Session initialized - Host: localhost:8888, Domain: , Secure: false, Timeout: 600s
[16-Nov-2025 17:16:10 Europe/Rome] Session initialized - Host: localhost:8888, Domain: , Secure: false, Timeout: 600s
[16-Nov-2025 17:16:10 Europe/Rome] Session initialized - Host: localhost:8888, Domain: , Secure: false, Timeout: 600s
[16-Nov-2025 17:16:10 Europe/Rome] Session initialized - Host: localhost:8888, Domain: , Secure: false, Timeout: 600s
[16-Nov-2025 17:16:10 Europe/Rome] Session initialized - Host: localhost:8888, Domain: , Secure: false, Timeout: 600s
[16-Nov-2025 17:16:10 Europe/Rome] Session initialized - Host: localhost:8888, Domain: , Secure: false, Timeout: 600s
[16-Nov-2025 17:16:10 Europe/Rome] Session initialized - Host: localhost:8888, Domain: , Secure: false, Timeout: 600s
[16-Nov-2025 17:17:10 Europe/Rome] Session initialized - Host: localhost:8888, Domain: , Secure: false, Timeout: 600s
[16-Nov-2025 17:17:10 Europe/Rome] Session initialized - Host: localhost:8888, Domain: , Secure: false, Timeout: 600s
[16-Nov-2025 17:17:10 Europe/Rome] Session initialized - Host: localhost:8888, Domain: , Secure: false, Timeout: 600s
[16-Nov-2025 17:17:10 Europe/Rome] Session initialized - Host: localhost:8888, Domain: , Secure: false, Timeout: 600s
[16-Nov-2025 17:17:10 Europe/Rome] Session initialized - Host: localhost:8888, Domain: , Secure: false, Timeout: 600s
[16-Nov-2025 17:17:10 Europe/Rome] Session initialized - Host: localhost:8888, Domain: , Secure: false, Timeout: 600s
[16-Nov-2025 17:18:10 Europe/Rome] Session initialized - Host: localhost:8888, Domain: , Secure: false, Timeout: 600s
[16-Nov-2025 17:18:10 Europe/Rome] Session initialized - Host: localhost:8888, Domain: , Secure: false, Timeout: 600s
[16-Nov-2025 17:18:10 Europe/Rome] Session initialized - Host: localhost:8888, Domain: , Secure: false, Timeout: 600s
[16-Nov-2025 17:18:10 Europe/Rome] Session initialized - Host: localhost:8888, Domain: , Secure: false, Timeout: 600s
[16-Nov-2025 17:18:10 Europe/Rome] Session initialized - Host: localhost:8888, Domain: , Secure: false, Timeout: 600s
[16-Nov-2025 17:18:10 Europe/Rome] Session initialized - Host: localhost:8888, Domain: , Secure: false, Timeout: 600s
[16-Nov-2025 17:19:10 Europe/Rome] Session initialized - Host: localhost:8888, Domain: , Secure: false, Timeout: 600s
[16-Nov-2025 17:19:10 Europe/Rome] Session initialized - Host: localhost:8888, Domain: , Secure: false, Timeout: 600s
[16-Nov-2025 17:19:10 Europe/Rome] Session initialized - Host: localhost:8888, Domain: , Secure: false, Timeout: 600s
[16-Nov-2025 17:19:10 Europe/Rome] Session initialized - Host: localhost:8888, Domain: , Secure: false, Timeout: 600s
[16-Nov-2025 17:19:10 Europe/Rome] Session initialized - Host: localhost:8888, Domain: , Secure: false, Timeout: 600s
[16-Nov-2025 17:19:10 Europe/Rome] Session initialized - Host: localhost:8888, Domain: , Secure: false, Timeout: 600s
[16-Nov-2025 17:20:10 Europe/Rome] Session initialized - Host: localhost:8888, Domain: , Secure: false, Timeout: 600s
[16-Nov-2025 17:20:10 Europe/Rome] Session initialized - Host: localhost:8888, Domain: , Secure: false, Timeout: 600s
[16-Nov-2025 17:20:10 Europe/Rome] Session initialized - Host: localhost:8888, Domain: , Secure: false, Timeout: 600s
[16-Nov-2025 17:20:10 Europe/Rome] Session initialized - Host: localhost:8888, Domain: , Secure: false, Timeout: 600s
[16-Nov-2025 17:20:10 Europe/Rome] Session initialized - Host: localhost:8888, Domain: , Secure: false, Timeout: 600s
[16-Nov-2025 17:20:10 Europe/Rome] Session initialized - Host: localhost:8888, Domain: , Secure: false, Timeout: 600s
[16-Nov-2025 17:21:10 Europe/Rome] Session initialized - Host: localhost:8888, Domain: , Secure: false, Timeout: 600s
[16-Nov-2025 17:21:10 Europe/Rome] Session initialized - Host: localhost:8888, Domain: , Secure: false, Timeout: 600s
[16-Nov-2025 17:21:10 Europe/Rome] Session initialized - Host: localhost:8888, Domain: , Secure: false, Timeout: 600s
[16-Nov-2025 17:21:10 Europe/Rome] Session initialized - Host: localhost:8888, Domain: , Secure: false, Timeout: 600s
[16-Nov-2025 17:21:10 Europe/Rome] Session initialized - Host: localhost:8888, Domain: , Secure: false, Timeout: 600s
[16-Nov-2025 17:21:10 Europe/Rome] Session initialized - Host: localhost:8888, Domain: , Secure: false, Timeout: 600s
[16-Nov-2025 17:22:10 Europe/Rome] Session initialized - Host: localhost:8888, Domain: , Secure: false, Timeout: 600s
[16-Nov-2025 17:22:10 Europe/Rome] Session initialized - Host: localhost:8888, Domain: , Secure: false, Timeout: 600s
[16-Nov-2025 17:22:10 Europe/Rome] Session initialized - Host: localhost:8888, Domain: , Secure: false, Timeout: 600s
[16-Nov-2025 17:22:10 Europe/Rome] Session initialized - Host: localhost:8888, Domain: , Secure: false, Timeout: 600s
[16-Nov-2025 17:22:10 Europe/Rome] Session initialized - Host: localhost:8888, Domain: , Secure: false, Timeout: 600s
[16-Nov-2025 17:22:10 Europe/Rome] Session initialized - Host: localhost:8888, Domain: , Secure: false, Timeout: 600s
[16-Nov-2025 17:23:10 Europe/Rome] Session initialized - Host: localhost:8888, Domain: , Secure: false, Timeout: 600s
[16-Nov-2025 17:23:10 Europe/Rome] Session initialized - Host: localhost:8888, Domain: , Secure: false, Timeout: 600s
[16-Nov-2025 17:23:10 Europe/Rome] Session initialized - Host: localhost:8888, Domain: , Secure: false, Timeout: 600s
[16-Nov-2025 17:23:10 Europe/Rome] Session initialized - Host: localhost:8888, Domain: , Secure: false, Timeout: 600s
[16-Nov-2025 17:23:10 Europe/Rome] Session initialized - Host: localhost:8888, Domain: , Secure: false, Timeout: 600s
[16-Nov-2025 17:23:10 Europe/Rome] Session initialized - Host: localhost:8888, Domain: , Secure: false, Timeout: 600s
[16-Nov-2025 17:24:10 Europe/Rome] Session initialized - Host: localhost:8888, Domain: , Secure: false, Timeout: 600s
[16-Nov-2025 17:24:10 Europe/Rome] Session initialized - Host: localhost:8888, Domain: , Secure: false, Timeout: 600s
[16-Nov-2025 17:24:10 Europe/Rome] Session initialized - Host: localhost:8888, Domain: , Secure: false, Timeout: 600s
[16-Nov-2025 17:24:10 Europe/Rome] Session initialized - Host: localhost:8888, Domain: , Secure: false, Timeout: 600s
[16-Nov-2025 17:24:10 Europe/Rome] Session initialized - Host: localhost:8888, Domain: , Secure: false, Timeout: 600s
[16-Nov-2025 17:24:10 Europe/Rome] Session initialized - Host: localhost:8888, Domain: , Secure: false, Timeout: 600s
[16-Nov-2025 17:25:10 Europe/Rome] Session initialized - Host: localhost:8888, Domain: , Secure: false, Timeout: 600s
[16-Nov-2025 17:25:10 Europe/Rome] Session initialized - Host: localhost:8888, Domain: , Secure: false, Timeout: 600s
[16-Nov-2025 17:25:10 Europe/Rome] Session initialized - Host: localhost:8888, Domain: , Secure: false, Timeout: 600s
[16-Nov-2025 17:25:10 Europe/Rome] Session initialized - Host: localhost:8888, Domain: , Secure: false, Timeout: 600s
[16-Nov-2025 17:25:10 Europe/Rome] Session initialized - Host: localhost:8888, Domain: , Secure: false, Timeout: 600s
[16-Nov-2025 17:25:10 Europe/Rome] Session initialized - Host: localhost:8888, Domain: , Secure: false, Timeout: 600s
[16-Nov-2025 17:26:10 Europe/Rome] Session initialized - Host: localhost:8888, Domain: , Secure: false, Timeout: 600s
[16-Nov-2025 17:26:10 Europe/Rome] Session initialized - Host: localhost:8888, Domain: , Secure: false, Timeout: 600s
[16-Nov-2025 17:26:10 Europe/Rome] Session initialized - Host: localhost:8888, Domain: , Secure: false, Timeout: 600s
[16-Nov-2025 17:26:10 Europe/Rome] Session initialized - Host: localhost:8888, Domain: , Secure: false, Timeout: 600s
[16-Nov-2025 17:26:10 Europe/Rome] Session initialized - Host: localhost:8888, Domain: , Secure: false, Timeout: 600s
[16-Nov-2025 17:26:10 Europe/Rome] Session initialized - Host: localhost:8888, Domain: , Secure: false, Timeout: 600s
[16-Nov-2025 17:27:10 Europe/Rome] Session initialized - Host: localhost:8888, Domain: , Secure: false, Timeout: 600s
[16-Nov-2025 17:27:10 Europe/Rome] Session initialized - Host: localhost:8888, Domain: , Secure: false, Timeout: 600s
[16-Nov-2025 17:27:10 Europe/Rome] Session initialized - Host: localhost:8888, Domain: , Secure: false, Timeout: 600s
[16-Nov-2025 17:27:10 Europe/Rome] Session initialized - Host: localhost:8888, Domain: , Secure: false, Timeout: 600s
[16-Nov-2025 17:27:10 Europe/Rome] Session initialized - Host: localhost:8888, Domain: , Secure: false, Timeout: 600s
[16-Nov-2025 17:27:10 Europe/Rome] Session initialized - Host: localhost:8888, Domain: , Secure: false, Timeout: 600s
[16-Nov-2025 17:28:10 Europe/Rome] Session initialized - Host: localhost:8888, Domain: , Secure: false, Timeout: 600s
[16-Nov-2025 17:28:10 Europe/Rome] Session initialized - Host: localhost:8888, Domain: , Secure: false, Timeout: 600s
[16-Nov-2025 17:28:10 Europe/Rome] Session initialized - Host: localhost:8888, Domain: , Secure: false, Timeout: 600s
[16-Nov-2025 17:28:10 Europe/Rome] Session initialized - Host: localhost:8888, Domain: , Secure: false, Timeout: 600s
[16-Nov-2025 17:28:10 Europe/Rome] Session initialized - Host: localhost:8888, Domain: , Secure: false, Timeout: 600s
[16-Nov-2025 17:28:10 Europe/Rome] Session initialized - Host: localhost:8888, Domain: , Secure: false, Timeout: 600s
[16-Nov-2025 17:29:10 Europe/Rome] Session initialized - Host: localhost:8888, Domain: , Secure: false, Timeout: 600s
[16-Nov-2025 17:29:10 Europe/Rome] Session initialized - Host: localhost:8888, Domain: , Secure: false, Timeout: 600s
[16-Nov-2025 17:29:10 Europe/Rome] Session initialized - Host: localhost:8888, Domain: , Secure: false, Timeout: 600s
[16-Nov-2025 17:29:10 Europe/Rome] Session initialized - Host: localhost:8888, Domain: , Secure: false, Timeout: 600s
[16-Nov-2025 17:29:10 Europe/Rome] Session initialized - Host: localhost:8888, Domain: , Secure: false, Timeout: 600s
[16-Nov-2025 17:29:10 Europe/Rome] Session initialized - Host: localhost:8888, Domain: , Secure: false, Timeout: 600s
[16-Nov-2025 17:30:10 Europe/Rome] Session initialized - Host: localhost:8888, Domain: , Secure: false, Timeout: 600s
[16-Nov-2025 17:30:10 Europe/Rome] Session initialized - Host: localhost:8888, Domain: , Secure: false, Timeout: 600s
[16-Nov-2025 17:30:10 Europe/Rome] Session initialized - Host: localhost:8888, Domain: , Secure: false, Timeout: 600s
[16-Nov-2025 17:30:10 Europe/Rome] Session initialized - Host: localhost:8888, Domain: , Secure: false, Timeout: 600s
[16-Nov-2025 17:30:10 Europe/Rome] Session initialized - Host: localhost:8888, Domain: , Secure: false, Timeout: 600s
[16-Nov-2025 17:30:10 Europe/Rome] Session initialized - Host: localhost:8888, Domain: , Secure: false, Timeout: 600s
[16-Nov-2025 17:31:10 Europe/Rome] Session initialized - Host: localhost:8888, Domain: , Secure: false, Timeout: 600s
[16-Nov-2025 17:31:10 Europe/Rome] Session initialized - Host: localhost:8888, Domain: , Secure: false, Timeout: 600s
[16-Nov-2025 17:31:10 Europe/Rome] Session initialized - Host: localhost:8888, Domain: , Secure: false, Timeout: 600s
[16-Nov-2025 17:31:10 Europe/Rome] Session initialized - Host: localhost:8888, Domain: , Secure: false, Timeout: 600s
[16-Nov-2025 17:31:10 Europe/Rome] Session initialized - Host: localhost:8888, Domain: , Secure: false, Timeout: 600s
[16-Nov-2025 17:31:10 Europe/Rome] Session initialized - Host: localhost:8888, Domain: , Secure: false, Timeout: 600s
[16-Nov-2025 17:32:10 Europe/Rome] Session initialized - Host: localhost:8888, Domain: , Secure: false, Timeout: 600s
[16-Nov-2025 17:32:10 Europe/Rome] Session initialized - Host: localhost:8888, Domain: , Secure: false, Timeout: 600s
[16-Nov-2025 17:32:10 Europe/Rome] Session initialized - Host: localhost:8888, Domain: , Secure: false, Timeout: 600s
[16-Nov-2025 17:32:10 Europe/Rome] Session initialized - Host: localhost:8888, Domain: , Secure: false, Timeout: 600s
[16-Nov-2025 17:32:10 Europe/Rome] Session initialized - Host: localhost:8888, Domain: , Secure: false, Timeout: 600s
[16-Nov-2025 17:32:10 Europe/Rome] Session initialized - Host: localhost:8888, Domain: , Secure: false, Timeout: 600s
[16-Nov-2025 17:33:10 Europe/Rome] Session initialized - Host: localhost:8888, Domain: , Secure: false, Timeout: 600s
[16-Nov-2025 17:33:10 Europe/Rome] Session initialized - Host: localhost:8888, Domain: , Secure: false, Timeout: 600s
[16-Nov-2025 17:33:10 Europe/Rome] Session initialized - Host: localhost:8888, Domain: , Secure: false, Timeout: 600s
[16-Nov-2025 17:33:10 Europe/Rome] Session initialized - Host: localhost:8888, Domain: , Secure: false, Timeout: 600s
[16-Nov-2025 17:33:10 Europe/Rome] Session initialized - Host: localhost:8888, Domain: , Secure: false, Timeout: 600s
[16-Nov-2025 17:33:10 Europe/Rome] Session initialized - Host: localhost:8888, Domain: , Secure: false, Timeout: 600s
[16-Nov-2025 17:34:10 Europe/Rome] Session initialized - Host: localhost:8888, Domain: , Secure: false, Timeout: 600s
[16-Nov-2025 17:34:10 Europe/Rome] Session initialized - Host: localhost:8888, Domain: , Secure: false, Timeout: 600s
[16-Nov-2025 17:34:10 Europe/Rome] Session initialized - Host: localhost:8888, Domain: , Secure: false, Timeout: 600s
[16-Nov-2025 17:34:10 Europe/Rome] Session initialized - Host: localhost:8888, Domain: , Secure: false, Timeout: 600s
[16-Nov-2025 17:34:10 Europe/Rome] Session initialized - Host: localhost:8888, Domain: , Secure: false, Timeout: 600s
[16-Nov-2025 17:34:10 Europe/Rome] Session initialized - Host: localhost:8888, Domain: , Secure: false, Timeout: 600s
[16-Nov-2025 17:35:10 Europe/Rome] Session initialized - Host: localhost:8888, Domain: , Secure: false, Timeout: 600s
[16-Nov-2025 17:35:10 Europe/Rome] Session initialized - Host: localhost:8888, Domain: , Secure: false, Timeout: 600s
[16-Nov-2025 17:35:10 Europe/Rome] Session initialized - Host: localhost:8888, Domain: , Secure: false, Timeout: 600s
[16-Nov-2025 17:35:10 Europe/Rome] Session initialized - Host: localhost:8888, Domain: , Secure: false, Timeout: 600s
[16-Nov-2025 17:35:10 Europe/Rome] Session initialized - Host: localhost:8888, Domain: , Secure: false, Timeout: 600s
[16-Nov-2025 17:35:10 Europe/Rome] Session initialized - Host: localhost:8888, Domain: , Secure: false, Timeout: 600s
[16-Nov-2025 17:36:10 Europe/Rome] Session initialized - Host: localhost:8888, Domain: , Secure: false, Timeout: 600s
[16-Nov-2025 17:36:10 Europe/Rome] Session initialized - Host: localhost:8888, Domain: , Secure: false, Timeout: 600s
[16-Nov-2025 17:36:10 Europe/Rome] Session initialized - Host: localhost:8888, Domain: , Secure: false, Timeout: 600s
[16-Nov-2025 17:36:10 Europe/Rome] Session initialized - Host: localhost:8888, Domain: , Secure: false, Timeout: 600s
[16-Nov-2025 17:36:10 Europe/Rome] Session initialized - Host: localhost:8888, Domain: , Secure: false, Timeout: 600s
[16-Nov-2025 17:36:10 Europe/Rome] Session initialized - Host: localhost:8888, Domain: , Secure: false, Timeout: 600s
[16-Nov-2025 17:37:10 Europe/Rome] Session initialized - Host: localhost:8888, Domain: , Secure: false, Timeout: 600s
[16-Nov-2025 17:37:10 Europe/Rome] Session initialized - Host: localhost:8888, Domain: , Secure: false, Timeout: 600s
[16-Nov-2025 17:37:10 Europe/Rome] Session initialized - Host: localhost:8888, Domain: , Secure: false, Timeout: 600s
[16-Nov-2025 17:37:10 Europe/Rome] Session initialized - Host: localhost:8888, Domain: , Secure: false, Timeout: 600s
[16-Nov-2025 17:37:10 Europe/Rome] Session initialized - Host: localhost:8888, Domain: , Secure: false, Timeout: 600s
[16-Nov-2025 17:37:10 Europe/Rome] Session initialized - Host: localhost:8888, Domain: , Secure: false, Timeout: 600s
[16-Nov-2025 17:38:10 Europe/Rome] Session initialized - Host: localhost:8888, Domain: , Secure: false, Timeout: 600s
[16-Nov-2025 17:38:10 Europe/Rome] Session initialized - Host: localhost:8888, Domain: , Secure: false, Timeout: 600s
[16-Nov-2025 17:38:10 Europe/Rome] Session initialized - Host: localhost:8888, Domain: , Secure: false, Timeout: 600s
[16-Nov-2025 17:38:10 Europe/Rome] Session initialized - Host: localhost:8888, Domain: , Secure: false, Timeout: 600s
[16-Nov-2025 17:38:10 Europe/Rome] Session initialized - Host: localhost:8888, Domain: , Secure: false, Timeout: 600s
[16-Nov-2025 17:38:10 Europe/Rome] Session initialized - Host: localhost:8888, Domain: , Secure: false, Timeout: 600s
[16-Nov-2025 17:39:10 Europe/Rome] Session initialized - Host: localhost:8888, Domain: , Secure: false, Timeout: 600s
[16-Nov-2025 17:39:10 Europe/Rome] Session initialized - Host: localhost:8888, Domain: , Secure: false, Timeout: 600s
[16-Nov-2025 17:39:10 Europe/Rome] Session initialized - Host: localhost:8888, Domain: , Secure: false, Timeout: 600s
[16-Nov-2025 17:39:10 Europe/Rome] Session initialized - Host: localhost:8888, Domain: , Secure: false, Timeout: 600s
[16-Nov-2025 17:39:10 Europe/Rome] Session initialized - Host: localhost:8888, Domain: , Secure: false, Timeout: 600s
[16-Nov-2025 17:39:10 Europe/Rome] Session initialized - Host: localhost:8888, Domain: , Secure: false, Timeout: 600s
[16-Nov-2025 17:40:10 Europe/Rome] Session initialized - Host: localhost:8888, Domain: , Secure: false, Timeout: 600s
[16-Nov-2025 17:40:10 Europe/Rome] Session initialized - Host: localhost:8888, Domain: , Secure: false, Timeout: 600s
[16-Nov-2025 17:40:10 Europe/Rome] Session initialized - Host: localhost:8888, Domain: , Secure: false, Timeout: 600s
[16-Nov-2025 17:40:10 Europe/Rome] Session initialized - Host: localhost:8888, Domain: , Secure: false, Timeout: 600s
[16-Nov-2025 17:40:10 Europe/Rome] Session initialized - Host: localhost:8888, Domain: , Secure: false, Timeout: 600s
[16-Nov-2025 17:40:10 Europe/Rome] Session initialized - Host: localhost:8888, Domain: , Secure: false, Timeout: 600s
[16-Nov-2025 17:41:10 Europe/Rome] Session initialized - Host: localhost:8888, Domain: , Secure: false, Timeout: 600s
[16-Nov-2025 17:41:10 Europe/Rome] Session initialized - Host: localhost:8888, Domain: , Secure: false, Timeout: 600s
[16-Nov-2025 17:41:10 Europe/Rome] Session initialized - Host: localhost:8888, Domain: , Secure: false, Timeout: 600s
[16-Nov-2025 17:41:10 Europe/Rome] Session initialized - Host: localhost:8888, Domain: , Secure: false, Timeout: 600s
[16-Nov-2025 17:41:10 Europe/Rome] Session initialized - Host: localhost:8888, Domain: , Secure: false, Timeout: 600s
[16-Nov-2025 17:41:10 Europe/Rome] Session initialized - Host: localhost:8888, Domain: , Secure: false, Timeout: 600s
[16-Nov-2025 17:42:10 Europe/Rome] Session initialized - Host: localhost:8888, Domain: , Secure: false, Timeout: 600s
[16-Nov-2025 17:42:10 Europe/Rome] Session initialized - Host: localhost:8888, Domain: , Secure: false, Timeout: 600s
[16-Nov-2025 17:42:10 Europe/Rome] Session initialized - Host: localhost:8888, Domain: , Secure: false, Timeout: 600s
[16-Nov-2025 17:42:10 Europe/Rome] Session initialized - Host: localhost:8888, Domain: , Secure: false, Timeout: 600s
[16-Nov-2025 17:42:10 Europe/Rome] Session initialized - Host: localhost:8888, Domain: , Secure: false, Timeout: 600s
[16-Nov-2025 17:42:10 Europe/Rome] Session initialized - Host: localhost:8888, Domain: , Secure: false, Timeout: 600s
[16-Nov-2025 17:43:10 Europe/Rome] Session initialized - Host: localhost:8888, Domain: , Secure: false, Timeout: 600s
[16-Nov-2025 17:43:10 Europe/Rome] Session initialized - Host: localhost:8888, Domain: , Secure: false, Timeout: 600s
[16-Nov-2025 17:43:10 Europe/Rome] Session initialized - Host: localhost:8888, Domain: , Secure: false, Timeout: 600s
[16-Nov-2025 17:43:10 Europe/Rome] Session initialized - Host: localhost:8888, Domain: , Secure: false, Timeout: 600s
[16-Nov-2025 17:43:10 Europe/Rome] Session initialized - Host: localhost:8888, Domain: , Secure: false, Timeout: 600s
[16-Nov-2025 17:43:10 Europe/Rome] Session initialized - Host: localhost:8888, Domain: , Secure: false, Timeout: 600s
[16-Nov-2025 17:44:10 Europe/Rome] Session initialized - Host: localhost:8888, Domain: , Secure: false, Timeout: 600s
[16-Nov-2025 17:44:10 Europe/Rome] Session initialized - Host: localhost:8888, Domain: , Secure: false, Timeout: 600s
[16-Nov-2025 17:44:10 Europe/Rome] Session initialized - Host: localhost:8888, Domain: , Secure: false, Timeout: 600s
[16-Nov-2025 17:44:10 Europe/Rome] Session initialized - Host: localhost:8888, Domain: , Secure: false, Timeout: 600s
[16-Nov-2025 17:44:10 Europe/Rome] Session initialized - Host: localhost:8888, Domain: , Secure: false, Timeout: 600s
[16-Nov-2025 17:44:10 Europe/Rome] Session initialized - Host: localhost:8888, Domain: , Secure: false, Timeout: 600s
[16-Nov-2025 17:45:10 Europe/Rome] Session initialized - Host: localhost:8888, Domain: , Secure: false, Timeout: 600s
[16-Nov-2025 17:45:10 Europe/Rome] Session initialized - Host: localhost:8888, Domain: , Secure: false, Timeout: 600s
[16-Nov-2025 17:45:10 Europe/Rome] Session initialized - Host: localhost:8888, Domain: , Secure: false, Timeout: 600s
[16-Nov-2025 17:45:10 Europe/Rome] Session initialized - Host: localhost:8888, Domain: , Secure: false, Timeout: 600s
[16-Nov-2025 17:45:10 Europe/Rome] Session initialized - Host: localhost:8888, Domain: , Secure: false, Timeout: 600s
[16-Nov-2025 17:45:10 Europe/Rome] Session initialized - Host: localhost:8888, Domain: , Secure: false, Timeout: 600s
[16-Nov-2025 17:46:10 Europe/Rome] Session initialized - Host: localhost:8888, Domain: , Secure: false, Timeout: 600s
[16-Nov-2025 17:46:10 Europe/Rome] Session initialized - Host: localhost:8888, Domain: , Secure: false, Timeout: 600s
[16-Nov-2025 17:46:10 Europe/Rome] Session initialized - Host: localhost:8888, Domain: , Secure: false, Timeout: 600s
[16-Nov-2025 17:46:10 Europe/Rome] Session initialized - Host: localhost:8888, Domain: , Secure: false, Timeout: 600s
[16-Nov-2025 17:46:10 Europe/Rome] Session initialized - Host: localhost:8888, Domain: , Secure: false, Timeout: 600s
[16-Nov-2025 17:46:10 Europe/Rome] Session initialized - Host: localhost:8888, Domain: , Secure: false, Timeout: 600s
[16-Nov-2025 17:47:10 Europe/Rome] Session initialized - Host: localhost:8888, Domain: , Secure: false, Timeout: 600s
[16-Nov-2025 17:47:10 Europe/Rome] Session initialized - Host: localhost:8888, Domain: , Secure: false, Timeout: 600s
[16-Nov-2025 17:47:10 Europe/Rome] Session initialized - Host: localhost:8888, Domain: , Secure: false, Timeout: 600s
[16-Nov-2025 17:47:10 Europe/Rome] Session initialized - Host: localhost:8888, Domain: , Secure: false, Timeout: 600s
[16-Nov-2025 17:47:10 Europe/Rome] Session initialized - Host: localhost:8888, Domain: , Secure: false, Timeout: 600s
[16-Nov-2025 17:47:10 Europe/Rome] Session initialized - Host: localhost:8888, Domain: , Secure: false, Timeout: 600s
[16-Nov-2025 17:48:10 Europe/Rome] Session initialized - Host: localhost:8888, Domain: , Secure: false, Timeout: 600s
[16-Nov-2025 17:48:10 Europe/Rome] Session initialized - Host: localhost:8888, Domain: , Secure: false, Timeout: 600s
[16-Nov-2025 17:48:10 Europe/Rome] Session initialized - Host: localhost:8888, Domain: , Secure: false, Timeout: 600s
[16-Nov-2025 17:48:10 Europe/Rome] Session initialized - Host: localhost:8888, Domain: , Secure: false, Timeout: 600s
[16-Nov-2025 17:48:10 Europe/Rome] Session initialized - Host: localhost:8888, Domain: , Secure: false, Timeout: 600s
[16-Nov-2025 17:48:10 Europe/Rome] Session initialized - Host: localhost:8888, Domain: , Secure: false, Timeout: 600s
[16-Nov-2025 17:49:10 Europe/Rome] Session initialized - Host: localhost:8888, Domain: , Secure: false, Timeout: 600s
[16-Nov-2025 17:49:10 Europe/Rome] Session initialized - Host: localhost:8888, Domain: , Secure: false, Timeout: 600s
[16-Nov-2025 17:49:10 Europe/Rome] Session initialized - Host: localhost:8888, Domain: , Secure: false, Timeout: 600s
[16-Nov-2025 17:49:10 Europe/Rome] Session initialized - Host: localhost:8888, Domain: , Secure: false, Timeout: 600s
[16-Nov-2025 17:49:10 Europe/Rome] Session initialized - Host: localhost:8888, Domain: , Secure: false, Timeout: 600s
[16-Nov-2025 17:49:10 Europe/Rome] Session initialized - Host: localhost:8888, Domain: , Secure: false, Timeout: 600s
[16-Nov-2025 17:50:10 Europe/Rome] Session initialized - Host: localhost:8888, Domain: , Secure: false, Timeout: 600s
[16-Nov-2025 17:50:10 Europe/Rome] Session initialized - Host: localhost:8888, Domain: , Secure: false, Timeout: 600s
[16-Nov-2025 17:50:10 Europe/Rome] Session initialized - Host: localhost:8888, Domain: , Secure: false, Timeout: 600s
[16-Nov-2025 17:50:10 Europe/Rome] Session initialized - Host: localhost:8888, Domain: , Secure: false, Timeout: 600s
[16-Nov-2025 17:50:10 Europe/Rome] Session initialized - Host: localhost:8888, Domain: , Secure: false, Timeout: 600s
[16-Nov-2025 17:50:10 Europe/Rome] Session initialized - Host: localhost:8888, Domain: , Secure: false, Timeout: 600s
[16-Nov-2025 17:51:10 Europe/Rome] Session initialized - Host: localhost:8888, Domain: , Secure: false, Timeout: 600s
[16-Nov-2025 17:51:10 Europe/Rome] Session initialized - Host: localhost:8888, Domain: , Secure: false, Timeout: 600s
[16-Nov-2025 17:51:10 Europe/Rome] Session initialized - Host: localhost:8888, Domain: , Secure: false, Timeout: 600s
[16-Nov-2025 17:51:10 Europe/Rome] Session initialized - Host: localhost:8888, Domain: , Secure: false, Timeout: 600s
[16-Nov-2025 17:51:10 Europe/Rome] Session initialized - Host: localhost:8888, Domain: , Secure: false, Timeout: 600s
[16-Nov-2025 17:51:10 Europe/Rome] Session initialized - Host: localhost:8888, Domain: , Secure: false, Timeout: 600s
[16-Nov-2025 17:52:10 Europe/Rome] Session initialized - Host: localhost:8888, Domain: , Secure: false, Timeout: 600s
[16-Nov-2025 17:52:10 Europe/Rome] Session initialized - Host: localhost:8888, Domain: , Secure: false, Timeout: 600s
[16-Nov-2025 17:52:10 Europe/Rome] Session initialized - Host: localhost:8888, Domain: , Secure: false, Timeout: 600s
[16-Nov-2025 17:52:10 Europe/Rome] Session initialized - Host: localhost:8888, Domain: , Secure: false, Timeout: 600s
[16-Nov-2025 17:52:10 Europe/Rome] Session initialized - Host: localhost:8888, Domain: , Secure: false, Timeout: 600s
[16-Nov-2025 17:52:10 Europe/Rome] Session initialized - Host: localhost:8888, Domain: , Secure: false, Timeout: 600s
[16-Nov-2025 17:53:10 Europe/Rome] Session initialized - Host: localhost:8888, Domain: , Secure: false, Timeout: 600s
[16-Nov-2025 17:53:10 Europe/Rome] Session initialized - Host: localhost:8888, Domain: , Secure: false, Timeout: 600s
[16-Nov-2025 17:53:10 Europe/Rome] Session initialized - Host: localhost:8888, Domain: , Secure: false, Timeout: 600s
[16-Nov-2025 17:53:10 Europe/Rome] Session initialized - Host: localhost:8888, Domain: , Secure: false, Timeout: 600s
[16-Nov-2025 17:53:10 Europe/Rome] Session initialized - Host: localhost:8888, Domain: , Secure: false, Timeout: 600s
[16-Nov-2025 17:53:10 Europe/Rome] Session initialized - Host: localhost:8888, Domain: , Secure: false, Timeout: 600s
[16-Nov-2025 17:54:10 Europe/Rome] Session initialized - Host: localhost:8888, Domain: , Secure: false, Timeout: 600s
[16-Nov-2025 17:54:10 Europe/Rome] Session initialized - Host: localhost:8888, Domain: , Secure: false, Timeout: 600s
[16-Nov-2025 17:54:10 Europe/Rome] Session initialized - Host: localhost:8888, Domain: , Secure: false, Timeout: 600s
[16-Nov-2025 17:54:10 Europe/Rome] Session initialized - Host: localhost:8888, Domain: , Secure: false, Timeout: 600s
[16-Nov-2025 17:54:10 Europe/Rome] Session initialized - Host: localhost:8888, Domain: , Secure: false, Timeout: 600s
[16-Nov-2025 17:54:10 Europe/Rome] Session initialized - Host: localhost:8888, Domain: , Secure: false, Timeout: 600s
[16-Nov-2025 17:55:10 Europe/Rome] Session initialized - Host: localhost:8888, Domain: , Secure: false, Timeout: 600s
[16-Nov-2025 17:55:10 Europe/Rome] Session initialized - Host: localhost:8888, Domain: , Secure: false, Timeout: 600s
[16-Nov-2025 17:55:10 Europe/Rome] Session initialized - Host: localhost:8888, Domain: , Secure: false, Timeout: 600s
[16-Nov-2025 17:55:10 Europe/Rome] Session initialized - Host: localhost:8888, Domain: , Secure: false, Timeout: 600s
[16-Nov-2025 17:55:10 Europe/Rome] Session initialized - Host: localhost:8888, Domain: , Secure: false, Timeout: 600s
[16-Nov-2025 17:55:10 Europe/Rome] Session initialized - Host: localhost:8888, Domain: , Secure: false, Timeout: 600s
[16-Nov-2025 17:56:10 Europe/Rome] Session initialized - Host: localhost:8888, Domain: , Secure: false, Timeout: 600s
[16-Nov-2025 17:56:10 Europe/Rome] Session initialized - Host: localhost:8888, Domain: , Secure: false, Timeout: 600s
[16-Nov-2025 17:56:10 Europe/Rome] Session initialized - Host: localhost:8888, Domain: , Secure: false, Timeout: 600s
[16-Nov-2025 17:56:10 Europe/Rome] Session initialized - Host: localhost:8888, Domain: , Secure: false, Timeout: 600s
[16-Nov-2025 17:56:10 Europe/Rome] Session initialized - Host: localhost:8888, Domain: , Secure: false, Timeout: 600s
[16-Nov-2025 17:56:10 Europe/Rome] Session initialized - Host: localhost:8888, Domain: , Secure: false, Timeout: 600s
[17-Nov-2025 05:59:40 Europe/Rome] Session initialized - Host: localhost:8888, Domain: , Secure: false, Timeout: 600s
[17-Nov-2025 05:59:40 Europe/Rome] Session initialized - Host: localhost:8888, Domain: , Secure: false, Timeout: 600s
[17-Nov-2025 05:59:40 Europe/Rome] Session initialized - Host: localhost:8888, Domain: , Secure: false, Timeout: 600s
[17-Nov-2025 05:59:40 Europe/Rome] Session initialized - Host: localhost:8888, Domain: , Secure: false, Timeout: 600s
[17-Nov-2025 05:59:40 Europe/Rome] Session initialized - Host: localhost:8888, Domain: , Secure: false, Timeout: 600s
[17-Nov-2025 05:59:40 Europe/Rome] Session initialized - Host: localhost:8888, Domain: , Secure: false, Timeout: 600s
[17-Nov-2025 05:59:43 Europe/Rome] Session initialized - Host: localhost:8888, Domain: , Secure: false, Timeout: 600s
[17-Nov-2025 05:59:43 Europe/Rome] Session initialized - Host: localhost:8888, Domain: , Secure: false, Timeout: 600s
[17-Nov-2025 05:59:43 Europe/Rome] Session initialized - Host: localhost:8888, Domain: , Secure: false, Timeout: 600s
[17-Nov-2025 05:59:43 Europe/Rome] Session initialized - Host: localhost:8888, Domain: , Secure: false, Timeout: 600s
[17-Nov-2025 05:59:43 Europe/Rome] Session initialized - Host: localhost:8888, Domain: , Secure: false, Timeout: 600s
[17-Nov-2025 05:59:43 Europe/Rome] Session initialized - Host: localhost:8888, Domain: , Secure: false, Timeout: 600s
[17-Nov-2025 05:59:44 Europe/Rome] Session initialized - Host: localhost:8888, Domain: , Secure: false, Timeout: 600s
[17-Nov-2025 05:59:44 Europe/Rome] Session initialized - Host: localhost:8888, Domain: , Secure: false, Timeout: 600s
[17-Nov-2025 05:59:45 Europe/Rome] Session initialized - Host: localhost:8888, Domain: , Secure: false, Timeout: 600s
[17-Nov-2025 05:59:47 Europe/Rome] Session initialized - Host: localhost:8888, Domain: , Secure: false, Timeout: 600s
[17-Nov-2025 05:59:47 Europe/Rome] Session initialized - Host: localhost:8888, Domain: , Secure: false, Timeout: 600s
[17-Nov-2025 05:59:47 Europe/Rome] Session initialized - Host: localhost:8888, Domain: , Secure: false, Timeout: 600s
[17-Nov-2025 05:59:47 Europe/Rome] Session initialized - Host: localhost:8888, Domain: , Secure: false, Timeout: 600s
[17-Nov-2025 05:59:47 Europe/Rome] Session initialized - Host: localhost:8888, Domain: , Secure: false, Timeout: 600s
[17-Nov-2025 05:59:47 Europe/Rome] Session initialized - Host: localhost:8888, Domain: , Secure: false, Timeout: 600s
[17-Nov-2025 05:59:47 Europe/Rome] Session initialized - Host: localhost:8888, Domain: , Secure: false, Timeout: 600s
[17-Nov-2025 05:59:53 Europe/Rome] Session initialized - Host: localhost:8888, Domain: , Secure: false, Timeout: 600s
[17-Nov-2025 06:00:02 Europe/Rome] Session initialized - Host: localhost:8888, Domain: , Secure: false, Timeout: 600s
[17-Nov-2025 06:00:02 Europe/Rome] Session initialized - Host: localhost:8888, Domain: , Secure: false, Timeout: 600s
[17-Nov-2025 06:00:02 Europe/Rome] API CSRF Check - Token received: 7aa20966d4...
[17-Nov-2025 06:00:02 Europe/Rome] API CSRF Check - Session token: 7aa20966d4...
[17-Nov-2025 06:00:03 Europe/Rome] Session initialized - Host: localhost:8888, Domain: , Secure: false, Timeout: 600s
[17-Nov-2025 06:00:03 Europe/Rome] Session initialized - Host: localhost:8888, Domain: , Secure: false, Timeout: 600s
[17-Nov-2025 06:00:03 Europe/Rome] Session initialized - Host: localhost:8888, Domain: , Secure: false, Timeout: 600s
[17-Nov-2025 06:00:03 Europe/Rome] API CSRF Check - Token received: 7aa20966d4...
[17-Nov-2025 06:00:03 Europe/Rome] API CSRF Check - Session token: 7aa20966d4...
[17-Nov-2025 06:00:03 Europe/Rome] Session initialized - Host: localhost:8888, Domain: , Secure: false, Timeout: 600s
[17-Nov-2025 06:00:03 Europe/Rome] List API - User ID: 19, Role: super_admin, Tenant: 1
[17-Nov-2025 06:00:03 Europe/Rome] API CSRF Check - Token received: 7aa20966d4...
[17-Nov-2025 06:00:03 Europe/Rome] API CSRF Check - Session token: 7aa20966d4...
[17-Nov-2025 06:00:03 Europe/Rome] Session initialized - Host: localhost:8888, Domain: , Secure: false, Timeout: 600s
[17-Nov-2025 06:00:03 Europe/Rome] API CSRF Check - Token received: 7aa20966d4...
[17-Nov-2025 06:00:03 Europe/Rome] API CSRF Check - Session token: 7aa20966d4...
[17-Nov-2025 06:00:03 Europe/Rome] Session initialized - Host: localhost:8888, Domain: , Secure: false, Timeout: 600s
[17-Nov-2025 06:00:04 Europe/Rome] Session initialized - Host: localhost:8888, Domain: , Secure: false, Timeout: 600s
[17-Nov-2025 06:00:04 Europe/Rome] Session initialized - Host: localhost:8888, Domain: , Secure: false, Timeout: 600s
[17-Nov-2025 06:00:04 Europe/Rome] Session initialized - Host: localhost:8888, Domain: , Secure: false, Timeout: 600s
[17-Nov-2025 06:00:04 Europe/Rome] Session initialized - Host: localhost:8888, Domain: , Secure: false, Timeout: 600s
[17-Nov-2025 06:00:04 Europe/Rome] Session initialized - Host: localhost:8888, Domain: , Secure: false, Timeout: 600s
[17-Nov-2025 06:00:04 Europe/Rome] Session initialized - Host: localhost:8888, Domain: , Secure: false, Timeout: 600s
[17-Nov-2025 06:00:12 Europe/Rome] Session initialized - Host: localhost:8888, Domain: , Secure: false, Timeout: 600s
[17-Nov-2025 06:00:13 Europe/Rome] Session initialized - Host: localhost:8888, Domain: , Secure: false, Timeout: 600s
[17-Nov-2025 06:00:13 Europe/Rome] Session initialized - Host: localhost:8888, Domain: , Secure: false, Timeout: 600s
[17-Nov-2025 06:00:13 Europe/Rome] PHP Warning:  Trying to access array offset on value of type bool in C:\xampp\htdocs\CollaboraNexio\api\tickets\stats.php on line 88
[17-Nov-2025 06:00:13 Europe/Rome] Session initialized - Host: localhost:8888, Domain: , Secure: false, Timeout: 600s
[17-Nov-2025 06:00:14 Europe/Rome] Session initialized - Host: localhost:8888, Domain: , Secure: false, Timeout: 600s
[17-Nov-2025 06:00:15 Europe/Rome] Session initialized - Host: localhost:8888, Domain: , Secure: false, Timeout: 600s
[17-Nov-2025 06:00:15 Europe/Rome] API CSRF Check - Token received: 7aa20966d4...
[17-Nov-2025 06:00:15 Europe/Rome] API CSRF Check - Session token: 7aa20966d4...
[17-Nov-2025 06:00:43 Europe/Rome] Session initialized - Host: localhost:8888, Domain: , Secure: false, Timeout: 600s
[17-Nov-2025 06:01:13 Europe/Rome] Session initialized - Host: localhost:8888, Domain: , Secure: false, Timeout: 600s
[17-Nov-2025 06:01:43 Europe/Rome] Session initialized - Host: localhost:8888, Domain: , Secure: false, Timeout: 600s
[17-Nov-2025 06:02:13 Europe/Rome] Session initialized - Host: localhost:8888, Domain: , Secure: false, Timeout: 600s
[17-Nov-2025 06:02:43 Europe/Rome] Session initialized - Host: localhost:8888, Domain: , Secure: false, Timeout: 600s
[17-Nov-2025 06:03:13 Europe/Rome] Session initialized - Host: localhost:8888, Domain: , Secure: false, Timeout: 600s
[17-Nov-2025 06:04:17 Europe/Rome] Session initialized - Host: localhost:8888, Domain: , Secure: false, Timeout: 600s
[17-Nov-2025 06:05:17 Europe/Rome] Session initialized - Host: localhost:8888, Domain: , Secure: false, Timeout: 600s
[17-Nov-2025 06:06:17 Europe/Rome] Session initialized - Host: localhost:8888, Domain: , Secure: false, Timeout: 600s
[17-Nov-2025 06:07:17 Europe/Rome] Session initialized - Host: localhost:8888, Domain: , Secure: false, Timeout: 600s
[17-Nov-2025 06:07:43 Europe/Rome] Session initialized - Host: localhost:8888, Domain: , Secure: false, Timeout: 600s
[17-Nov-2025 06:08:13 Europe/Rome] Session initialized - Host: localhost:8888, Domain: , Secure: false, Timeout: 600s
[17-Nov-2025 06:09:17 Europe/Rome] Session initialized - Host: localhost:8888, Domain: , Secure: false, Timeout: 600s
[17-Nov-2025 06:10:17 Europe/Rome] Session initialized - Host: localhost:8888, Domain: , Secure: false, Timeout: 600s
[17-Nov-2025 06:11:17 Europe/Rome] Session initialized - Host: localhost:8888, Domain: , Secure: false, Timeout: 600s
[17-Nov-2025 06:12:17 Europe/Rome] Session initialized - Host: localhost:8888, Domain: , Secure: false, Timeout: 600s
[17-Nov-2025 06:13:17 Europe/Rome] Session initialized - Host: localhost:8888, Domain: , Secure: false, Timeout: 600s
[17-Nov-2025 06:14:17 Europe/Rome] Session initialized - Host: localhost:8888, Domain: , Secure: false, Timeout: 600s
[17-Nov-2025 06:15:17 Europe/Rome] Session initialized - Host: localhost:8888, Domain: , Secure: false, Timeout: 600s
[17-Nov-2025 06:16:17 Europe/Rome] Session initialized - Host: localhost:8888, Domain: , Secure: false, Timeout: 600s
[17-Nov-2025 06:17:17 Europe/Rome] Session initialized - Host: localhost:8888, Domain: , Secure: false, Timeout: 600s
[17-Nov-2025 06:18:17 Europe/Rome] Session initialized - Host: localhost:8888, Domain: , Secure: false, Timeout: 600s
[17-Nov-2025 06:19:17 Europe/Rome] Session initialized - Host: localhost:8888, Domain: , Secure: false, Timeout: 600s
[17-Nov-2025 06:20:17 Europe/Rome] Session initialized - Host: localhost:8888, Domain: , Secure: false, Timeout: 600s
[17-Nov-2025 06:21:17 Europe/Rome] Session initialized - Host: localhost:8888, Domain: , Secure: false, Timeout: 600s
[17-Nov-2025 06:22:17 Europe/Rome] Session initialized - Host: localhost:8888, Domain: , Secure: false, Timeout: 600s
[17-Nov-2025 06:23:17 Europe/Rome] Session initialized - Host: localhost:8888, Domain: , Secure: false, Timeout: 600s
[17-Nov-2025 06:24:17 Europe/Rome] Session initialized - Host: localhost:8888, Domain: , Secure: false, Timeout: 600s
[17-Nov-2025 06:25:17 Europe/Rome] Session initialized - Host: localhost:8888, Domain: , Secure: false, Timeout: 600s
[17-Nov-2025 06:26:17 Europe/Rome] Session initialized - Host: localhost:8888, Domain: , Secure: false, Timeout: 600s
[17-Nov-2025 06:27:17 Europe/Rome] Session initialized - Host: localhost:8888, Domain: , Secure: false, Timeout: 600s
[17-Nov-2025 06:28:17 Europe/Rome] Session initialized - Host: localhost:8888, Domain: , Secure: false, Timeout: 600s
[17-Nov-2025 06:29:17 Europe/Rome] Session initialized - Host: localhost:8888, Domain: , Secure: false, Timeout: 600s
[17-Nov-2025 06:30:17 Europe/Rome] Session initialized - Host: localhost:8888, Domain: , Secure: false, Timeout: 600s
[17-Nov-2025 06:31:17 Europe/Rome] Session initialized - Host: localhost:8888, Domain: , Secure: false, Timeout: 600s
[17-Nov-2025 06:32:17 Europe/Rome] Session initialized - Host: localhost:8888, Domain: , Secure: false, Timeout: 600s
[17-Nov-2025 06:33:17 Europe/Rome] Session initialized - Host: localhost:8888, Domain: , Secure: false, Timeout: 600s
[17-Nov-2025 06:34:17 Europe/Rome] Session initialized - Host: localhost:8888, Domain: , Secure: false, Timeout: 600s
[17-Nov-2025 06:34:39 Europe/Rome] Session initialized - Host: localhost:8888, Domain: , Secure: false, Timeout: 600s
[17-Nov-2025 06:34:39 Europe/Rome] Session initialized - Host: localhost:8888, Domain: , Secure: false, Timeout: 600s
[17-Nov-2025 06:34:39 Europe/Rome] Session initialized - Host: localhost:8888, Domain: , Secure: false, Timeout: 600s
[17-Nov-2025 06:34:39 Europe/Rome] PHP Warning:  Trying to access array offset on value of type bool in C:\xampp\htdocs\CollaboraNexio\api\tickets\stats.php on line 88
[17-Nov-2025 06:34:39 Europe/Rome] Session initialized - Host: localhost:8888, Domain: , Secure: false, Timeout: 600s
[17-Nov-2025 06:34:40 Europe/Rome] Session initialized - Host: localhost:8888, Domain: , Secure: false, Timeout: 600s
[17-Nov-2025 06:34:40 Europe/Rome] Session initialized - Host: localhost:8888, Domain: , Secure: false, Timeout: 600s
[17-Nov-2025 06:34:40 Europe/Rome] API CSRF Check - Token received: 7aa20966d4...
[17-Nov-2025 06:34:40 Europe/Rome] API CSRF Check - Session token: 7aa20966d4...
[17-Nov-2025 06:34:46 Europe/Rome] Session initialized - Host: localhost:8888, Domain: , Secure: false, Timeout: 600s
[17-Nov-2025 06:34:54 Europe/Rome] Session initialized - Host: localhost:8888, Domain: , Secure: false, Timeout: 600s
[17-Nov-2025 06:34:54 Europe/Rome] API CSRF Check - Token received: 7aa20966d4...
[17-Nov-2025 06:34:54 Europe/Rome] API CSRF Check - Session token: 7aa20966d4...
[17-Nov-2025 06:34:55 Europe/Rome] Failed to log ticket notification: Errore durante l'inserimento del record
[17-Nov-2025 06:34:55 Europe/Rome] Session initialized - Host: localhost:8888, Domain: , Secure: false, Timeout: 600s
[17-Nov-2025 06:34:55 Europe/Rome] Session initialized - Host: localhost:8888, Domain: , Secure: false, Timeout: 600s
[17-Nov-2025 06:35:01 Europe/Rome] Session initialized - Host: localhost:8888, Domain: , Secure: false, Timeout: 600s
[17-Nov-2025 06:35:01 Europe/Rome] API CSRF Check - Token received: 7aa20966d4...
[17-Nov-2025 06:35:01 Europe/Rome] API CSRF Check - Session token: 7aa20966d4...
[17-Nov-2025 06:35:01 Europe/Rome] PHP Warning:  Undefined array key "name" in C:\xampp\htdocs\CollaboraNexio\api\tickets\delete.php on line 171
[17-Nov-2025 06:35:01 Europe/Rome] PHP Warning:  Undefined array key "email" in C:\xampp\htdocs\CollaboraNexio\api\tickets\delete.php on line 172
[17-Nov-2025 06:35:01 Europe/Rome] Session initialized - Host: localhost:8888, Domain: , Secure: false, Timeout: 600s
[17-Nov-2025 06:35:01 Europe/Rome] Session initialized - Host: localhost:8888, Domain: , Secure: false, Timeout: 600s
[17-Nov-2025 06:35:01 Europe/Rome] PHP Warning:  Trying to access array offset on value of type bool in C:\xampp\htdocs\CollaboraNexio\api\tickets\stats.php on line 88
[17-Nov-2025 06:35:04 Europe/Rome] Session initialized - Host: localhost:8888, Domain: , Secure: false, Timeout: 600s
[17-Nov-2025 06:35:08 Europe/Rome] Session initialized - Host: localhost:8888, Domain: , Secure: false, Timeout: 600s
[17-Nov-2025 06:35:08 Europe/Rome] API CSRF Check - Token received: 7aa20966d4...
[17-Nov-2025 06:35:08 Europe/Rome] API CSRF Check - Session token: 7aa20966d4...
[17-Nov-2025 06:35:09 Europe/Rome] Failed to log ticket notification: Errore durante l'inserimento del record
[17-Nov-2025 06:35:09 Europe/Rome] Session initialized - Host: localhost:8888, Domain: , Secure: false, Timeout: 600s
[17-Nov-2025 06:35:09 Europe/Rome] Session initialized - Host: localhost:8888, Domain: , Secure: false, Timeout: 600s
[17-Nov-2025 06:35:09 Europe/Rome] Session initialized - Host: localhost:8888, Domain: , Secure: false, Timeout: 600s
[17-Nov-2025 06:35:23 Europe/Rome] Session initialized - Host: localhost:8888, Domain: , Secure: false, Timeout: 600s
[17-Nov-2025 06:35:26 Europe/Rome] Session initialized - Host: localhost:8888, Domain: , Secure: false, Timeout: 600s
[17-Nov-2025 06:35:26 Europe/Rome] API CSRF Check - Token received: 7aa20966d4...
[17-Nov-2025 06:35:26 Europe/Rome] API CSRF Check - Session token: 7aa20966d4...
[17-Nov-2025 06:35:27 Europe/Rome] Failed to log ticket notification: Errore durante l'inserimento del record
[17-Nov-2025 06:35:27 Europe/Rome] Session initialized - Host: localhost:8888, Domain: , Secure: false, Timeout: 600s
[17-Nov-2025 06:35:27 Europe/Rome] Session initialized - Host: localhost:8888, Domain: , Secure: false, Timeout: 600s
[17-Nov-2025 06:35:30 Europe/Rome] Session initialized - Host: localhost:8888, Domain: , Secure: false, Timeout: 600s
[17-Nov-2025 06:35:33 Europe/Rome] Session initialized - Host: localhost:8888, Domain: , Secure: false, Timeout: 600s
[17-Nov-2025 06:35:33 Europe/Rome] API CSRF Check - Token received: 7aa20966d4...
[17-Nov-2025 06:35:33 Europe/Rome] API CSRF Check - Session token: 7aa20966d4...
[17-Nov-2025 06:35:34 Europe/Rome] Failed to log ticket notification: Errore durante l'inserimento del record
[17-Nov-2025 06:35:34 Europe/Rome] Session initialized - Host: localhost:8888, Domain: , Secure: false, Timeout: 600s
[17-Nov-2025 06:35:34 Europe/Rome] Session initialized - Host: localhost:8888, Domain: , Secure: false, Timeout: 600s
[17-Nov-2025 06:35:38 Europe/Rome] Session initialized - Host: localhost:8888, Domain: , Secure: false, Timeout: 600s
[17-Nov-2025 06:35:39 Europe/Rome] Session initialized - Host: localhost:8888, Domain: , Secure: false, Timeout: 600s
[17-Nov-2025 06:35:42 Europe/Rome] Session initialized - Host: localhost:8888, Domain: , Secure: false, Timeout: 600s
[17-Nov-2025 06:36:10 Europe/Rome] Session initialized - Host: localhost:8888, Domain: , Secure: false, Timeout: 600s
[17-Nov-2025 06:36:40 Europe/Rome] Session initialized - Host: localhost:8888, Domain: , Secure: false, Timeout: 600s
[17-Nov-2025 06:37:10 Europe/Rome] Session initialized - Host: localhost:8888, Domain: , Secure: false, Timeout: 600s
[17-Nov-2025 06:37:40 Europe/Rome] Session initialized - Host: localhost:8888, Domain: , Secure: false, Timeout: 600s
[17-Nov-2025 06:38:17 Europe/Rome] Session initialized - Host: localhost:8888, Domain: , Secure: false, Timeout: 600s
[17-Nov-2025 06:39:17 Europe/Rome] Session initialized - Host: localhost:8888, Domain: , Secure: false, Timeout: 600s
[17-Nov-2025 06:40:17 Europe/Rome] Session initialized - Host: localhost:8888, Domain: , Secure: false, Timeout: 600s
[17-Nov-2025 06:41:17 Europe/Rome] Session initialized - Host: localhost:8888, Domain: , Secure: false, Timeout: 600s
[17-Nov-2025 06:41:51 Europe/Rome] Session initialized - Host: localhost, Domain: , Secure: false, Timeout: 600s
[17-Nov-2025 06:41:51 Europe/Rome] PHP Deprecated:  htmlspecialchars(): Passing null to parameter #1 ($string) of type string is deprecated in C:\xampp\htdocs\CollaboraNexio\test_bug_102_delete_multiple.php on line 146
[17-Nov-2025 06:41:51 Europe/Rome] PHP Deprecated:  htmlspecialchars(): Passing null to parameter #1 ($string) of type string is deprecated in C:\xampp\htdocs\CollaboraNexio\test_bug_102_delete_multiple.php on line 146
[17-Nov-2025 06:41:51 Europe/Rome] PHP Deprecated:  htmlspecialchars(): Passing null to parameter #1 ($string) of type string is deprecated in C:\xampp\htdocs\CollaboraNexio\test_bug_102_delete_multiple.php on line 146
[17-Nov-2025 06:41:56 Europe/Rome] Session initialized - Host: localhost, Domain: , Secure: false, Timeout: 600s
[17-Nov-2025 06:41:56 Europe/Rome] PHP Deprecated:  htmlspecialchars(): Passing null to parameter #1 ($string) of type string is deprecated in C:\xampp\htdocs\CollaboraNexio\test_bug_102_delete_multiple.php on line 146
[17-Nov-2025 06:41:56 Europe/Rome] PHP Deprecated:  htmlspecialchars(): Passing null to parameter #1 ($string) of type string is deprecated in C:\xampp\htdocs\CollaboraNexio\test_bug_102_delete_multiple.php on line 146
[17-Nov-2025 06:41:56 Europe/Rome] PHP Deprecated:  htmlspecialchars(): Passing null to parameter #1 ($string) of type string is deprecated in C:\xampp\htdocs\CollaboraNexio\test_bug_102_delete_multiple.php on line 146
[17-Nov-2025 06:42:17 Europe/Rome] Session initialized - Host: localhost:8888, Domain: , Secure: false, Timeout: 600s
[17-Nov-2025 06:43:17 Europe/Rome] Session initialized - Host: localhost:8888, Domain: , Secure: false, Timeout: 600s
[17-Nov-2025 06:44:17 Europe/Rome] Session initialized - Host: localhost:8888, Domain: , Secure: false, Timeout: 600s
[17-Nov-2025 06:45:17 Europe/Rome] Session initialized - Host: localhost:8888, Domain: , Secure: false, Timeout: 600s
[17-Nov-2025 06:46:17 Europe/Rome] Session initialized - Host: localhost:8888, Domain: , Secure: false, Timeout: 600s
[17-Nov-2025 06:47:17 Europe/Rome] Session initialized - Host: localhost:8888, Domain: , Secure: false, Timeout: 600s
[17-Nov-2025 06:48:17 Europe/Rome] Session initialized - Host: localhost:8888, Domain: , Secure: false, Timeout: 600s
[17-Nov-2025 06:49:17 Europe/Rome] Session initialized - Host: localhost:8888, Domain: , Secure: false, Timeout: 600s
[17-Nov-2025 06:50:17 Europe/Rome] Session initialized - Host: localhost:8888, Domain: , Secure: false, Timeout: 600s
[17-Nov-2025 06:51:17 Europe/Rome] Session initialized - Host: localhost:8888, Domain: , Secure: false, Timeout: 600s
[17-Nov-2025 06:52:17 Europe/Rome] Session initialized - Host: localhost:8888, Domain: , Secure: false, Timeout: 600s
[17-Nov-2025 06:53:17 Europe/Rome] Session initialized - Host: localhost:8888, Domain: , Secure: false, Timeout: 600s
[17-Nov-2025 06:54:17 Europe/Rome] Session initialized - Host: localhost:8888, Domain: , Secure: false, Timeout: 600s
[17-Nov-2025 06:55:17 Europe/Rome] Session initialized - Host: localhost:8888, Domain: , Secure: false, Timeout: 600s
[17-Nov-2025 06:56:17 Europe/Rome] Session initialized - Host: localhost:8888, Domain: , Secure: false, Timeout: 600s
[17-Nov-2025 06:57:17 Europe/Rome] Session initialized - Host: localhost:8888, Domain: , Secure: false, Timeout: 600s
[17-Nov-2025 06:58:01 Europe/Rome] Session initialized - Host: localhost:8888, Domain: , Secure: false, Timeout: 600s
[17-Nov-2025 06:58:04 Europe/Rome] Session initialized - Host: localhost:8888, Domain: , Secure: false, Timeout: 600s
[17-Nov-2025 06:58:05 Europe/Rome] Session initialized - Host: localhost:8888, Domain: , Secure: false, Timeout: 600s
[17-Nov-2025 06:58:05 Europe/Rome] Session initialized - Host: localhost:8888, Domain: , Secure: false, Timeout: 600s
[17-Nov-2025 06:58:05 Europe/Rome] PHP Warning:  Trying to access array offset on value of type bool in C:\xampp\htdocs\CollaboraNexio\api\tickets\stats.php on line 88
[17-Nov-2025 06:58:05 Europe/Rome] Session initialized - Host: localhost:8888, Domain: , Secure: false, Timeout: 600s
[17-Nov-2025 06:58:06 Europe/Rome] Session initialized - Host: localhost:8888, Domain: , Secure: false, Timeout: 600s
[17-Nov-2025 06:58:06 Europe/Rome] Session initialized - Host: localhost:8888, Domain: , Secure: false, Timeout: 600s
[17-Nov-2025 06:58:06 Europe/Rome] API CSRF Check - Token received: 7aa20966d4...
[17-Nov-2025 06:58:06 Europe/Rome] API CSRF Check - Session token: 7aa20966d4...
[17-Nov-2025 06:58:09 Europe/Rome] Session initialized - Host: localhost:8888, Domain: , Secure: false, Timeout: 600s
[17-Nov-2025 06:58:09 Europe/Rome] API CSRF Check - Token received: 7aa20966d4...
[17-Nov-2025 06:58:09 Europe/Rome] API CSRF Check - Session token: 7aa20966d4...
[17-Nov-2025 06:58:09 Europe/Rome] PHP Warning:  Undefined array key "name" in C:\xampp\htdocs\CollaboraNexio\api\tickets\delete.php on line 171
[17-Nov-2025 06:58:09 Europe/Rome] PHP Warning:  Undefined array key "email" in C:\xampp\htdocs\CollaboraNexio\api\tickets\delete.php on line 172
[17-Nov-2025 06:58:09 Europe/Rome] Session initialized - Host: localhost:8888, Domain: , Secure: false, Timeout: 600s
[17-Nov-2025 06:58:09 Europe/Rome] Session initialized - Host: localhost:8888, Domain: , Secure: false, Timeout: 600s
[17-Nov-2025 06:58:09 Europe/Rome] PHP Warning:  Trying to access array offset on value of type bool in C:\xampp\htdocs\CollaboraNexio\api\tickets\stats.php on line 88
[17-Nov-2025 06:58:12 Europe/Rome] Session initialized - Host: localhost:8888, Domain: , Secure: false, Timeout: 600s
[17-Nov-2025 06:58:15 Europe/Rome] Session initialized - Host: localhost:8888, Domain: , Secure: false, Timeout: 600s
[17-Nov-2025 06:58:15 Europe/Rome] API CSRF Check - Token received: 7aa20966d4...
[17-Nov-2025 06:58:15 Europe/Rome] API CSRF Check - Session token: 7aa20966d4...
[17-Nov-2025 06:58:15 Europe/Rome] PHP Warning:  Undefined array key "name" in C:\xampp\htdocs\CollaboraNexio\api\tickets\delete.php on line 171
[17-Nov-2025 06:58:15 Europe/Rome] PHP Warning:  Undefined array key "email" in C:\xampp\htdocs\CollaboraNexio\api\tickets\delete.php on line 172
[17-Nov-2025 06:58:15 Europe/Rome] Session initialized - Host: localhost:8888, Domain: , Secure: false, Timeout: 600s
[17-Nov-2025 06:58:15 Europe/Rome] Session initialized - Host: localhost:8888, Domain: , Secure: false, Timeout: 600s
[17-Nov-2025 06:58:15 Europe/Rome] PHP Warning:  Trying to access array offset on value of type bool in C:\xampp\htdocs\CollaboraNexio\api\tickets\stats.php on line 88
[17-Nov-2025 06:58:18 Europe/Rome] Session initialized - Host: localhost:8888, Domain: , Secure: false, Timeout: 600s
[17-Nov-2025 06:58:20 Europe/Rome] Session initialized - Host: localhost:8888, Domain: , Secure: false, Timeout: 600s
[17-Nov-2025 06:58:20 Europe/Rome] API CSRF Check - Token received: 7aa20966d4...
[17-Nov-2025 06:58:20 Europe/Rome] API CSRF Check - Session token: 7aa20966d4...
[17-Nov-2025 06:58:20 Europe/Rome] PHP Warning:  Undefined array key "name" in C:\xampp\htdocs\CollaboraNexio\api\tickets\delete.php on line 171
[17-Nov-2025 06:58:20 Europe/Rome] PHP Warning:  Undefined array key "email" in C:\xampp\htdocs\CollaboraNexio\api\tickets\delete.php on line 172
[17-Nov-2025 06:58:20 Europe/Rome] Session initialized - Host: localhost:8888, Domain: , Secure: false, Timeout: 600s
[17-Nov-2025 06:58:20 Europe/Rome] Session initialized - Host: localhost:8888, Domain: , Secure: false, Timeout: 600s
[17-Nov-2025 06:58:20 Europe/Rome] PHP Warning:  Trying to access array offset on value of type bool in C:\xampp\htdocs\CollaboraNexio\api\tickets\stats.php on line 88
[17-Nov-2025 06:58:23 Europe/Rome] Session initialized - Host: localhost:8888, Domain: , Secure: false, Timeout: 600s
[17-Nov-2025 06:58:26 Europe/Rome] Session initialized - Host: localhost:8888, Domain: , Secure: false, Timeout: 600s
[17-Nov-2025 06:58:26 Europe/Rome] API CSRF Check - Token received: 7aa20966d4...
[17-Nov-2025 06:58:26 Europe/Rome] API CSRF Check - Session token: 7aa20966d4...
[17-Nov-2025 06:58:28 Europe/Rome] Failed to log ticket notification: Errore durante l'inserimento del record
[17-Nov-2025 06:58:28 Europe/Rome] Session initialized - Host: localhost:8888, Domain: , Secure: false, Timeout: 600s
[17-Nov-2025 06:58:28 Europe/Rome] Session initialized - Host: localhost:8888, Domain: , Secure: false, Timeout: 600s
[17-Nov-2025 06:58:32 Europe/Rome] Session initialized - Host: localhost:8888, Domain: , Secure: false, Timeout: 600s
[17-Nov-2025 06:58:32 Europe/Rome] API CSRF Check - Token received: 7aa20966d4...
[17-Nov-2025 06:58:32 Europe/Rome] API CSRF Check - Session token: 7aa20966d4...
[17-Nov-2025 06:58:32 Europe/Rome] PHP Warning:  Undefined array key "name" in C:\xampp\htdocs\CollaboraNexio\api\tickets\delete.php on line 171
[17-Nov-2025 06:58:32 Europe/Rome] PHP Warning:  Undefined array key "email" in C:\xampp\htdocs\CollaboraNexio\api\tickets\delete.php on line 172
[17-Nov-2025 06:58:32 Europe/Rome] Session initialized - Host: localhost:8888, Domain: , Secure: false, Timeout: 600s
[17-Nov-2025 06:58:32 Europe/Rome] Session initialized - Host: localhost:8888, Domain: , Secure: false, Timeout: 600s
[17-Nov-2025 06:58:32 Europe/Rome] PHP Warning:  Trying to access array offset on value of type bool in C:\xampp\htdocs\CollaboraNexio\api\tickets\stats.php on line 88
[17-Nov-2025 06:58:34 Europe/Rome] Session initialized - Host: localhost:8888, Domain: , Secure: false, Timeout: 600s
[17-Nov-2025 06:58:35 Europe/Rome] Session initialized - Host: localhost:8888, Domain: , Secure: false, Timeout: 600s
[17-Nov-2025 06:58:37 Europe/Rome] Session initialized - Host: localhost:8888, Domain: , Secure: false, Timeout: 600s
[17-Nov-2025 06:58:37 Europe/Rome] API CSRF Check - Token received: 7aa20966d4...
[17-Nov-2025 06:58:37 Europe/Rome] API CSRF Check - Session token: 7aa20966d4...
[17-Nov-2025 06:58:39 Europe/Rome] Failed to log ticket notification: Errore durante l'inserimento del record
[17-Nov-2025 06:58:39 Europe/Rome] Session initialized - Host: localhost:8888, Domain: , Secure: false, Timeout: 600s
[17-Nov-2025 06:58:39 Europe/Rome] Session initialized - Host: localhost:8888, Domain: , Secure: false, Timeout: 600s
[17-Nov-2025 06:58:43 Europe/Rome] Session initialized - Host: localhost:8888, Domain: , Secure: false, Timeout: 600s
[17-Nov-2025 06:58:43 Europe/Rome] API CSRF Check - Token received: 7aa20966d4...
[17-Nov-2025 06:58:43 Europe/Rome] API CSRF Check - Session token: 7aa20966d4...
[17-Nov-2025 06:58:43 Europe/Rome] PHP Warning:  Undefined array key "name" in C:\xampp\htdocs\CollaboraNexio\api\tickets\delete.php on line 171
[17-Nov-2025 06:58:43 Europe/Rome] PHP Warning:  Undefined array key "email" in C:\xampp\htdocs\CollaboraNexio\api\tickets\delete.php on line 172
[17-Nov-2025 06:58:43 Europe/Rome] Session initialized - Host: localhost:8888, Domain: , Secure: false, Timeout: 600s
[17-Nov-2025 06:58:43 Europe/Rome] Session initialized - Host: localhost:8888, Domain: , Secure: false, Timeout: 600s
[17-Nov-2025 06:58:43 Europe/Rome] PHP Warning:  Trying to access array offset on value of type bool in C:\xampp\htdocs\CollaboraNexio\api\tickets\stats.php on line 88
[17-Nov-2025 06:58:45 Europe/Rome] Session initialized - Host: localhost:8888, Domain: , Secure: false, Timeout: 600s
[17-Nov-2025 06:58:50 Europe/Rome] Session initialized - Host: localhost:8888, Domain: , Secure: false, Timeout: 600s
[17-Nov-2025 06:58:50 Europe/Rome] API CSRF Check - Token received: 7aa20966d4...
[17-Nov-2025 06:58:50 Europe/Rome] API CSRF Check - Session token: 7aa20966d4...
[17-Nov-2025 06:58:51 Europe/Rome] Failed to log ticket notification: Errore durante l'inserimento del record
[17-Nov-2025 06:58:51 Europe/Rome] Session initialized - Host: localhost:8888, Domain: , Secure: false, Timeout: 600s
[17-Nov-2025 06:58:51 Europe/Rome] Session initialized - Host: localhost:8888, Domain: , Secure: false, Timeout: 600s
[17-Nov-2025 06:58:55 Europe/Rome] Session initialized - Host: localhost:8888, Domain: , Secure: false, Timeout: 600s
[17-Nov-2025 06:58:55 Europe/Rome] API CSRF Check - Token received: 7aa20966d4...
[17-Nov-2025 06:58:55 Europe/Rome] API CSRF Check - Session token: 7aa20966d4...
[17-Nov-2025 06:58:55 Europe/Rome] PHP Warning:  Undefined array key "name" in C:\xampp\htdocs\CollaboraNexio\api\tickets\delete.php on line 171
[17-Nov-2025 06:58:55 Europe/Rome] PHP Warning:  Undefined array key "email" in C:\xampp\htdocs\CollaboraNexio\api\tickets\delete.php on line 172
[17-Nov-2025 06:58:55 Europe/Rome] Session initialized - Host: localhost:8888, Domain: , Secure: false, Timeout: 600s
[17-Nov-2025 06:58:55 Europe/Rome] Session initialized - Host: localhost:8888, Domain: , Secure: false, Timeout: 600s
[17-Nov-2025 06:58:55 Europe/Rome] PHP Warning:  Trying to access array offset on value of type bool in C:\xampp\htdocs\CollaboraNexio\api\tickets\stats.php on line 88
[17-Nov-2025 06:58:57 Europe/Rome] Session initialized - Host: localhost:8888, Domain: , Secure: false, Timeout: 600s
[17-Nov-2025 06:59:00 Europe/Rome] Session initialized - Host: localhost:8888, Domain: , Secure: false, Timeout: 600s
[17-Nov-2025 06:59:00 Europe/Rome] API CSRF Check - Token received: 7aa20966d4...
[17-Nov-2025 06:59:00 Europe/Rome] API CSRF Check - Session token: 7aa20966d4...
[17-Nov-2025 06:59:02 Europe/Rome] Failed to log ticket notification: Errore durante l'inserimento del record
[17-Nov-2025 06:59:02 Europe/Rome] Session initialized - Host: localhost:8888, Domain: , Secure: false, Timeout: 600s
[17-Nov-2025 06:59:02 Europe/Rome] Session initialized - Host: localhost:8888, Domain: , Secure: false, Timeout: 600s
[17-Nov-2025 06:59:07 Europe/Rome] Session initialized - Host: localhost:8888, Domain: , Secure: false, Timeout: 600s
[17-Nov-2025 06:59:07 Europe/Rome] API CSRF Check - Token received: 7aa20966d4...
[17-Nov-2025 06:59:07 Europe/Rome] API CSRF Check - Session token: 7aa20966d4...
[17-Nov-2025 06:59:07 Europe/Rome] PHP Warning:  Undefined array key "name" in C:\xampp\htdocs\CollaboraNexio\api\tickets\delete.php on line 171
[17-Nov-2025 06:59:07 Europe/Rome] PHP Warning:  Undefined array key "email" in C:\xampp\htdocs\CollaboraNexio\api\tickets\delete.php on line 172
[17-Nov-2025 06:59:07 Europe/Rome] Session initialized - Host: localhost:8888, Domain: , Secure: false, Timeout: 600s
[17-Nov-2025 06:59:07 Europe/Rome] Session initialized - Host: localhost:8888, Domain: , Secure: false, Timeout: 600s
[17-Nov-2025 06:59:07 Europe/Rome] Session initialized - Host: localhost:8888, Domain: , Secure: false, Timeout: 600s
[17-Nov-2025 06:59:07 Europe/Rome] PHP Warning:  Trying to access array offset on value of type bool in C:\xampp\htdocs\CollaboraNexio\api\tickets\stats.php on line 88
[17-Nov-2025 06:59:10 Europe/Rome] Session initialized - Host: localhost:8888, Domain: , Secure: false, Timeout: 600s
[17-Nov-2025 06:59:10 Europe/Rome] Session initialized - Host: localhost:8888, Domain: , Secure: false, Timeout: 600s
[17-Nov-2025 06:59:10 Europe/Rome] Session initialized - Host: localhost:8888, Domain: , Secure: false, Timeout: 600s
[17-Nov-2025 06:59:10 Europe/Rome] Session initialized - Host: localhost:8888, Domain: , Secure: false, Timeout: 600s
[17-Nov-2025 06:59:10 Europe/Rome] Session initialized - Host: localhost:8888, Domain: , Secure: false, Timeout: 600s
[17-Nov-2025 06:59:10 Europe/Rome] Session initialized - Host: localhost:8888, Domain: , Secure: false, Timeout: 600s
[17-Nov-2025 06:59:10 Europe/Rome] Session initialized - Host: localhost:8888, Domain: , Secure: false, Timeout: 600s
[17-Nov-2025 07:00:11 Europe/Rome] Session initialized - Host: localhost:8888, Domain: , Secure: false, Timeout: 600s
[17-Nov-2025 07:00:11 Europe/Rome] Session initialized - Host: localhost:8888, Domain: , Secure: false, Timeout: 600s
[17-Nov-2025 07:00:11 Europe/Rome] Session initialized - Host: localhost:8888, Domain: , Secure: false, Timeout: 600s
[17-Nov-2025 07:00:11 Europe/Rome] Session initialized - Host: localhost:8888, Domain: , Secure: false, Timeout: 600s
[17-Nov-2025 07:00:11 Europe/Rome] Session initialized - Host: localhost:8888, Domain: , Secure: false, Timeout: 600s
[17-Nov-2025 07:00:11 Europe/Rome] Session initialized - Host: localhost:8888, Domain: , Secure: false, Timeout: 600s
[17-Nov-2025 07:01:11 Europe/Rome] Session initialized - Host: localhost:8888, Domain: , Secure: false, Timeout: 600s
[17-Nov-2025 07:01:11 Europe/Rome] Session initialized - Host: localhost:8888, Domain: , Secure: false, Timeout: 600s
[17-Nov-2025 07:01:11 Europe/Rome] Session initialized - Host: localhost:8888, Domain: , Secure: false, Timeout: 600s
[17-Nov-2025 07:01:11 Europe/Rome] Session initialized - Host: localhost:8888, Domain: , Secure: false, Timeout: 600s
[17-Nov-2025 07:01:11 Europe/Rome] Session initialized - Host: localhost:8888, Domain: , Secure: false, Timeout: 600s
[17-Nov-2025 07:01:11 Europe/Rome] Session initialized - Host: localhost:8888, Domain: , Secure: false, Timeout: 600s
[17-Nov-2025 07:02:11 Europe/Rome] Session initialized - Host: localhost:8888, Domain: , Secure: false, Timeout: 600s
[17-Nov-2025 07:02:11 Europe/Rome] Session initialized - Host: localhost:8888, Domain: , Secure: false, Timeout: 600s
[17-Nov-2025 07:02:11 Europe/Rome] Session initialized - Host: localhost:8888, Domain: , Secure: false, Timeout: 600s
[17-Nov-2025 07:02:11 Europe/Rome] Session initialized - Host: localhost:8888, Domain: , Secure: false, Timeout: 600s
[17-Nov-2025 07:02:11 Europe/Rome] Session initialized - Host: localhost:8888, Domain: , Secure: false, Timeout: 600s
[17-Nov-2025 07:02:11 Europe/Rome] Session initialized - Host: localhost:8888, Domain: , Secure: false, Timeout: 600s
[17-Nov-2025 07:03:11 Europe/Rome] Session initialized - Host: localhost:8888, Domain: , Secure: false, Timeout: 600s
[17-Nov-2025 07:03:11 Europe/Rome] Session initialized - Host: localhost:8888, Domain: , Secure: false, Timeout: 600s
[17-Nov-2025 07:03:11 Europe/Rome] Session initialized - Host: localhost:8888, Domain: , Secure: false, Timeout: 600s
[17-Nov-2025 07:03:11 Europe/Rome] Session initialized - Host: localhost:8888, Domain: , Secure: false, Timeout: 600s
[17-Nov-2025 07:03:11 Europe/Rome] Session initialized - Host: localhost:8888, Domain: , Secure: false, Timeout: 600s
[17-Nov-2025 07:03:11 Europe/Rome] Session initialized - Host: localhost:8888, Domain: , Secure: false, Timeout: 600s
[17-Nov-2025 07:04:11 Europe/Rome] Session initialized - Host: localhost:8888, Domain: , Secure: false, Timeout: 600s
[17-Nov-2025 07:04:11 Europe/Rome] Session initialized - Host: localhost:8888, Domain: , Secure: false, Timeout: 600s
[17-Nov-2025 07:04:11 Europe/Rome] Session initialized - Host: localhost:8888, Domain: , Secure: false, Timeout: 600s
[17-Nov-2025 07:04:11 Europe/Rome] Session initialized - Host: localhost:8888, Domain: , Secure: false, Timeout: 600s
[17-Nov-2025 07:04:11 Europe/Rome] Session initialized - Host: localhost:8888, Domain: , Secure: false, Timeout: 600s
[17-Nov-2025 07:04:11 Europe/Rome] Session initialized - Host: localhost:8888, Domain: , Secure: false, Timeout: 600s
[17-Nov-2025 07:05:11 Europe/Rome] Session initialized - Host: localhost:8888, Domain: , Secure: false, Timeout: 600s
[17-Nov-2025 07:05:11 Europe/Rome] Session initialized - Host: localhost:8888, Domain: , Secure: false, Timeout: 600s
[17-Nov-2025 07:05:11 Europe/Rome] Session initialized - Host: localhost:8888, Domain: , Secure: false, Timeout: 600s
[17-Nov-2025 07:05:11 Europe/Rome] Session initialized - Host: localhost:8888, Domain: , Secure: false, Timeout: 600s
[17-Nov-2025 07:05:11 Europe/Rome] Session initialized - Host: localhost:8888, Domain: , Secure: false, Timeout: 600s
[17-Nov-2025 07:05:11 Europe/Rome] Session initialized - Host: localhost:8888, Domain: , Secure: false, Timeout: 600s
[17-Nov-2025 07:06:17 Europe/Rome] Session initialized - Host: localhost:8888, Domain: , Secure: false, Timeout: 600s
[17-Nov-2025 07:06:17 Europe/Rome] Session initialized - Host: localhost:8888, Domain: , Secure: false, Timeout: 600s
[17-Nov-2025 07:06:17 Europe/Rome] Session initialized - Host: localhost:8888, Domain: , Secure: false, Timeout: 600s
[17-Nov-2025 07:06:17 Europe/Rome] Session initialized - Host: localhost:8888, Domain: , Secure: false, Timeout: 600s
[17-Nov-2025 07:06:17 Europe/Rome] Session initialized - Host: localhost:8888, Domain: , Secure: false, Timeout: 600s
[17-Nov-2025 07:06:17 Europe/Rome] Session initialized - Host: localhost:8888, Domain: , Secure: false, Timeout: 600s
[17-Nov-2025 07:07:17 Europe/Rome] Session initialized - Host: localhost:8888, Domain: , Secure: false, Timeout: 600s
[17-Nov-2025 07:07:17 Europe/Rome] Session initialized - Host: localhost:8888, Domain: , Secure: false, Timeout: 600s
[17-Nov-2025 07:07:17 Europe/Rome] Session initialized - Host: localhost:8888, Domain: , Secure: false, Timeout: 600s
[17-Nov-2025 07:07:17 Europe/Rome] Session initialized - Host: localhost:8888, Domain: , Secure: false, Timeout: 600s
[17-Nov-2025 07:07:17 Europe/Rome] Session initialized - Host: localhost:8888, Domain: , Secure: false, Timeout: 600s
[17-Nov-2025 07:07:17 Europe/Rome] Session initialized - Host: localhost:8888, Domain: , Secure: false, Timeout: 600s
[17-Nov-2025 07:08:17 Europe/Rome] Session initialized - Host: localhost:8888, Domain: , Secure: false, Timeout: 600s
[17-Nov-2025 07:08:17 Europe/Rome] Session initialized - Host: localhost:8888, Domain: , Secure: false, Timeout: 600s
[17-Nov-2025 07:08:17 Europe/Rome] Session initialized - Host: localhost:8888, Domain: , Secure: false, Timeout: 600s
[17-Nov-2025 07:08:17 Europe/Rome] Session initialized - Host: localhost:8888, Domain: , Secure: false, Timeout: 600s
[17-Nov-2025 07:08:17 Europe/Rome] Session initialized - Host: localhost:8888, Domain: , Secure: false, Timeout: 600s
[17-Nov-2025 07:08:17 Europe/Rome] Session initialized - Host: localhost:8888, Domain: , Secure: false, Timeout: 600s
[17-Nov-2025 07:09:17 Europe/Rome] Session initialized - Host: localhost:8888, Domain: , Secure: false, Timeout: 600s
[17-Nov-2025 07:09:17 Europe/Rome] Session initialized - Host: localhost:8888, Domain: , Secure: false, Timeout: 600s
[17-Nov-2025 07:09:17 Europe/Rome] Session initialized - Host: localhost:8888, Domain: , Secure: false, Timeout: 600s
[17-Nov-2025 07:09:17 Europe/Rome] Session initialized - Host: localhost:8888, Domain: , Secure: false, Timeout: 600s
[17-Nov-2025 07:09:17 Europe/Rome] Session initialized - Host: localhost:8888, Domain: , Secure: false, Timeout: 600s
[17-Nov-2025 07:09:17 Europe/Rome] Session initialized - Host: localhost:8888, Domain: , Secure: false, Timeout: 600s
[17-Nov-2025 07:10:17 Europe/Rome] Session initialized - Host: localhost:8888, Domain: , Secure: false, Timeout: 600s
[17-Nov-2025 07:10:17 Europe/Rome] Session initialized - Host: localhost:8888, Domain: , Secure: false, Timeout: 600s
[17-Nov-2025 07:10:17 Europe/Rome] Session initialized - Host: localhost:8888, Domain: , Secure: false, Timeout: 600s
[17-Nov-2025 07:10:17 Europe/Rome] Session initialized - Host: localhost:8888, Domain: , Secure: false, Timeout: 600s
[17-Nov-2025 07:10:17 Europe/Rome] Session initialized - Host: localhost:8888, Domain: , Secure: false, Timeout: 600s
[17-Nov-2025 07:10:17 Europe/Rome] Session initialized - Host: localhost:8888, Domain: , Secure: false, Timeout: 600s
[17-Nov-2025 07:11:17 Europe/Rome] Session initialized - Host: localhost:8888, Domain: , Secure: false, Timeout: 600s
[17-Nov-2025 07:11:17 Europe/Rome] Session initialized - Host: localhost:8888, Domain: , Secure: false, Timeout: 600s
[17-Nov-2025 07:11:17 Europe/Rome] Session initialized - Host: localhost:8888, Domain: , Secure: false, Timeout: 600s
[17-Nov-2025 07:11:17 Europe/Rome] Session initialized - Host: localhost:8888, Domain: , Secure: false, Timeout: 600s
[17-Nov-2025 07:11:17 Europe/Rome] Session initialized - Host: localhost:8888, Domain: , Secure: false, Timeout: 600s
[17-Nov-2025 07:11:17 Europe/Rome] Session initialized - Host: localhost:8888, Domain: , Secure: false, Timeout: 600s
[17-Nov-2025 07:12:17 Europe/Rome] Session initialized - Host: localhost:8888, Domain: , Secure: false, Timeout: 600s
[17-Nov-2025 07:12:17 Europe/Rome] Session initialized - Host: localhost:8888, Domain: , Secure: false, Timeout: 600s
[17-Nov-2025 07:12:17 Europe/Rome] Session initialized - Host: localhost:8888, Domain: , Secure: false, Timeout: 600s
[17-Nov-2025 07:12:17 Europe/Rome] Session initialized - Host: localhost:8888, Domain: , Secure: false, Timeout: 600s
[17-Nov-2025 07:12:17 Europe/Rome] Session initialized - Host: localhost:8888, Domain: , Secure: false, Timeout: 600s
[17-Nov-2025 07:12:17 Europe/Rome] Session initialized - Host: localhost:8888, Domain: , Secure: false, Timeout: 600s
[17-Nov-2025 07:12:18 Europe/Rome] Session initialized - Host: localhost, Domain: , Secure: false, Timeout: 600s
[17-Nov-2025 07:12:43 Europe/Rome] Session initialized - Host: localhost, Domain: , Secure: false, Timeout: 600s
[17-Nov-2025 07:13:17 Europe/Rome] Session initialized - Host: localhost:8888, Domain: , Secure: false, Timeout: 600s
[17-Nov-2025 07:13:17 Europe/Rome] Session initialized - Host: localhost:8888, Domain: , Secure: false, Timeout: 600s
[17-Nov-2025 07:13:17 Europe/Rome] Session initialized - Host: localhost:8888, Domain: , Secure: false, Timeout: 600s
[17-Nov-2025 07:13:17 Europe/Rome] Session initialized - Host: localhost:8888, Domain: , Secure: false, Timeout: 600s
[17-Nov-2025 07:13:17 Europe/Rome] Session initialized - Host: localhost:8888, Domain: , Secure: false, Timeout: 600s
[17-Nov-2025 07:13:17 Europe/Rome] Session initialized - Host: localhost:8888, Domain: , Secure: false, Timeout: 600s
[17-Nov-2025 07:14:17 Europe/Rome] Session initialized - Host: localhost:8888, Domain: , Secure: false, Timeout: 600s
[17-Nov-2025 07:14:17 Europe/Rome] Session initialized - Host: localhost:8888, Domain: , Secure: false, Timeout: 600s
[17-Nov-2025 07:14:17 Europe/Rome] Session initialized - Host: localhost:8888, Domain: , Secure: false, Timeout: 600s
[17-Nov-2025 07:14:17 Europe/Rome] Session initialized - Host: localhost:8888, Domain: , Secure: false, Timeout: 600s
[17-Nov-2025 07:14:17 Europe/Rome] Session initialized - Host: localhost:8888, Domain: , Secure: false, Timeout: 600s
[17-Nov-2025 07:14:17 Europe/Rome] Session initialized - Host: localhost:8888, Domain: , Secure: false, Timeout: 600s
[17-Nov-2025 07:15:17 Europe/Rome] Session initialized - Host: localhost:8888, Domain: , Secure: false, Timeout: 600s
[17-Nov-2025 07:15:17 Europe/Rome] Session initialized - Host: localhost:8888, Domain: , Secure: false, Timeout: 600s
[17-Nov-2025 07:15:17 Europe/Rome] Session initialized - Host: localhost:8888, Domain: , Secure: false, Timeout: 600s
[17-Nov-2025 07:15:17 Europe/Rome] Session initialized - Host: localhost:8888, Domain: , Secure: false, Timeout: 600s
[17-Nov-2025 07:15:17 Europe/Rome] Session initialized - Host: localhost:8888, Domain: , Secure: false, Timeout: 600s
[17-Nov-2025 07:15:17 Europe/Rome] Session initialized - Host: localhost:8888, Domain: , Secure: false, Timeout: 600s
[17-Nov-2025 07:16:17 Europe/Rome] Session initialized - Host: localhost:8888, Domain: , Secure: false, Timeout: 600s
[17-Nov-2025 07:16:17 Europe/Rome] Session initialized - Host: localhost:8888, Domain: , Secure: false, Timeout: 600s
[17-Nov-2025 07:16:17 Europe/Rome] Session initialized - Host: localhost:8888, Domain: , Secure: false, Timeout: 600s
[17-Nov-2025 07:16:17 Europe/Rome] Session initialized - Host: localhost:8888, Domain: , Secure: false, Timeout: 600s
[17-Nov-2025 07:16:17 Europe/Rome] Session initialized - Host: localhost:8888, Domain: , Secure: false, Timeout: 600s
[17-Nov-2025 07:16:17 Europe/Rome] Session initialized - Host: localhost:8888, Domain: , Secure: false, Timeout: 600s
[17-Nov-2025 07:17:17 Europe/Rome] Session initialized - Host: localhost:8888, Domain: , Secure: false, Timeout: 600s
[17-Nov-2025 07:17:17 Europe/Rome] Session initialized - Host: localhost:8888, Domain: , Secure: false, Timeout: 600s
[17-Nov-2025 07:17:17 Europe/Rome] Session initialized - Host: localhost:8888, Domain: , Secure: false, Timeout: 600s
[17-Nov-2025 07:17:17 Europe/Rome] Session initialized - Host: localhost:8888, Domain: , Secure: false, Timeout: 600s
[17-Nov-2025 07:17:17 Europe/Rome] Session initialized - Host: localhost:8888, Domain: , Secure: false, Timeout: 600s
[17-Nov-2025 07:17:17 Europe/Rome] Session initialized - Host: localhost:8888, Domain: , Secure: false, Timeout: 600s
[17-Nov-2025 07:18:17 Europe/Rome] Session initialized - Host: localhost:8888, Domain: , Secure: false, Timeout: 600s
[17-Nov-2025 07:18:17 Europe/Rome] Session initialized - Host: localhost:8888, Domain: , Secure: false, Timeout: 600s
[17-Nov-2025 07:18:17 Europe/Rome] Session initialized - Host: localhost:8888, Domain: , Secure: false, Timeout: 600s
[17-Nov-2025 07:18:17 Europe/Rome] Session initialized - Host: localhost:8888, Domain: , Secure: false, Timeout: 600s
[17-Nov-2025 07:18:17 Europe/Rome] Session initialized - Host: localhost:8888, Domain: , Secure: false, Timeout: 600s
[17-Nov-2025 07:18:17 Europe/Rome] Session initialized - Host: localhost:8888, Domain: , Secure: false, Timeout: 600s
[17-Nov-2025 07:19:17 Europe/Rome] Session initialized - Host: localhost:8888, Domain: , Secure: false, Timeout: 600s
[17-Nov-2025 07:19:17 Europe/Rome] Session initialized - Host: localhost:8888, Domain: , Secure: false, Timeout: 600s
[17-Nov-2025 07:19:17 Europe/Rome] Session initialized - Host: localhost:8888, Domain: , Secure: false, Timeout: 600s
[17-Nov-2025 07:19:17 Europe/Rome] Session initialized - Host: localhost:8888, Domain: , Secure: false, Timeout: 600s
[17-Nov-2025 07:19:17 Europe/Rome] Session initialized - Host: localhost:8888, Domain: , Secure: false, Timeout: 600s
[17-Nov-2025 07:19:17 Europe/Rome] Session initialized - Host: localhost:8888, Domain: , Secure: false, Timeout: 600s
[17-Nov-2025 07:20:17 Europe/Rome] Session initialized - Host: localhost:8888, Domain: , Secure: false, Timeout: 600s
[17-Nov-2025 07:20:17 Europe/Rome] Session initialized - Host: localhost:8888, Domain: , Secure: false, Timeout: 600s
[17-Nov-2025 07:20:17 Europe/Rome] Session initialized - Host: localhost:8888, Domain: , Secure: false, Timeout: 600s
[17-Nov-2025 07:20:17 Europe/Rome] Session initialized - Host: localhost:8888, Domain: , Secure: false, Timeout: 600s
[17-Nov-2025 07:20:17 Europe/Rome] Session initialized - Host: localhost:8888, Domain: , Secure: false, Timeout: 600s
[17-Nov-2025 07:20:17 Europe/Rome] Session initialized - Host: localhost:8888, Domain: , Secure: false, Timeout: 600s
[17-Nov-2025 07:21:17 Europe/Rome] Session initialized - Host: localhost:8888, Domain: , Secure: false, Timeout: 600s
[17-Nov-2025 07:21:17 Europe/Rome] Session initialized - Host: localhost:8888, Domain: , Secure: false, Timeout: 600s
[17-Nov-2025 07:21:17 Europe/Rome] Session initialized - Host: localhost:8888, Domain: , Secure: false, Timeout: 600s
[17-Nov-2025 07:21:17 Europe/Rome] Session initialized - Host: localhost:8888, Domain: , Secure: false, Timeout: 600s
[17-Nov-2025 07:21:17 Europe/Rome] Session initialized - Host: localhost:8888, Domain: , Secure: false, Timeout: 600s
[17-Nov-2025 07:21:17 Europe/Rome] Session initialized - Host: localhost:8888, Domain: , Secure: false, Timeout: 600s
[17-Nov-2025 07:22:17 Europe/Rome] Session initialized - Host: localhost:8888, Domain: , Secure: false, Timeout: 600s
[17-Nov-2025 07:22:17 Europe/Rome] Session initialized - Host: localhost:8888, Domain: , Secure: false, Timeout: 600s
[17-Nov-2025 07:22:17 Europe/Rome] Session initialized - Host: localhost:8888, Domain: , Secure: false, Timeout: 600s
[17-Nov-2025 07:22:17 Europe/Rome] Session initialized - Host: localhost:8888, Domain: , Secure: false, Timeout: 600s
[17-Nov-2025 07:22:17 Europe/Rome] Session initialized - Host: localhost:8888, Domain: , Secure: false, Timeout: 600s
[17-Nov-2025 07:22:17 Europe/Rome] Session initialized - Host: localhost:8888, Domain: , Secure: false, Timeout: 600s
[17-Nov-2025 07:23:17 Europe/Rome] Session initialized - Host: localhost:8888, Domain: , Secure: false, Timeout: 600s
[17-Nov-2025 07:23:17 Europe/Rome] Session initialized - Host: localhost:8888, Domain: , Secure: false, Timeout: 600s
[17-Nov-2025 07:23:17 Europe/Rome] Session initialized - Host: localhost:8888, Domain: , Secure: false, Timeout: 600s
[17-Nov-2025 07:23:17 Europe/Rome] Session initialized - Host: localhost:8888, Domain: , Secure: false, Timeout: 600s
[17-Nov-2025 07:23:17 Europe/Rome] Session initialized - Host: localhost:8888, Domain: , Secure: false, Timeout: 600s
[17-Nov-2025 07:23:17 Europe/Rome] Session initialized - Host: localhost:8888, Domain: , Secure: false, Timeout: 600s
[17-Nov-2025 07:24:17 Europe/Rome] Session initialized - Host: localhost:8888, Domain: , Secure: false, Timeout: 600s
[17-Nov-2025 07:24:17 Europe/Rome] Session initialized - Host: localhost:8888, Domain: , Secure: false, Timeout: 600s
[17-Nov-2025 07:24:17 Europe/Rome] Session initialized - Host: localhost:8888, Domain: , Secure: false, Timeout: 600s
[17-Nov-2025 07:24:17 Europe/Rome] Session initialized - Host: localhost:8888, Domain: , Secure: false, Timeout: 600s
[17-Nov-2025 07:24:17 Europe/Rome] Session initialized - Host: localhost:8888, Domain: , Secure: false, Timeout: 600s
[17-Nov-2025 07:24:17 Europe/Rome] Session initialized - Host: localhost:8888, Domain: , Secure: false, Timeout: 600s
[17-Nov-2025 07:25:17 Europe/Rome] Session initialized - Host: localhost:8888, Domain: , Secure: false, Timeout: 600s
[17-Nov-2025 07:25:17 Europe/Rome] Session initialized - Host: localhost:8888, Domain: , Secure: false, Timeout: 600s
[17-Nov-2025 07:25:17 Europe/Rome] Session initialized - Host: localhost:8888, Domain: , Secure: false, Timeout: 600s
[17-Nov-2025 07:25:17 Europe/Rome] Session initialized - Host: localhost:8888, Domain: , Secure: false, Timeout: 600s
[17-Nov-2025 07:25:17 Europe/Rome] Session initialized - Host: localhost:8888, Domain: , Secure: false, Timeout: 600s
[17-Nov-2025 07:25:17 Europe/Rome] Session initialized - Host: localhost:8888, Domain: , Secure: false, Timeout: 600s
[17-Nov-2025 07:26:17 Europe/Rome] Session initialized - Host: localhost:8888, Domain: , Secure: false, Timeout: 600s
[17-Nov-2025 07:26:17 Europe/Rome] Session initialized - Host: localhost:8888, Domain: , Secure: false, Timeout: 600s
[17-Nov-2025 07:26:17 Europe/Rome] Session initialized - Host: localhost:8888, Domain: , Secure: false, Timeout: 600s
[17-Nov-2025 07:26:17 Europe/Rome] Session initialized - Host: localhost:8888, Domain: , Secure: false, Timeout: 600s
[17-Nov-2025 07:26:17 Europe/Rome] Session initialized - Host: localhost:8888, Domain: , Secure: false, Timeout: 600s
[17-Nov-2025 07:26:17 Europe/Rome] Session initialized - Host: localhost:8888, Domain: , Secure: false, Timeout: 600s
[17-Nov-2025 07:26:55 Europe/Rome] Session initialized - Host: localhost:8888, Domain: , Secure: false, Timeout: 600s
[17-Nov-2025 07:26:59 Europe/Rome] Session initialized - Host: localhost:8888, Domain: , Secure: false, Timeout: 600s
[17-Nov-2025 07:39:30 Europe/Rome] Session initialized - Host: localhost, Domain: , Secure: false, Timeout: 600s
[17-Nov-2025 07:42:38 Europe/Rome] Session initialized - Host: localhost, Domain: , Secure: false, Timeout: 600s
[17-Nov-2025 09:02:54 Europe/Rome] Session initialized - Host: localhost:8888, Domain: , Secure: false, Timeout: 600s
[17-Nov-2025 09:02:55 Europe/Rome] Session initialized - Host: localhost:8888, Domain: , Secure: false, Timeout: 600s
[17-Nov-2025 09:02:56 Europe/Rome] Session initialized - Host: localhost:8888, Domain: , Secure: false, Timeout: 600s
[17-Nov-2025 09:02:57 Europe/Rome] Session initialized - Host: localhost:8888, Domain: , Secure: false, Timeout: 600s
[17-Nov-2025 09:02:57 Europe/Rome] Session initialized - Host: localhost:8888, Domain: , Secure: false, Timeout: 600s
[17-Nov-2025 09:02:57 Europe/Rome] Session initialized - Host: localhost:8888, Domain: , Secure: false, Timeout: 600s
[17-Nov-2025 09:02:57 Europe/Rome] Session initialized - Host: localhost:8888, Domain: , Secure: false, Timeout: 600s
[17-Nov-2025 09:02:57 Europe/Rome] Session initialized - Host: localhost:8888, Domain: , Secure: false, Timeout: 600s
[17-Nov-2025 09:02:57 Europe/Rome] Session initialized - Host: localhost:8888, Domain: , Secure: false, Timeout: 600s
[17-Nov-2025 09:02:58 Europe/Rome] Session initialized - Host: localhost:8888, Domain: , Secure: false, Timeout: 600s
[17-Nov-2025 09:02:58 Europe/Rome] PHP Warning:  require_once(C:\xampp\htdocs\CollaboraNexio/includes/navbar.php): Failed to open stream: No such file or directory in C:\xampp\htdocs\CollaboraNexio\calendar.php on line 445
[17-Nov-2025 09:02:58 Europe/Rome] PHP Fatal error:  Uncaught Error: Failed opening required 'C:\xampp\htdocs\CollaboraNexio/includes/navbar.php' (include_path='C:\xampp\php\PEAR') in C:\xampp\htdocs\CollaboraNexio\calendar.php:445
Stack trace:
#0 {main}
  thrown in C:\xampp\htdocs\CollaboraNexio\calendar.php on line 445
[17-Nov-2025 09:03:04 Europe/Rome] Session initialized - Host: localhost:8888, Domain: , Secure: false, Timeout: 600s
[17-Nov-2025 09:03:04 Europe/Rome] PHP Warning:  require_once(C:\xampp\htdocs\CollaboraNexio/includes/navbar.php): Failed to open stream: No such file or directory in C:\xampp\htdocs\CollaboraNexio\calendar.php on line 445
[17-Nov-2025 09:03:04 Europe/Rome] PHP Fatal error:  Uncaught Error: Failed opening required 'C:\xampp\htdocs\CollaboraNexio/includes/navbar.php' (include_path='C:\xampp\php\PEAR') in C:\xampp\htdocs\CollaboraNexio\calendar.php:445
Stack trace:
#0 {main}
  thrown in C:\xampp\htdocs\CollaboraNexio\calendar.php on line 445
[17-Nov-2025 10:07:12 Europe/Rome] Session initialized - Host: localhost:8888, Domain: , Secure: false, Timeout: 600s
[17-Nov-2025 10:07:13 Europe/Rome] Session initialized - Host: localhost:8888, Domain: , Secure: false, Timeout: 600s
[17-Nov-2025 10:07:14 Europe/Rome] Session initialized - Host: localhost:8888, Domain: , Secure: false, Timeout: 600s
[17-Nov-2025 10:07:14 Europe/Rome] Session initialized - Host: localhost:8888, Domain: , Secure: false, Timeout: 600s
[17-Nov-2025 10:07:14 Europe/Rome] Session initialized - Host: localhost:8888, Domain: , Secure: false, Timeout: 600s
[17-Nov-2025 10:07:14 Europe/Rome] Session initialized - Host: localhost:8888, Domain: , Secure: false, Timeout: 600s
[17-Nov-2025 10:07:14 Europe/Rome] Session initialized - Host: localhost:8888, Domain: , Secure: false, Timeout: 600s
[17-Nov-2025 10:07:14 Europe/Rome] Session initialized - Host: localhost:8888, Domain: , Secure: false, Timeout: 600s
[17-Nov-2025 10:07:14 Europe/Rome] Session initialized - Host: localhost:8888, Domain: , Secure: false, Timeout: 600s
[17-Nov-2025 10:07:18 Europe/Rome] Session initialized - Host: localhost:8888, Domain: , Secure: false, Timeout: 600s
[17-Nov-2025 10:07:18 Europe/Rome] PHP Warning:  require_once(C:\xampp\htdocs\CollaboraNexio/includes/navbar.php): Failed to open stream: No such file or directory in C:\xampp\htdocs\CollaboraNexio\calendar.php on line 445
[17-Nov-2025 10:07:18 Europe/Rome] PHP Fatal error:  Uncaught Error: Failed opening required 'C:\xampp\htdocs\CollaboraNexio/includes/navbar.php' (include_path='C:\xampp\php\PEAR') in C:\xampp\htdocs\CollaboraNexio\calendar.php:445
Stack trace:
#0 {main}
  thrown in C:\xampp\htdocs\CollaboraNexio\calendar.php on line 445
[17-Nov-2025 10:17:00 Europe/Rome] Session initialized - Host: localhost:8888, Domain: , Secure: false, Timeout: 600s
[17-Nov-2025 10:22:41 Europe/Rome] Session initialized - Host: localhost:8888, Domain: , Secure: false, Timeout: 600s
[17-Nov-2025 10:22:43 Europe/Rome] Session initialized - Host: localhost:8888, Domain: , Secure: false, Timeout: 600s
[17-Nov-2025 10:24:11 Europe/Rome] Session initialized - Host: localhost:8888, Domain: , Secure: false, Timeout: 600s
[17-Nov-2025 10:26:52 Europe/Rome] Session initialized - Host: localhost:8888, Domain: , Secure: false, Timeout: 600s
[17-Nov-2025 10:33:37 Europe/Rome] Session initialized - Host: localhost:8888, Domain: , Secure: false, Timeout: 600s
[17-Nov-2025 10:33:37 Europe/Rome] Session initialized - Host: localhost:8888, Domain: , Secure: false, Timeout: 600s
[17-Nov-2025 10:33:37 Europe/Rome] [Calendar API] Call to undefined method Auth::isAuthenticated()
[17-Nov-2025 10:33:39 Europe/Rome] Session initialized - Host: localhost:8888, Domain: , Secure: false, Timeout: 600s
[17-Nov-2025 10:33:39 Europe/Rome] Session initialized - Host: localhost:8888, Domain: , Secure: false, Timeout: 600s
[17-Nov-2025 10:33:39 Europe/Rome] Session initialized - Host: localhost:8888, Domain: , Secure: false, Timeout: 600s
[17-Nov-2025 10:33:39 Europe/Rome] Session initialized - Host: localhost:8888, Domain: , Secure: false, Timeout: 600s
[17-Nov-2025 10:33:39 Europe/Rome] Session initialized - Host: localhost:8888, Domain: , Secure: false, Timeout: 600s
[17-Nov-2025 10:33:39 Europe/Rome] Session initialized - Host: localhost:8888, Domain: , Secure: false, Timeout: 600s
[17-Nov-2025 10:33:39 Europe/Rome] Session initialized - Host: localhost:8888, Domain: , Secure: false, Timeout: 600s
[17-Nov-2025 10:33:40 Europe/Rome] Session initialized - Host: localhost:8888, Domain: , Secure: false, Timeout: 600s
[17-Nov-2025 10:33:40 Europe/Rome] Session initialized - Host: localhost:8888, Domain: , Secure: false, Timeout: 600s
[17-Nov-2025 10:33:40 Europe/Rome] [Calendar API] Call to undefined method Auth::isAuthenticated()
[17-Nov-2025 10:38:50 Europe/Rome] Session initialized - Host: localhost:8888, Domain: , Secure: false, Timeout: 600s
[17-Nov-2025 10:38:50 Europe/Rome] Session initialized - Host: localhost:8888, Domain: , Secure: false, Timeout: 600s
[17-Nov-2025 10:38:50 Europe/Rome] Errore getCurrentUser: SQLSTATE[42S22]: Column not found: 1054 Unknown column 'u.first_name' in 'field list'
[17-Nov-2025 10:39:43 Europe/Rome] Session initialized - Host: localhost:8888, Domain: , Secure: false, Timeout: 600s
[17-Nov-2025 10:39:43 Europe/Rome] Session initialized - Host: localhost:8888, Domain: , Secure: false, Timeout: 600s
[17-Nov-2025 10:39:43 Europe/Rome] Session initialized - Host: localhost:8888, Domain: , Secure: false, Timeout: 600s
[17-Nov-2025 10:39:43 Europe/Rome] Session initialized - Host: localhost:8888, Domain: , Secure: false, Timeout: 600s
[17-Nov-2025 10:39:43 Europe/Rome] Session initialized - Host: localhost:8888, Domain: , Secure: false, Timeout: 600s
[17-Nov-2025 10:39:43 Europe/Rome] Session initialized - Host: localhost:8888, Domain: , Secure: false, Timeout: 600s
[17-Nov-2025 10:39:43 Europe/Rome] Session initialized - Host: localhost:8888, Domain: , Secure: false, Timeout: 600s
[17-Nov-2025 10:40:43 Europe/Rome] Session initialized - Host: localhost:8888, Domain: , Secure: false, Timeout: 600s
[17-Nov-2025 10:40:43 Europe/Rome] Session initialized - Host: localhost:8888, Domain: , Secure: false, Timeout: 600s
[17-Nov-2025 10:40:43 Europe/Rome] Session initialized - Host: localhost:8888, Domain: , Secure: false, Timeout: 600s
[17-Nov-2025 10:40:43 Europe/Rome] Session initialized - Host: localhost:8888, Domain: , Secure: false, Timeout: 600s
[17-Nov-2025 10:40:43 Europe/Rome] Session initialized - Host: localhost:8888, Domain: , Secure: false, Timeout: 600s
[17-Nov-2025 10:40:43 Europe/Rome] Session initialized - Host: localhost:8888, Domain: , Secure: false, Timeout: 600s
[17-Nov-2025 10:41:43 Europe/Rome] Session initialized - Host: localhost:8888, Domain: , Secure: false, Timeout: 600s
[17-Nov-2025 10:41:43 Europe/Rome] Session initialized - Host: localhost:8888, Domain: , Secure: false, Timeout: 600s
[17-Nov-2025 10:41:43 Europe/Rome] Session initialized - Host: localhost:8888, Domain: , Secure: false, Timeout: 600s
[17-Nov-2025 10:41:43 Europe/Rome] Session initialized - Host: localhost:8888, Domain: , Secure: false, Timeout: 600s
[17-Nov-2025 10:41:43 Europe/Rome] Session initialized - Host: localhost:8888, Domain: , Secure: false, Timeout: 600s
[17-Nov-2025 10:41:43 Europe/Rome] Session initialized - Host: localhost:8888, Domain: , Secure: false, Timeout: 600s
[17-Nov-2025 10:42:43 Europe/Rome] Session initialized - Host: localhost:8888, Domain: , Secure: false, Timeout: 600s
[17-Nov-2025 10:42:43 Europe/Rome] Session initialized - Host: localhost:8888, Domain: , Secure: false, Timeout: 600s
[17-Nov-2025 10:42:43 Europe/Rome] Session initialized - Host: localhost:8888, Domain: , Secure: false, Timeout: 600s
[17-Nov-2025 10:42:43 Europe/Rome] Session initialized - Host: localhost:8888, Domain: , Secure: false, Timeout: 600s
[17-Nov-2025 10:42:43 Europe/Rome] Session initialized - Host: localhost:8888, Domain: , Secure: false, Timeout: 600s
[17-Nov-2025 10:42:43 Europe/Rome] Session initialized - Host: localhost:8888, Domain: , Secure: false, Timeout: 600s
[17-Nov-2025 10:43:43 Europe/Rome] Session initialized - Host: localhost:8888, Domain: , Secure: false, Timeout: 600s
[17-Nov-2025 10:43:43 Europe/Rome] Session initialized - Host: localhost:8888, Domain: , Secure: false, Timeout: 600s
[17-Nov-2025 10:43:43 Europe/Rome] Session initialized - Host: localhost:8888, Domain: , Secure: false, Timeout: 600s
[17-Nov-2025 10:43:43 Europe/Rome] Session initialized - Host: localhost:8888, Domain: , Secure: false, Timeout: 600s
[17-Nov-2025 10:43:43 Europe/Rome] Session initialized - Host: localhost:8888, Domain: , Secure: false, Timeout: 600s
[17-Nov-2025 10:43:43 Europe/Rome] Session initialized - Host: localhost:8888, Domain: , Secure: false, Timeout: 600s
[17-Nov-2025 10:44:43 Europe/Rome] Session initialized - Host: localhost:8888, Domain: , Secure: false, Timeout: 600s
[17-Nov-2025 10:44:43 Europe/Rome] Session initialized - Host: localhost:8888, Domain: , Secure: false, Timeout: 600s
[17-Nov-2025 10:44:43 Europe/Rome] Session initialized - Host: localhost:8888, Domain: , Secure: false, Timeout: 600s
[17-Nov-2025 10:44:43 Europe/Rome] Session initialized - Host: localhost:8888, Domain: , Secure: false, Timeout: 600s
[17-Nov-2025 10:44:43 Europe/Rome] Session initialized - Host: localhost:8888, Domain: , Secure: false, Timeout: 600s
[17-Nov-2025 10:44:43 Europe/Rome] Session initialized - Host: localhost:8888, Domain: , Secure: false, Timeout: 600s
[17-Nov-2025 10:45:43 Europe/Rome] Session initialized - Host: localhost:8888, Domain: , Secure: false, Timeout: 600s
[17-Nov-2025 10:45:43 Europe/Rome] Session initialized - Host: localhost:8888, Domain: , Secure: false, Timeout: 600s
[17-Nov-2025 10:45:43 Europe/Rome] Session initialized - Host: localhost:8888, Domain: , Secure: false, Timeout: 600s
[17-Nov-2025 10:45:43 Europe/Rome] Session initialized - Host: localhost:8888, Domain: , Secure: false, Timeout: 600s
[17-Nov-2025 10:45:43 Europe/Rome] Session initialized - Host: localhost:8888, Domain: , Secure: false, Timeout: 600s
[17-Nov-2025 10:45:43 Europe/Rome] Session initialized - Host: localhost:8888, Domain: , Secure: false, Timeout: 600s
[17-Nov-2025 10:47:17 Europe/Rome] Session initialized - Host: localhost:8888, Domain: , Secure: false, Timeout: 600s
[17-Nov-2025 10:47:17 Europe/Rome] Session initialized - Host: localhost:8888, Domain: , Secure: false, Timeout: 600s
[17-Nov-2025 10:47:17 Europe/Rome] Session initialized - Host: localhost:8888, Domain: , Secure: false, Timeout: 600s
[17-Nov-2025 10:47:17 Europe/Rome] Session initialized - Host: localhost:8888, Domain: , Secure: false, Timeout: 600s
[17-Nov-2025 10:47:17 Europe/Rome] Session initialized - Host: localhost:8888, Domain: , Secure: false, Timeout: 600s
[17-Nov-2025 10:47:17 Europe/Rome] Session initialized - Host: localhost:8888, Domain: , Secure: false, Timeout: 600s
[17-Nov-2025 10:48:17 Europe/Rome] Session initialized - Host: localhost:8888, Domain: , Secure: false, Timeout: 600s
[17-Nov-2025 10:48:17 Europe/Rome] Session initialized - Host: localhost:8888, Domain: , Secure: false, Timeout: 600s
[17-Nov-2025 10:48:17 Europe/Rome] Session initialized - Host: localhost:8888, Domain: , Secure: false, Timeout: 600s
[17-Nov-2025 10:48:17 Europe/Rome] Session initialized - Host: localhost:8888, Domain: , Secure: false, Timeout: 600s
[17-Nov-2025 10:48:17 Europe/Rome] Session initialized - Host: localhost:8888, Domain: , Secure: false, Timeout: 600s
[17-Nov-2025 10:48:17 Europe/Rome] Session initialized - Host: localhost:8888, Domain: , Secure: false, Timeout: 600s
[17-Nov-2025 10:49:17 Europe/Rome] Session initialized - Host: localhost:8888, Domain: , Secure: false, Timeout: 600s
[17-Nov-2025 10:49:17 Europe/Rome] Session initialized - Host: localhost:8888, Domain: , Secure: false, Timeout: 600s
[17-Nov-2025 10:49:17 Europe/Rome] Session initialized - Host: localhost:8888, Domain: , Secure: false, Timeout: 600s
[17-Nov-2025 10:49:17 Europe/Rome] Session initialized - Host: localhost:8888, Domain: , Secure: false, Timeout: 600s
[17-Nov-2025 10:49:17 Europe/Rome] Session initialized - Host: localhost:8888, Domain: , Secure: false, Timeout: 600s
[17-Nov-2025 10:49:17 Europe/Rome] Session initialized - Host: localhost:8888, Domain: , Secure: false, Timeout: 600s
[17-Nov-2025 10:50:17 Europe/Rome] Session initialized - Host: localhost:8888, Domain: , Secure: false, Timeout: 600s
[17-Nov-2025 10:50:17 Europe/Rome] Session initialized - Host: localhost:8888, Domain: , Secure: false, Timeout: 600s
[17-Nov-2025 10:50:17 Europe/Rome] Session initialized - Host: localhost:8888, Domain: , Secure: false, Timeout: 600s
[17-Nov-2025 10:50:17 Europe/Rome] Session initialized - Host: localhost:8888, Domain: , Secure: false, Timeout: 600s
[17-Nov-2025 10:50:17 Europe/Rome] Session initialized - Host: localhost:8888, Domain: , Secure: false, Timeout: 600s
[17-Nov-2025 10:50:17 Europe/Rome] Session initialized - Host: localhost:8888, Domain: , Secure: false, Timeout: 600s
[17-Nov-2025 10:51:17 Europe/Rome] Session initialized - Host: localhost:8888, Domain: , Secure: false, Timeout: 600s
[17-Nov-2025 10:51:17 Europe/Rome] Session initialized - Host: localhost:8888, Domain: , Secure: false, Timeout: 600s
[17-Nov-2025 10:51:17 Europe/Rome] Session initialized - Host: localhost:8888, Domain: , Secure: false, Timeout: 600s
[17-Nov-2025 10:51:17 Europe/Rome] Session initialized - Host: localhost:8888, Domain: , Secure: false, Timeout: 600s
[17-Nov-2025 10:51:17 Europe/Rome] Session initialized - Host: localhost:8888, Domain: , Secure: false, Timeout: 600s
[17-Nov-2025 10:51:17 Europe/Rome] Session initialized - Host: localhost:8888, Domain: , Secure: false, Timeout: 600s
[17-Nov-2025 10:52:17 Europe/Rome] Session initialized - Host: localhost:8888, Domain: , Secure: false, Timeout: 600s
[17-Nov-2025 10:52:17 Europe/Rome] Session initialized - Host: localhost:8888, Domain: , Secure: false, Timeout: 600s
[17-Nov-2025 10:52:17 Europe/Rome] Session initialized - Host: localhost:8888, Domain: , Secure: false, Timeout: 600s
[17-Nov-2025 10:52:17 Europe/Rome] Session initialized - Host: localhost:8888, Domain: , Secure: false, Timeout: 600s
[17-Nov-2025 10:52:17 Europe/Rome] Session initialized - Host: localhost:8888, Domain: , Secure: false, Timeout: 600s
[17-Nov-2025 10:52:17 Europe/Rome] Session initialized - Host: localhost:8888, Domain: , Secure: false, Timeout: 600s
[17-Nov-2025 10:53:17 Europe/Rome] Session initialized - Host: localhost:8888, Domain: , Secure: false, Timeout: 600s
[17-Nov-2025 10:53:17 Europe/Rome] Session initialized - Host: localhost:8888, Domain: , Secure: false, Timeout: 600s
[17-Nov-2025 10:53:17 Europe/Rome] Session initialized - Host: localhost:8888, Domain: , Secure: false, Timeout: 600s
[17-Nov-2025 10:53:17 Europe/Rome] Session initialized - Host: localhost:8888, Domain: , Secure: false, Timeout: 600s
[17-Nov-2025 10:53:17 Europe/Rome] Session initialized - Host: localhost:8888, Domain: , Secure: false, Timeout: 600s
[17-Nov-2025 10:53:17 Europe/Rome] Session initialized - Host: localhost:8888, Domain: , Secure: false, Timeout: 600s
[17-Nov-2025 10:53:38 Europe/Rome] PHP Deprecated:  strpos(): Passing null to parameter #1 ($haystack) of type string is deprecated in C:\xampp\htdocs\CollaboraNexio\verify_database_post_bug104.php on line 522
[17-Nov-2025 10:53:54 Europe/Rome] PHP Warning:  Trying to access array offset on value of type bool in Command line code on line 1
[17-Nov-2025 10:54:17 Europe/Rome] Session initialized - Host: localhost:8888, Domain: , Secure: false, Timeout: 600s
[17-Nov-2025 10:54:17 Europe/Rome] Session initialized - Host: localhost:8888, Domain: , Secure: false, Timeout: 600s
[17-Nov-2025 10:54:17 Europe/Rome] Session initialized - Host: localhost:8888, Domain: , Secure: false, Timeout: 600s
[17-Nov-2025 10:54:17 Europe/Rome] Session initialized - Host: localhost:8888, Domain: , Secure: false, Timeout: 600s
[17-Nov-2025 10:54:17 Europe/Rome] Session initialized - Host: localhost:8888, Domain: , Secure: false, Timeout: 600s
[17-Nov-2025 10:54:17 Europe/Rome] Session initialized - Host: localhost:8888, Domain: , Secure: false, Timeout: 600s
[17-Nov-2025 10:55:17 Europe/Rome] Session initialized - Host: localhost:8888, Domain: , Secure: false, Timeout: 600s
[17-Nov-2025 10:55:17 Europe/Rome] Session initialized - Host: localhost:8888, Domain: , Secure: false, Timeout: 600s
[17-Nov-2025 10:55:17 Europe/Rome] Session initialized - Host: localhost:8888, Domain: , Secure: false, Timeout: 600s
[17-Nov-2025 10:55:17 Europe/Rome] Session initialized - Host: localhost:8888, Domain: , Secure: false, Timeout: 600s
[17-Nov-2025 10:55:17 Europe/Rome] Session initialized - Host: localhost:8888, Domain: , Secure: false, Timeout: 600s
[17-Nov-2025 10:55:17 Europe/Rome] Session initialized - Host: localhost:8888, Domain: , Secure: false, Timeout: 600s
[17-Nov-2025 10:56:17 Europe/Rome] Session initialized - Host: localhost:8888, Domain: , Secure: false, Timeout: 600s
[17-Nov-2025 10:56:17 Europe/Rome] Session initialized - Host: localhost:8888, Domain: , Secure: false, Timeout: 600s
[17-Nov-2025 10:56:17 Europe/Rome] Session initialized - Host: localhost:8888, Domain: , Secure: false, Timeout: 600s
[17-Nov-2025 10:56:17 Europe/Rome] Session initialized - Host: localhost:8888, Domain: , Secure: false, Timeout: 600s
[17-Nov-2025 10:56:17 Europe/Rome] Session initialized - Host: localhost:8888, Domain: , Secure: false, Timeout: 600s
[17-Nov-2025 10:56:17 Europe/Rome] Session initialized - Host: localhost:8888, Domain: , Secure: false, Timeout: 600s
[17-Nov-2025 10:57:17 Europe/Rome] Session initialized - Host: localhost:8888, Domain: , Secure: false, Timeout: 600s
[17-Nov-2025 10:57:17 Europe/Rome] Session initialized - Host: localhost:8888, Domain: , Secure: false, Timeout: 600s
[17-Nov-2025 10:57:17 Europe/Rome] Session initialized - Host: localhost:8888, Domain: , Secure: false, Timeout: 600s
[17-Nov-2025 10:57:17 Europe/Rome] Session initialized - Host: localhost:8888, Domain: , Secure: false, Timeout: 600s
[17-Nov-2025 10:57:17 Europe/Rome] Session initialized - Host: localhost:8888, Domain: , Secure: false, Timeout: 600s
[17-Nov-2025 10:57:17 Europe/Rome] Session initialized - Host: localhost:8888, Domain: , Secure: false, Timeout: 600s
[17-Nov-2025 10:58:17 Europe/Rome] Session initialized - Host: localhost:8888, Domain: , Secure: false, Timeout: 600s
[17-Nov-2025 10:58:17 Europe/Rome] Session initialized - Host: localhost:8888, Domain: , Secure: false, Timeout: 600s
[17-Nov-2025 10:58:17 Europe/Rome] Session initialized - Host: localhost:8888, Domain: , Secure: false, Timeout: 600s
[17-Nov-2025 10:58:17 Europe/Rome] Session initialized - Host: localhost:8888, Domain: , Secure: false, Timeout: 600s
[17-Nov-2025 10:58:17 Europe/Rome] Session initialized - Host: localhost:8888, Domain: , Secure: false, Timeout: 600s
[17-Nov-2025 10:58:17 Europe/Rome] Session initialized - Host: localhost:8888, Domain: , Secure: false, Timeout: 600s
[17-Nov-2025 10:59:17 Europe/Rome] Session initialized - Host: localhost:8888, Domain: , Secure: false, Timeout: 600s
[17-Nov-2025 10:59:17 Europe/Rome] Session initialized - Host: localhost:8888, Domain: , Secure: false, Timeout: 600s
[17-Nov-2025 10:59:17 Europe/Rome] Session initialized - Host: localhost:8888, Domain: , Secure: false, Timeout: 600s
[17-Nov-2025 10:59:17 Europe/Rome] Session initialized - Host: localhost:8888, Domain: , Secure: false, Timeout: 600s
[17-Nov-2025 10:59:17 Europe/Rome] Session initialized - Host: localhost:8888, Domain: , Secure: false, Timeout: 600s
[17-Nov-2025 10:59:17 Europe/Rome] Session initialized - Host: localhost:8888, Domain: , Secure: false, Timeout: 600s
[17-Nov-2025 11:00:17 Europe/Rome] Session initialized - Host: localhost:8888, Domain: , Secure: false, Timeout: 600s
[17-Nov-2025 11:00:17 Europe/Rome] Session initialized - Host: localhost:8888, Domain: , Secure: false, Timeout: 600s
[17-Nov-2025 11:00:17 Europe/Rome] Session initialized - Host: localhost:8888, Domain: , Secure: false, Timeout: 600s
[17-Nov-2025 11:00:17 Europe/Rome] Session initialized - Host: localhost:8888, Domain: , Secure: false, Timeout: 600s
[17-Nov-2025 11:00:17 Europe/Rome] Session initialized - Host: localhost:8888, Domain: , Secure: false, Timeout: 600s
[17-Nov-2025 11:00:17 Europe/Rome] Session initialized - Host: localhost:8888, Domain: , Secure: false, Timeout: 600s
[17-Nov-2025 11:01:17 Europe/Rome] Session initialized - Host: localhost:8888, Domain: , Secure: false, Timeout: 600s
[17-Nov-2025 11:01:17 Europe/Rome] Session initialized - Host: localhost:8888, Domain: , Secure: false, Timeout: 600s
[17-Nov-2025 11:01:17 Europe/Rome] Session initialized - Host: localhost:8888, Domain: , Secure: false, Timeout: 600s
[17-Nov-2025 11:01:17 Europe/Rome] Session initialized - Host: localhost:8888, Domain: , Secure: false, Timeout: 600s
[17-Nov-2025 11:01:17 Europe/Rome] Session initialized - Host: localhost:8888, Domain: , Secure: false, Timeout: 600s
[17-Nov-2025 11:01:17 Europe/Rome] Session initialized - Host: localhost:8888, Domain: , Secure: false, Timeout: 600s
[17-Nov-2025 11:02:17 Europe/Rome] Session initialized - Host: localhost:8888, Domain: , Secure: false, Timeout: 600s
[17-Nov-2025 11:02:17 Europe/Rome] Session initialized - Host: localhost:8888, Domain: , Secure: false, Timeout: 600s
[17-Nov-2025 11:02:17 Europe/Rome] Session initialized - Host: localhost:8888, Domain: , Secure: false, Timeout: 600s
[17-Nov-2025 11:02:17 Europe/Rome] Session initialized - Host: localhost:8888, Domain: , Secure: false, Timeout: 600s
[17-Nov-2025 11:02:17 Europe/Rome] Session initialized - Host: localhost:8888, Domain: , Secure: false, Timeout: 600s
[17-Nov-2025 11:02:17 Europe/Rome] Session initialized - Host: localhost:8888, Domain: , Secure: false, Timeout: 600s
[17-Nov-2025 11:03:17 Europe/Rome] Session initialized - Host: localhost:8888, Domain: , Secure: false, Timeout: 600s
[17-Nov-2025 11:03:17 Europe/Rome] Session initialized - Host: localhost:8888, Domain: , Secure: false, Timeout: 600s
[17-Nov-2025 11:03:17 Europe/Rome] Session initialized - Host: localhost:8888, Domain: , Secure: false, Timeout: 600s
[17-Nov-2025 11:03:17 Europe/Rome] Session initialized - Host: localhost:8888, Domain: , Secure: false, Timeout: 600s
[17-Nov-2025 11:03:17 Europe/Rome] Session initialized - Host: localhost:8888, Domain: , Secure: false, Timeout: 600s
[17-Nov-2025 11:03:17 Europe/Rome] Session initialized - Host: localhost:8888, Domain: , Secure: false, Timeout: 600s
[17-Nov-2025 11:04:17 Europe/Rome] Session initialized - Host: localhost:8888, Domain: , Secure: false, Timeout: 600s
[17-Nov-2025 11:04:17 Europe/Rome] Session initialized - Host: localhost:8888, Domain: , Secure: false, Timeout: 600s
[17-Nov-2025 11:04:17 Europe/Rome] Session initialized - Host: localhost:8888, Domain: , Secure: false, Timeout: 600s
[17-Nov-2025 11:04:17 Europe/Rome] Session initialized - Host: localhost:8888, Domain: , Secure: false, Timeout: 600s
[17-Nov-2025 11:04:17 Europe/Rome] Session initialized - Host: localhost:8888, Domain: , Secure: false, Timeout: 600s
[17-Nov-2025 11:04:17 Europe/Rome] Session initialized - Host: localhost:8888, Domain: , Secure: false, Timeout: 600s
[17-Nov-2025 11:05:17 Europe/Rome] Session initialized - Host: localhost:8888, Domain: , Secure: false, Timeout: 600s
[17-Nov-2025 11:05:17 Europe/Rome] Session initialized - Host: localhost:8888, Domain: , Secure: false, Timeout: 600s
[17-Nov-2025 11:05:17 Europe/Rome] Session initialized - Host: localhost:8888, Domain: , Secure: false, Timeout: 600s
[17-Nov-2025 11:05:17 Europe/Rome] Session initialized - Host: localhost:8888, Domain: , Secure: false, Timeout: 600s
[17-Nov-2025 11:05:17 Europe/Rome] Session initialized - Host: localhost:8888, Domain: , Secure: false, Timeout: 600s
[17-Nov-2025 11:05:17 Europe/Rome] Session initialized - Host: localhost:8888, Domain: , Secure: false, Timeout: 600s
[17-Nov-2025 11:06:17 Europe/Rome] Session initialized - Host: localhost:8888, Domain: , Secure: false, Timeout: 600s
[17-Nov-2025 11:06:17 Europe/Rome] Session initialized - Host: localhost:8888, Domain: , Secure: false, Timeout: 600s
[17-Nov-2025 11:06:17 Europe/Rome] Session initialized - Host: localhost:8888, Domain: , Secure: false, Timeout: 600s
[17-Nov-2025 11:06:17 Europe/Rome] Session initialized - Host: localhost:8888, Domain: , Secure: false, Timeout: 600s
[17-Nov-2025 11:06:17 Europe/Rome] Session initialized - Host: localhost:8888, Domain: , Secure: false, Timeout: 600s
[17-Nov-2025 11:06:17 Europe/Rome] Session initialized - Host: localhost:8888, Domain: , Secure: false, Timeout: 600s
[17-Nov-2025 11:07:17 Europe/Rome] Session initialized - Host: localhost:8888, Domain: , Secure: false, Timeout: 600s
[17-Nov-2025 11:07:17 Europe/Rome] Session initialized - Host: localhost:8888, Domain: , Secure: false, Timeout: 600s
[17-Nov-2025 11:07:17 Europe/Rome] Session initialized - Host: localhost:8888, Domain: , Secure: false, Timeout: 600s
[17-Nov-2025 11:07:17 Europe/Rome] Session initialized - Host: localhost:8888, Domain: , Secure: false, Timeout: 600s
[17-Nov-2025 11:07:17 Europe/Rome] Session initialized - Host: localhost:8888, Domain: , Secure: false, Timeout: 600s
[17-Nov-2025 11:07:17 Europe/Rome] Session initialized - Host: localhost:8888, Domain: , Secure: false, Timeout: 600s
[17-Nov-2025 11:08:17 Europe/Rome] Session initialized - Host: localhost:8888, Domain: , Secure: false, Timeout: 600s
[17-Nov-2025 11:08:17 Europe/Rome] Session initialized - Host: localhost:8888, Domain: , Secure: false, Timeout: 600s
[17-Nov-2025 11:08:17 Europe/Rome] Session initialized - Host: localhost:8888, Domain: , Secure: false, Timeout: 600s
[17-Nov-2025 11:08:17 Europe/Rome] Session initialized - Host: localhost:8888, Domain: , Secure: false, Timeout: 600s
[17-Nov-2025 11:08:17 Europe/Rome] Session initialized - Host: localhost:8888, Domain: , Secure: false, Timeout: 600s
[17-Nov-2025 11:08:17 Europe/Rome] Session initialized - Host: localhost:8888, Domain: , Secure: false, Timeout: 600s
[17-Nov-2025 11:09:17 Europe/Rome] Session initialized - Host: localhost:8888, Domain: , Secure: false, Timeout: 600s
[17-Nov-2025 11:09:17 Europe/Rome] Session initialized - Host: localhost:8888, Domain: , Secure: false, Timeout: 600s
[17-Nov-2025 11:09:17 Europe/Rome] Session initialized - Host: localhost:8888, Domain: , Secure: false, Timeout: 600s
[17-Nov-2025 11:09:17 Europe/Rome] Session initialized - Host: localhost:8888, Domain: , Secure: false, Timeout: 600s
[17-Nov-2025 11:09:17 Europe/Rome] Session initialized - Host: localhost:8888, Domain: , Secure: false, Timeout: 600s
[17-Nov-2025 11:09:17 Europe/Rome] Session initialized - Host: localhost:8888, Domain: , Secure: false, Timeout: 600s
[17-Nov-2025 11:10:17 Europe/Rome] Session initialized - Host: localhost:8888, Domain: , Secure: false, Timeout: 600s
[17-Nov-2025 11:10:17 Europe/Rome] Session initialized - Host: localhost:8888, Domain: , Secure: false, Timeout: 600s
[17-Nov-2025 11:10:17 Europe/Rome] Session initialized - Host: localhost:8888, Domain: , Secure: false, Timeout: 600s
[17-Nov-2025 11:10:17 Europe/Rome] Session initialized - Host: localhost:8888, Domain: , Secure: false, Timeout: 600s
[17-Nov-2025 11:10:17 Europe/Rome] Session initialized - Host: localhost:8888, Domain: , Secure: false, Timeout: 600s
[17-Nov-2025 11:10:17 Europe/Rome] Session initialized - Host: localhost:8888, Domain: , Secure: false, Timeout: 600s
[17-Nov-2025 11:11:17 Europe/Rome] Session initialized - Host: localhost:8888, Domain: , Secure: false, Timeout: 600s
[17-Nov-2025 11:11:17 Europe/Rome] Session initialized - Host: localhost:8888, Domain: , Secure: false, Timeout: 600s
[17-Nov-2025 11:11:17 Europe/Rome] Session initialized - Host: localhost:8888, Domain: , Secure: false, Timeout: 600s
[17-Nov-2025 11:11:17 Europe/Rome] Session initialized - Host: localhost:8888, Domain: , Secure: false, Timeout: 600s
[17-Nov-2025 11:11:17 Europe/Rome] Session initialized - Host: localhost:8888, Domain: , Secure: false, Timeout: 600s
[17-Nov-2025 11:11:17 Europe/Rome] Session initialized - Host: localhost:8888, Domain: , Secure: false, Timeout: 600s
[17-Nov-2025 11:12:17 Europe/Rome] Session initialized - Host: localhost:8888, Domain: , Secure: false, Timeout: 600s
[17-Nov-2025 11:12:17 Europe/Rome] Session initialized - Host: localhost:8888, Domain: , Secure: false, Timeout: 600s
[17-Nov-2025 11:12:17 Europe/Rome] Session initialized - Host: localhost:8888, Domain: , Secure: false, Timeout: 600s
[17-Nov-2025 11:12:17 Europe/Rome] Session initialized - Host: localhost:8888, Domain: , Secure: false, Timeout: 600s
[17-Nov-2025 11:12:17 Europe/Rome] Session initialized - Host: localhost:8888, Domain: , Secure: false, Timeout: 600s
[17-Nov-2025 11:12:17 Europe/Rome] Session initialized - Host: localhost:8888, Domain: , Secure: false, Timeout: 600s
[17-Nov-2025 11:13:17 Europe/Rome] Session initialized - Host: localhost:8888, Domain: , Secure: false, Timeout: 600s
[17-Nov-2025 11:13:17 Europe/Rome] Session initialized - Host: localhost:8888, Domain: , Secure: false, Timeout: 600s
[17-Nov-2025 11:13:17 Europe/Rome] Session initialized - Host: localhost:8888, Domain: , Secure: false, Timeout: 600s
[17-Nov-2025 11:13:17 Europe/Rome] Session initialized - Host: localhost:8888, Domain: , Secure: false, Timeout: 600s
[17-Nov-2025 11:13:17 Europe/Rome] Session initialized - Host: localhost:8888, Domain: , Secure: false, Timeout: 600s
[17-Nov-2025 11:13:17 Europe/Rome] Session initialized - Host: localhost:8888, Domain: , Secure: false, Timeout: 600s
[17-Nov-2025 11:14:17 Europe/Rome] Session initialized - Host: localhost:8888, Domain: , Secure: false, Timeout: 600s
[17-Nov-2025 11:14:17 Europe/Rome] Session initialized - Host: localhost:8888, Domain: , Secure: false, Timeout: 600s
[17-Nov-2025 11:14:17 Europe/Rome] Session initialized - Host: localhost:8888, Domain: , Secure: false, Timeout: 600s
[17-Nov-2025 11:14:17 Europe/Rome] Session initialized - Host: localhost:8888, Domain: , Secure: false, Timeout: 600s
[17-Nov-2025 11:14:17 Europe/Rome] Session initialized - Host: localhost:8888, Domain: , Secure: false, Timeout: 600s
[17-Nov-2025 11:14:17 Europe/Rome] Session initialized - Host: localhost:8888, Domain: , Secure: false, Timeout: 600s
[17-Nov-2025 11:15:17 Europe/Rome] Session initialized - Host: localhost:8888, Domain: , Secure: false, Timeout: 600s
[17-Nov-2025 11:15:17 Europe/Rome] Session initialized - Host: localhost:8888, Domain: , Secure: false, Timeout: 600s
[17-Nov-2025 11:15:17 Europe/Rome] Session initialized - Host: localhost:8888, Domain: , Secure: false, Timeout: 600s
[17-Nov-2025 11:15:17 Europe/Rome] Session initialized - Host: localhost:8888, Domain: , Secure: false, Timeout: 600s
[17-Nov-2025 11:15:17 Europe/Rome] Session initialized - Host: localhost:8888, Domain: , Secure: false, Timeout: 600s
[17-Nov-2025 11:15:17 Europe/Rome] Session initialized - Host: localhost:8888, Domain: , Secure: false, Timeout: 600s
[17-Nov-2025 11:16:17 Europe/Rome] Session initialized - Host: localhost:8888, Domain: , Secure: false, Timeout: 600s
[17-Nov-2025 11:16:17 Europe/Rome] Session initialized - Host: localhost:8888, Domain: , Secure: false, Timeout: 600s
[17-Nov-2025 11:16:17 Europe/Rome] Session initialized - Host: localhost:8888, Domain: , Secure: false, Timeout: 600s
[17-Nov-2025 11:16:17 Europe/Rome] Session initialized - Host: localhost:8888, Domain: , Secure: false, Timeout: 600s
[17-Nov-2025 11:16:17 Europe/Rome] Session initialized - Host: localhost:8888, Domain: , Secure: false, Timeout: 600s
[17-Nov-2025 11:16:17 Europe/Rome] Session initialized - Host: localhost:8888, Domain: , Secure: false, Timeout: 600s
[17-Nov-2025 11:17:17 Europe/Rome] Session initialized - Host: localhost:8888, Domain: , Secure: false, Timeout: 600s
[17-Nov-2025 11:17:17 Europe/Rome] Session initialized - Host: localhost:8888, Domain: , Secure: false, Timeout: 600s
[17-Nov-2025 11:17:17 Europe/Rome] Session initialized - Host: localhost:8888, Domain: , Secure: false, Timeout: 600s
[17-Nov-2025 11:17:17 Europe/Rome] Session initialized - Host: localhost:8888, Domain: , Secure: false, Timeout: 600s
[17-Nov-2025 11:17:17 Europe/Rome] Session initialized - Host: localhost:8888, Domain: , Secure: false, Timeout: 600s
[17-Nov-2025 11:17:17 Europe/Rome] Session initialized - Host: localhost:8888, Domain: , Secure: false, Timeout: 600s
[17-Nov-2025 11:18:17 Europe/Rome] Session initialized - Host: localhost:8888, Domain: , Secure: false, Timeout: 600s
[17-Nov-2025 11:18:17 Europe/Rome] Session initialized - Host: localhost:8888, Domain: , Secure: false, Timeout: 600s
[17-Nov-2025 11:18:17 Europe/Rome] Session initialized - Host: localhost:8888, Domain: , Secure: false, Timeout: 600s
[17-Nov-2025 11:18:17 Europe/Rome] Session initialized - Host: localhost:8888, Domain: , Secure: false, Timeout: 600s
[17-Nov-2025 11:18:17 Europe/Rome] Session initialized - Host: localhost:8888, Domain: , Secure: false, Timeout: 600s
[17-Nov-2025 11:18:17 Europe/Rome] Session initialized - Host: localhost:8888, Domain: , Secure: false, Timeout: 600s
[17-Nov-2025 11:19:17 Europe/Rome] Session initialized - Host: localhost:8888, Domain: , Secure: false, Timeout: 600s
[17-Nov-2025 11:19:17 Europe/Rome] Session initialized - Host: localhost:8888, Domain: , Secure: false, Timeout: 600s
[17-Nov-2025 11:19:17 Europe/Rome] Session initialized - Host: localhost:8888, Domain: , Secure: false, Timeout: 600s
[17-Nov-2025 11:19:17 Europe/Rome] Session initialized - Host: localhost:8888, Domain: , Secure: false, Timeout: 600s
[17-Nov-2025 11:19:17 Europe/Rome] Session initialized - Host: localhost:8888, Domain: , Secure: false, Timeout: 600s
[17-Nov-2025 11:19:17 Europe/Rome] Session initialized - Host: localhost:8888, Domain: , Secure: false, Timeout: 600s
[17-Nov-2025 11:20:17 Europe/Rome] Session initialized - Host: localhost:8888, Domain: , Secure: false, Timeout: 600s
[17-Nov-2025 11:20:17 Europe/Rome] Session initialized - Host: localhost:8888, Domain: , Secure: false, Timeout: 600s
[17-Nov-2025 11:20:17 Europe/Rome] Session initialized - Host: localhost:8888, Domain: , Secure: false, Timeout: 600s
[17-Nov-2025 11:20:17 Europe/Rome] Session initialized - Host: localhost:8888, Domain: , Secure: false, Timeout: 600s
[17-Nov-2025 11:20:17 Europe/Rome] Session initialized - Host: localhost:8888, Domain: , Secure: false, Timeout: 600s
[17-Nov-2025 11:20:17 Europe/Rome] Session initialized - Host: localhost:8888, Domain: , Secure: false, Timeout: 600s
[17-Nov-2025 11:21:17 Europe/Rome] Session initialized - Host: localhost:8888, Domain: , Secure: false, Timeout: 600s
[17-Nov-2025 11:21:17 Europe/Rome] Session initialized - Host: localhost:8888, Domain: , Secure: false, Timeout: 600s
[17-Nov-2025 11:21:17 Europe/Rome] Session initialized - Host: localhost:8888, Domain: , Secure: false, Timeout: 600s
[17-Nov-2025 11:21:17 Europe/Rome] Session initialized - Host: localhost:8888, Domain: , Secure: false, Timeout: 600s
[17-Nov-2025 11:21:17 Europe/Rome] Session initialized - Host: localhost:8888, Domain: , Secure: false, Timeout: 600s
[17-Nov-2025 11:21:17 Europe/Rome] Session initialized - Host: localhost:8888, Domain: , Secure: false, Timeout: 600s
[17-Nov-2025 11:22:17 Europe/Rome] Session initialized - Host: localhost:8888, Domain: , Secure: false, Timeout: 600s
[17-Nov-2025 11:22:17 Europe/Rome] Session initialized - Host: localhost:8888, Domain: , Secure: false, Timeout: 600s
[17-Nov-2025 11:22:17 Europe/Rome] Session initialized - Host: localhost:8888, Domain: , Secure: false, Timeout: 600s
[17-Nov-2025 11:22:17 Europe/Rome] Session initialized - Host: localhost:8888, Domain: , Secure: false, Timeout: 600s
[17-Nov-2025 11:22:17 Europe/Rome] Session initialized - Host: localhost:8888, Domain: , Secure: false, Timeout: 600s
[17-Nov-2025 11:22:17 Europe/Rome] Session initialized - Host: localhost:8888, Domain: , Secure: false, Timeout: 600s
[17-Nov-2025 11:23:17 Europe/Rome] Session initialized - Host: localhost:8888, Domain: , Secure: false, Timeout: 600s
[17-Nov-2025 11:23:17 Europe/Rome] Session initialized - Host: localhost:8888, Domain: , Secure: false, Timeout: 600s
[17-Nov-2025 11:23:17 Europe/Rome] Session initialized - Host: localhost:8888, Domain: , Secure: false, Timeout: 600s
[17-Nov-2025 11:23:17 Europe/Rome] Session initialized - Host: localhost:8888, Domain: , Secure: false, Timeout: 600s
[17-Nov-2025 11:23:17 Europe/Rome] Session initialized - Host: localhost:8888, Domain: , Secure: false, Timeout: 600s
[17-Nov-2025 11:23:17 Europe/Rome] Session initialized - Host: localhost:8888, Domain: , Secure: false, Timeout: 600s
[17-Nov-2025 11:24:17 Europe/Rome] Session initialized - Host: localhost:8888, Domain: , Secure: false, Timeout: 600s
[17-Nov-2025 11:24:17 Europe/Rome] Session initialized - Host: localhost:8888, Domain: , Secure: false, Timeout: 600s
[17-Nov-2025 11:24:17 Europe/Rome] Session initialized - Host: localhost:8888, Domain: , Secure: false, Timeout: 600s
[17-Nov-2025 11:24:17 Europe/Rome] Session initialized - Host: localhost:8888, Domain: , Secure: false, Timeout: 600s
[17-Nov-2025 11:24:17 Europe/Rome] Session initialized - Host: localhost:8888, Domain: , Secure: false, Timeout: 600s
[17-Nov-2025 11:24:17 Europe/Rome] Session initialized - Host: localhost:8888, Domain: , Secure: false, Timeout: 600s
[17-Nov-2025 11:25:17 Europe/Rome] Session initialized - Host: localhost:8888, Domain: , Secure: false, Timeout: 600s
[17-Nov-2025 11:25:17 Europe/Rome] Session initialized - Host: localhost:8888, Domain: , Secure: false, Timeout: 600s
[17-Nov-2025 11:25:17 Europe/Rome] Session initialized - Host: localhost:8888, Domain: , Secure: false, Timeout: 600s
[17-Nov-2025 11:25:17 Europe/Rome] Session initialized - Host: localhost:8888, Domain: , Secure: false, Timeout: 600s
[17-Nov-2025 11:25:17 Europe/Rome] Session initialized - Host: localhost:8888, Domain: , Secure: false, Timeout: 600s
[17-Nov-2025 11:25:17 Europe/Rome] Session initialized - Host: localhost:8888, Domain: , Secure: false, Timeout: 600s
[17-Nov-2025 11:26:17 Europe/Rome] Session initialized - Host: localhost:8888, Domain: , Secure: false, Timeout: 600s
[17-Nov-2025 11:26:17 Europe/Rome] Session initialized - Host: localhost:8888, Domain: , Secure: false, Timeout: 600s
[17-Nov-2025 11:26:17 Europe/Rome] Session initialized - Host: localhost:8888, Domain: , Secure: false, Timeout: 600s
[17-Nov-2025 11:26:17 Europe/Rome] Session initialized - Host: localhost:8888, Domain: , Secure: false, Timeout: 600s
[17-Nov-2025 11:26:17 Europe/Rome] Session initialized - Host: localhost:8888, Domain: , Secure: false, Timeout: 600s
[17-Nov-2025 11:26:17 Europe/Rome] Session initialized - Host: localhost:8888, Domain: , Secure: false, Timeout: 600s
[17-Nov-2025 11:27:17 Europe/Rome] Session initialized - Host: localhost:8888, Domain: , Secure: false, Timeout: 600s
[17-Nov-2025 11:27:17 Europe/Rome] Session initialized - Host: localhost:8888, Domain: , Secure: false, Timeout: 600s
[17-Nov-2025 11:27:17 Europe/Rome] Session initialized - Host: localhost:8888, Domain: , Secure: false, Timeout: 600s
[17-Nov-2025 11:27:17 Europe/Rome] Session initialized - Host: localhost:8888, Domain: , Secure: false, Timeout: 600s
[17-Nov-2025 11:27:17 Europe/Rome] Session initialized - Host: localhost:8888, Domain: , Secure: false, Timeout: 600s
[17-Nov-2025 11:27:17 Europe/Rome] Session initialized - Host: localhost:8888, Domain: , Secure: false, Timeout: 600s
[17-Nov-2025 11:28:17 Europe/Rome] Session initialized - Host: localhost:8888, Domain: , Secure: false, Timeout: 600s
[17-Nov-2025 11:28:17 Europe/Rome] Session initialized - Host: localhost:8888, Domain: , Secure: false, Timeout: 600s
[17-Nov-2025 11:28:17 Europe/Rome] Session initialized - Host: localhost:8888, Domain: , Secure: false, Timeout: 600s
[17-Nov-2025 11:28:17 Europe/Rome] Session initialized - Host: localhost:8888, Domain: , Secure: false, Timeout: 600s
[17-Nov-2025 11:28:17 Europe/Rome] Session initialized - Host: localhost:8888, Domain: , Secure: false, Timeout: 600s
[17-Nov-2025 11:28:17 Europe/Rome] Session initialized - Host: localhost:8888, Domain: , Secure: false, Timeout: 600s
[17-Nov-2025 11:29:17 Europe/Rome] Session initialized - Host: localhost:8888, Domain: , Secure: false, Timeout: 600s
[17-Nov-2025 11:29:17 Europe/Rome] Session initialized - Host: localhost:8888, Domain: , Secure: false, Timeout: 600s
[17-Nov-2025 11:29:17 Europe/Rome] Session initialized - Host: localhost:8888, Domain: , Secure: false, Timeout: 600s
[17-Nov-2025 11:29:17 Europe/Rome] Session initialized - Host: localhost:8888, Domain: , Secure: false, Timeout: 600s
[17-Nov-2025 11:29:17 Europe/Rome] Session initialized - Host: localhost:8888, Domain: , Secure: false, Timeout: 600s
[17-Nov-2025 11:29:17 Europe/Rome] Session initialized - Host: localhost:8888, Domain: , Secure: false, Timeout: 600s
[17-Nov-2025 11:30:17 Europe/Rome] Session initialized - Host: localhost:8888, Domain: , Secure: false, Timeout: 600s
[17-Nov-2025 11:30:17 Europe/Rome] Session initialized - Host: localhost:8888, Domain: , Secure: false, Timeout: 600s
[17-Nov-2025 11:30:17 Europe/Rome] Session initialized - Host: localhost:8888, Domain: , Secure: false, Timeout: 600s
[17-Nov-2025 11:30:17 Europe/Rome] Session initialized - Host: localhost:8888, Domain: , Secure: false, Timeout: 600s
[17-Nov-2025 11:30:17 Europe/Rome] Session initialized - Host: localhost:8888, Domain: , Secure: false, Timeout: 600s
[17-Nov-2025 11:30:17 Europe/Rome] Session initialized - Host: localhost:8888, Domain: , Secure: false, Timeout: 600s
[17-Nov-2025 11:31:17 Europe/Rome] Session initialized - Host: localhost:8888, Domain: , Secure: false, Timeout: 600s
[17-Nov-2025 11:31:17 Europe/Rome] Session initialized - Host: localhost:8888, Domain: , Secure: false, Timeout: 600s
[17-Nov-2025 11:31:17 Europe/Rome] Session initialized - Host: localhost:8888, Domain: , Secure: false, Timeout: 600s
[17-Nov-2025 11:31:17 Europe/Rome] Session initialized - Host: localhost:8888, Domain: , Secure: false, Timeout: 600s
[17-Nov-2025 11:31:17 Europe/Rome] Session initialized - Host: localhost:8888, Domain: , Secure: false, Timeout: 600s
[17-Nov-2025 11:31:17 Europe/Rome] Session initialized - Host: localhost:8888, Domain: , Secure: false, Timeout: 600s
[17-Nov-2025 11:32:17 Europe/Rome] Session initialized - Host: localhost:8888, Domain: , Secure: false, Timeout: 600s
[17-Nov-2025 11:32:17 Europe/Rome] Session initialized - Host: localhost:8888, Domain: , Secure: false, Timeout: 600s
[17-Nov-2025 11:32:17 Europe/Rome] Session initialized - Host: localhost:8888, Domain: , Secure: false, Timeout: 600s
[17-Nov-2025 11:32:17 Europe/Rome] Session initialized - Host: localhost:8888, Domain: , Secure: false, Timeout: 600s
[17-Nov-2025 11:32:17 Europe/Rome] Session initialized - Host: localhost:8888, Domain: , Secure: false, Timeout: 600s
[17-Nov-2025 11:32:17 Europe/Rome] Session initialized - Host: localhost:8888, Domain: , Secure: false, Timeout: 600s
[17-Nov-2025 11:33:17 Europe/Rome] Session initialized - Host: localhost:8888, Domain: , Secure: false, Timeout: 600s
[17-Nov-2025 11:33:17 Europe/Rome] Session initialized - Host: localhost:8888, Domain: , Secure: false, Timeout: 600s
[17-Nov-2025 11:33:17 Europe/Rome] Session initialized - Host: localhost:8888, Domain: , Secure: false, Timeout: 600s
[17-Nov-2025 11:33:17 Europe/Rome] Session initialized - Host: localhost:8888, Domain: , Secure: false, Timeout: 600s
[17-Nov-2025 11:33:17 Europe/Rome] Session initialized - Host: localhost:8888, Domain: , Secure: false, Timeout: 600s
[17-Nov-2025 11:33:17 Europe/Rome] Session initialized - Host: localhost:8888, Domain: , Secure: false, Timeout: 600s
[17-Nov-2025 11:34:17 Europe/Rome] Session initialized - Host: localhost:8888, Domain: , Secure: false, Timeout: 600s
[17-Nov-2025 11:34:17 Europe/Rome] Session initialized - Host: localhost:8888, Domain: , Secure: false, Timeout: 600s
[17-Nov-2025 11:34:17 Europe/Rome] Session initialized - Host: localhost:8888, Domain: , Secure: false, Timeout: 600s
[17-Nov-2025 11:34:17 Europe/Rome] Session initialized - Host: localhost:8888, Domain: , Secure: false, Timeout: 600s
[17-Nov-2025 11:34:17 Europe/Rome] Session initialized - Host: localhost:8888, Domain: , Secure: false, Timeout: 600s
[17-Nov-2025 11:34:17 Europe/Rome] Session initialized - Host: localhost:8888, Domain: , Secure: false, Timeout: 600s
[17-Nov-2025 11:35:17 Europe/Rome] Session initialized - Host: localhost:8888, Domain: , Secure: false, Timeout: 600s
[17-Nov-2025 11:35:17 Europe/Rome] Session initialized - Host: localhost:8888, Domain: , Secure: false, Timeout: 600s
[17-Nov-2025 11:35:17 Europe/Rome] Session initialized - Host: localhost:8888, Domain: , Secure: false, Timeout: 600s
[17-Nov-2025 11:35:17 Europe/Rome] Session initialized - Host: localhost:8888, Domain: , Secure: false, Timeout: 600s
[17-Nov-2025 11:35:17 Europe/Rome] Session initialized - Host: localhost:8888, Domain: , Secure: false, Timeout: 600s
[17-Nov-2025 11:35:17 Europe/Rome] Session initialized - Host: localhost:8888, Domain: , Secure: false, Timeout: 600s
[17-Nov-2025 11:36:17 Europe/Rome] Session initialized - Host: localhost:8888, Domain: , Secure: false, Timeout: 600s
[17-Nov-2025 11:36:17 Europe/Rome] Session initialized - Host: localhost:8888, Domain: , Secure: false, Timeout: 600s
[17-Nov-2025 11:36:17 Europe/Rome] Session initialized - Host: localhost:8888, Domain: , Secure: false, Timeout: 600s
[17-Nov-2025 11:36:17 Europe/Rome] Session initialized - Host: localhost:8888, Domain: , Secure: false, Timeout: 600s
[17-Nov-2025 11:36:17 Europe/Rome] Session initialized - Host: localhost:8888, Domain: , Secure: false, Timeout: 600s
[17-Nov-2025 11:36:17 Europe/Rome] Session initialized - Host: localhost:8888, Domain: , Secure: false, Timeout: 600s
[17-Nov-2025 11:37:17 Europe/Rome] Session initialized - Host: localhost:8888, Domain: , Secure: false, Timeout: 600s
[17-Nov-2025 11:37:17 Europe/Rome] Session initialized - Host: localhost:8888, Domain: , Secure: false, Timeout: 600s
[17-Nov-2025 11:37:17 Europe/Rome] Session initialized - Host: localhost:8888, Domain: , Secure: false, Timeout: 600s
[17-Nov-2025 11:37:17 Europe/Rome] Session initialized - Host: localhost:8888, Domain: , Secure: false, Timeout: 600s
[17-Nov-2025 11:37:17 Europe/Rome] Session initialized - Host: localhost:8888, Domain: , Secure: false, Timeout: 600s
[17-Nov-2025 11:37:17 Europe/Rome] Session initialized - Host: localhost:8888, Domain: , Secure: false, Timeout: 600s
[17-Nov-2025 11:38:17 Europe/Rome] Session initialized - Host: localhost:8888, Domain: , Secure: false, Timeout: 600s
[17-Nov-2025 11:38:17 Europe/Rome] Session initialized - Host: localhost:8888, Domain: , Secure: false, Timeout: 600s
[17-Nov-2025 11:38:17 Europe/Rome] Session initialized - Host: localhost:8888, Domain: , Secure: false, Timeout: 600s
[17-Nov-2025 11:38:17 Europe/Rome] Session initialized - Host: localhost:8888, Domain: , Secure: false, Timeout: 600s
[17-Nov-2025 11:38:17 Europe/Rome] Session initialized - Host: localhost:8888, Domain: , Secure: false, Timeout: 600s
[17-Nov-2025 11:38:17 Europe/Rome] Session initialized - Host: localhost:8888, Domain: , Secure: false, Timeout: 600s
[17-Nov-2025 11:39:17 Europe/Rome] Session initialized - Host: localhost:8888, Domain: , Secure: false, Timeout: 600s
[17-Nov-2025 11:39:17 Europe/Rome] Session initialized - Host: localhost:8888, Domain: , Secure: false, Timeout: 600s
[17-Nov-2025 11:39:17 Europe/Rome] Session initialized - Host: localhost:8888, Domain: , Secure: false, Timeout: 600s
[17-Nov-2025 11:39:17 Europe/Rome] Session initialized - Host: localhost:8888, Domain: , Secure: false, Timeout: 600s
[17-Nov-2025 11:39:17 Europe/Rome] Session initialized - Host: localhost:8888, Domain: , Secure: false, Timeout: 600s
[17-Nov-2025 11:39:17 Europe/Rome] Session initialized - Host: localhost:8888, Domain: , Secure: false, Timeout: 600s
[17-Nov-2025 13:44:25 Europe/Rome] Session initialized - Host: localhost:8888, Domain: , Secure: false, Timeout: 600s
[17-Nov-2025 13:44:25 Europe/Rome] Session initialized - Host: localhost:8888, Domain: , Secure: false, Timeout: 600s
[17-Nov-2025 13:44:25 Europe/Rome] Session initialized - Host: localhost:8888, Domain: , Secure: false, Timeout: 600s
[17-Nov-2025 13:44:25 Europe/Rome] Session initialized - Host: localhost:8888, Domain: , Secure: false, Timeout: 600s
[17-Nov-2025 13:44:25 Europe/Rome] Session initialized - Host: localhost:8888, Domain: , Secure: false, Timeout: 600s
[17-Nov-2025 13:44:25 Europe/Rome] Session initialized - Host: localhost:8888, Domain: , Secure: false, Timeout: 600s
[17-Nov-2025 13:44:28 Europe/Rome] Session initialized - Host: localhost:8888, Domain: , Secure: false, Timeout: 600s
[17-Nov-2025 13:44:28 Europe/Rome] Session initialized - Host: localhost:8888, Domain: , Secure: false, Timeout: 600s
[17-Nov-2025 13:44:29 Europe/Rome] Session initialized - Host: localhost:8888, Domain: , Secure: false, Timeout: 600s
[17-Nov-2025 13:44:30 Europe/Rome] Session initialized - Host: localhost:8888, Domain: , Secure: false, Timeout: 600s
[17-Nov-2025 13:44:31 Europe/Rome] Session initialized - Host: localhost:8888, Domain: , Secure: false, Timeout: 600s
[17-Nov-2025 13:44:31 Europe/Rome] Session initialized - Host: localhost:8888, Domain: , Secure: false, Timeout: 600s
[17-Nov-2025 13:44:31 Europe/Rome] Session initialized - Host: localhost:8888, Domain: , Secure: false, Timeout: 600s
[17-Nov-2025 13:44:31 Europe/Rome] Session initialized - Host: localhost:8888, Domain: , Secure: false, Timeout: 600s
[17-Nov-2025 13:44:31 Europe/Rome] Session initialized - Host: localhost:8888, Domain: , Secure: false, Timeout: 600s
[17-Nov-2025 13:44:31 Europe/Rome] Session initialized - Host: localhost:8888, Domain: , Secure: false, Timeout: 600s
[17-Nov-2025 13:44:32 Europe/Rome] Session initialized - Host: localhost:8888, Domain: , Secure: false, Timeout: 600s
[17-Nov-2025 13:44:33 Europe/Rome] Session initialized - Host: localhost:8888, Domain: , Secure: false, Timeout: 600s
[17-Nov-2025 13:44:33 Europe/Rome] [Calendar API] Class "Database" not found
[17-Nov-2025 13:46:46 Europe/Rome] Session initialized - Host: localhost:8888, Domain: , Secure: false, Timeout: 600s
[17-Nov-2025 13:46:46 Europe/Rome] Session initialized - Host: localhost:8888, Domain: , Secure: false, Timeout: 600s
[17-Nov-2025 13:46:46 Europe/Rome] [Calendar API] SQLSTATE[42S02]: Base table or view not found: 1146 Table 'collaboranexio.calendars' doesn't exist
[17-Nov-2025 13:51:34 Europe/Rome] PHP Warning:  Cannot modify header information - headers already sent by (output started at C:\xampp\htdocs\CollaboraNexio\test_calendars_api.php:17) in C:\xampp\htdocs\CollaboraNexio\includes\api_auth.php on line 29
[17-Nov-2025 13:51:34 Europe/Rome] PHP Warning:  Cannot modify header information - headers already sent by (output started at C:\xampp\htdocs\CollaboraNexio\test_calendars_api.php:17) in C:\xampp\htdocs\CollaboraNexio\includes\api_auth.php on line 30
[17-Nov-2025 13:51:34 Europe/Rome] PHP Warning:  Cannot modify header information - headers already sent by (output started at C:\xampp\htdocs\CollaboraNexio\test_calendars_api.php:17) in C:\xampp\htdocs\CollaboraNexio\api\calendars.php on line 28
[17-Nov-2025 13:51:34 Europe/Rome] PHP Warning:  Cannot modify header information - headers already sent by (output started at C:\xampp\htdocs\CollaboraNexio\test_calendars_api.php:17) in C:\xampp\htdocs\CollaboraNexio\api\calendars.php on line 29
[17-Nov-2025 13:51:34 Europe/Rome] PHP Warning:  Cannot modify header information - headers already sent by (output started at C:\xampp\htdocs\CollaboraNexio\test_calendars_api.php:17) in C:\xampp\htdocs\CollaboraNexio\api\calendars.php on line 30
[17-Nov-2025 13:51:34 Europe/Rome] [Calendar API] SQLSTATE[42S02]: Base table or view not found: 1146 Table 'collaboranexio.events' doesn't exist
[17-Nov-2025 13:53:41 Europe/Rome] PHP Warning:  Cannot modify header information - headers already sent by (output started at C:\xampp\htdocs\CollaboraNexio\test_calendars_api.php:17) in C:\xampp\htdocs\CollaboraNexio\includes\api_auth.php on line 29
[17-Nov-2025 13:53:41 Europe/Rome] PHP Warning:  Cannot modify header information - headers already sent by (output started at C:\xampp\htdocs\CollaboraNexio\test_calendars_api.php:17) in C:\xampp\htdocs\CollaboraNexio\includes\api_auth.php on line 30
[17-Nov-2025 13:53:41 Europe/Rome] PHP Warning:  Cannot modify header information - headers already sent by (output started at C:\xampp\htdocs\CollaboraNexio\test_calendars_api.php:17) in C:\xampp\htdocs\CollaboraNexio\api\calendars.php on line 28
[17-Nov-2025 13:53:41 Europe/Rome] PHP Warning:  Cannot modify header information - headers already sent by (output started at C:\xampp\htdocs\CollaboraNexio\test_calendars_api.php:17) in C:\xampp\htdocs\CollaboraNexio\api\calendars.php on line 29
[17-Nov-2025 13:53:41 Europe/Rome] PHP Warning:  Cannot modify header information - headers already sent by (output started at C:\xampp\htdocs\CollaboraNexio\test_calendars_api.php:17) in C:\xampp\htdocs\CollaboraNexio\api\calendars.php on line 30
[17-Nov-2025 13:53:41 Europe/Rome] [Calendar API] SQLSTATE[HY093]: Invalid parameter number
[17-Nov-2025 13:54:09 Europe/Rome] PHP Warning:  Cannot modify header information - headers already sent by (output started at C:\xampp\htdocs\CollaboraNexio\test_calendars_api.php:17) in C:\xampp\htdocs\CollaboraNexio\includes\api_auth.php on line 29
[17-Nov-2025 13:54:09 Europe/Rome] PHP Warning:  Cannot modify header information - headers already sent by (output started at C:\xampp\htdocs\CollaboraNexio\test_calendars_api.php:17) in C:\xampp\htdocs\CollaboraNexio\includes\api_auth.php on line 30
[17-Nov-2025 13:54:09 Europe/Rome] PHP Warning:  Cannot modify header information - headers already sent by (output started at C:\xampp\htdocs\CollaboraNexio\test_calendars_api.php:17) in C:\xampp\htdocs\CollaboraNexio\api\calendars.php on line 28
[17-Nov-2025 13:54:09 Europe/Rome] PHP Warning:  Cannot modify header information - headers already sent by (output started at C:\xampp\htdocs\CollaboraNexio\test_calendars_api.php:17) in C:\xampp\htdocs\CollaboraNexio\api\calendars.php on line 29
[17-Nov-2025 13:54:09 Europe/Rome] PHP Warning:  Cannot modify header information - headers already sent by (output started at C:\xampp\htdocs\CollaboraNexio\test_calendars_api.php:17) in C:\xampp\htdocs\CollaboraNexio\api\calendars.php on line 30
[17-Nov-2025 13:56:38 Europe/Rome] PHP Fatal error:  Uncaught PDOException: SQLSTATE[42000]: Syntax error or access violation: 1064 You have an error in your SQL syntax; check the manual that corresponds to your MariaDB server version for the right syntax to use near '?' at line 1 in C:\xampp\htdocs\CollaboraNexio\final_db_verification_bug104.php:38
Stack trace:
#0 C:\xampp\htdocs\CollaboraNexio\final_db_verification_bug104.php(38): PDO->prepare('SHOW TABLES LIK...')
#1 {main}
  thrown in C:\xampp\htdocs\CollaboraNexio\final_db_verification_bug104.php on line 38
[17-Nov-2025 14:05:22 Europe/Rome] Session initialized - Host: localhost, Domain: , Secure: false, Timeout: 600s
[17-Nov-2025 14:05:48 Europe/Rome] Session initialized - Host: localhost, Domain: , Secure: false, Timeout: 600s
[17-Nov-2025 14:06:01 Europe/Rome] Session initialized - Host: localhost, Domain: , Secure: false, Timeout: 600s
[17-Nov-2025 14:26:18 Europe/Rome] Session initialized - Host: localhost:8888, Domain: , Secure: false, Timeout: 600s
[17-Nov-2025 14:26:19 Europe/Rome] Session initialized - Host: localhost:8888, Domain: , Secure: false, Timeout: 600s
[17-Nov-2025 14:26:20 Europe/Rome] Session initialized - Host: localhost:8888, Domain: , Secure: false, Timeout: 600s
[17-Nov-2025 14:26:20 Europe/Rome] Session initialized - Host: localhost:8888, Domain: , Secure: false, Timeout: 600s
[17-Nov-2025 14:26:20 Europe/Rome] Session initialized - Host: localhost:8888, Domain: , Secure: false, Timeout: 600s
[17-Nov-2025 14:26:20 Europe/Rome] Session initialized - Host: localhost:8888, Domain: , Secure: false, Timeout: 600s
[17-Nov-2025 14:26:20 Europe/Rome] Session initialized - Host: localhost:8888, Domain: , Secure: false, Timeout: 600s
[17-Nov-2025 14:26:20 Europe/Rome] Session initialized - Host: localhost:8888, Domain: , Secure: false, Timeout: 600s
[17-Nov-2025 14:26:20 Europe/Rome] Session initialized - Host: localhost:8888, Domain: , Secure: false, Timeout: 600s
[17-Nov-2025 14:26:21 Europe/Rome] Session initialized - Host: localhost:8888, Domain: , Secure: false, Timeout: 600s
[17-Nov-2025 14:26:21 Europe/Rome] Session initialized - Host: localhost:8888, Domain: , Secure: false, Timeout: 600s
[17-Nov-2025 14:26:21 Europe/Rome] Session initialized - Host: localhost:8888, Domain: , Secure: false, Timeout: 600s
[18-Nov-2025 05:59:14 Europe/Rome] Session initialized - Host: localhost:8888, Domain: , Secure: false, Timeout: 600s
[18-Nov-2025 05:59:16 Europe/Rome] Session initialized - Host: localhost:8888, Domain: , Secure: false, Timeout: 600s
[18-Nov-2025 05:59:17 Europe/Rome] Session initialized - Host: localhost:8888, Domain: , Secure: false, Timeout: 600s
[18-Nov-2025 05:59:17 Europe/Rome] Session initialized - Host: localhost:8888, Domain: , Secure: false, Timeout: 600s
[18-Nov-2025 05:59:17 Europe/Rome] Session initialized - Host: localhost:8888, Domain: , Secure: false, Timeout: 600s
[18-Nov-2025 05:59:17 Europe/Rome] Session initialized - Host: localhost:8888, Domain: , Secure: false, Timeout: 600s
[18-Nov-2025 05:59:17 Europe/Rome] Session initialized - Host: localhost:8888, Domain: , Secure: false, Timeout: 600s
[18-Nov-2025 05:59:17 Europe/Rome] Session initialized - Host: localhost:8888, Domain: , Secure: false, Timeout: 600s
[18-Nov-2025 05:59:17 Europe/Rome] Session initialized - Host: localhost:8888, Domain: , Secure: false, Timeout: 600s
[18-Nov-2025 05:59:18 Europe/Rome] Session initialized - Host: localhost:8888, Domain: , Secure: false, Timeout: 600s
[18-Nov-2025 05:59:19 Europe/Rome] Session initialized - Host: localhost:8888, Domain: , Secure: false, Timeout: 600s
[18-Nov-2025 05:59:19 Europe/Rome] Session initialized - Host: localhost:8888, Domain: , Secure: false, Timeout: 600s
[18-Nov-2025 05:59:19 Europe/Rome] Errore getEventsBetween: SQLSTATE[42S02]: Base table or view not found: 1146 Table 'collaboranexio.event_participants' doesn't exist
[18-Nov-2025 05:59:19 Europe/Rome] [EVENTS API] Error: Errore nel recupero eventi
[18-Nov-2025 06:22:56 Europe/Rome] Session initialized - Host: localhost, Domain: , Secure: false, Timeout: 600s
[18-Nov-2025 06:22:56 Europe/Rome] PHP Warning:  require_once(C:\xampp\htdocs\CollaboraNexio/includes/config.php): Failed to open stream: No such file or directory in C:\xampp\htdocs\CollaboraNexio\test_bug_105.php on line 16
[18-Nov-2025 06:22:56 Europe/Rome] PHP Fatal error:  Uncaught Error: Failed opening required 'C:\xampp\htdocs\CollaboraNexio/includes/config.php' (include_path='C:\xampp\php\PEAR') in C:\xampp\htdocs\CollaboraNexio\test_bug_105.php:16
Stack trace:
#0 {main}
  thrown in C:\xampp\htdocs\CollaboraNexio\test_bug_105.php on line 16
[18-Nov-2025 06:31:05 Europe/Rome] Session initialized - Host: localhost:8888, Domain: , Secure: false, Timeout: 600s
[18-Nov-2025 06:31:06 Europe/Rome] Session initialized - Host: localhost:8888, Domain: , Secure: false, Timeout: 600s
[18-Nov-2025 06:31:07 Europe/Rome] Session initialized - Host: localhost:8888, Domain: , Secure: false, Timeout: 600s
[18-Nov-2025 06:31:07 Europe/Rome] Session initialized - Host: localhost:8888, Domain: , Secure: false, Timeout: 600s
[18-Nov-2025 06:31:07 Europe/Rome] Session initialized - Host: localhost:8888, Domain: , Secure: false, Timeout: 600s
[18-Nov-2025 06:31:07 Europe/Rome] Session initialized - Host: localhost:8888, Domain: , Secure: false, Timeout: 600s
[18-Nov-2025 06:31:07 Europe/Rome] Session initialized - Host: localhost:8888, Domain: , Secure: false, Timeout: 600s
[18-Nov-2025 06:31:07 Europe/Rome] Session initialized - Host: localhost:8888, Domain: , Secure: false, Timeout: 600s
[18-Nov-2025 06:31:07 Europe/Rome] Session initialized - Host: localhost:8888, Domain: , Secure: false, Timeout: 600s
[18-Nov-2025 06:31:08 Europe/Rome] Session initialized - Host: localhost:8888, Domain: , Secure: false, Timeout: 600s
[18-Nov-2025 06:31:08 Europe/Rome] Session initialized - Host: localhost:8888, Domain: , Secure: false, Timeout: 600s
[18-Nov-2025 06:31:08 Europe/Rome] Session initialized - Host: localhost:8888, Domain: , Secure: false, Timeout: 600s
[18-Nov-2025 06:31:08 Europe/Rome] Errore getEventsBetween: SQLSTATE[HY093]: Invalid parameter number: mixed named and positional parameters
[18-Nov-2025 06:31:08 Europe/Rome] [EVENTS API] Error: Errore nel recupero eventi
[18-Nov-2025 06:33:37 Europe/Rome] Session initialized - Host: localhost:8888, Domain: , Secure: false, Timeout: 600s
[18-Nov-2025 06:33:37 Europe/Rome] Session initialized - Host: localhost:8888, Domain: , Secure: false, Timeout: 600s
[18-Nov-2025 06:33:37 Europe/Rome] Session initialized - Host: localhost:8888, Domain: , Secure: false, Timeout: 600s
[18-Nov-2025 06:33:37 Europe/Rome] Errore getEventsBetween: SQLSTATE[42S02]: Base table or view not found: 1146 Table 'collaboranexio.event_participants' doesn't exist
[18-Nov-2025 06:33:37 Europe/Rome] [EVENTS API] Error: Errore nel recupero eventi
[18-Nov-2025 06:44:46 Europe/Rome] Session initialized - Host: localhost, Domain: , Secure: false, Timeout: 600s
[18-Nov-2025 06:44:46 Europe/Rome] PHP Warning:  require_once(C:\xampp\htdocs\CollaboraNexio/includes/database.php): Failed to open stream: No such file or directory in C:\xampp\htdocs\CollaboraNexio\test_calendar_bug105a.php on line 8
[18-Nov-2025 06:44:46 Europe/Rome] PHP Fatal error:  Uncaught Error: Failed opening required 'C:\xampp\htdocs\CollaboraNexio/includes/database.php' (include_path='C:\xampp\php\PEAR') in C:\xampp\htdocs\CollaboraNexio\test_calendar_bug105a.php:8
Stack trace:
#0 {main}
  thrown in C:\xampp\htdocs\CollaboraNexio\test_calendar_bug105a.php on line 8
[18-Nov-2025 06:48:35 Europe/Rome] PHP Warning:  require_once(C:\xampp\htdocs\CollaboraNexio/includes/database.php): Failed to open stream: No such file or directory in C:\xampp\htdocs\CollaboraNexio\verify_database_post_migrations_12_13.php on line 19
[18-Nov-2025 06:48:35 Europe/Rome] PHP Fatal error:  Uncaught Error: Failed opening required 'C:\xampp\htdocs\CollaboraNexio/includes/database.php' (include_path='C:\xampp\php\PEAR') in C:\xampp\htdocs\CollaboraNexio\verify_database_post_migrations_12_13.php:19
Stack trace:
#0 {main}
  thrown in C:\xampp\htdocs\CollaboraNexio\verify_database_post_migrations_12_13.php on line 19
[18-Nov-2025 07:01:00 Europe/Rome] Session initialized - Host: localhost:8888, Domain: , Secure: false, Timeout: 600s
[18-Nov-2025 07:01:01 Europe/Rome] Session initialized - Host: localhost:8888, Domain: , Secure: false, Timeout: 600s
[18-Nov-2025 07:01:03 Europe/Rome] Session initialized - Host: localhost:8888, Domain: , Secure: false, Timeout: 600s
[18-Nov-2025 07:01:03 Europe/Rome] Session initialized - Host: localhost:8888, Domain: , Secure: false, Timeout: 600s
[18-Nov-2025 07:01:03 Europe/Rome] Session initialized - Host: localhost:8888, Domain: , Secure: false, Timeout: 600s
[18-Nov-2025 07:01:03 Europe/Rome] Session initialized - Host: localhost:8888, Domain: , Secure: false, Timeout: 600s
[18-Nov-2025 07:01:03 Europe/Rome] Session initialized - Host: localhost:8888, Domain: , Secure: false, Timeout: 600s
[18-Nov-2025 07:01:03 Europe/Rome] Session initialized - Host: localhost:8888, Domain: , Secure: false, Timeout: 600s
[18-Nov-2025 07:01:03 Europe/Rome] Session initialized - Host: localhost:8888, Domain: , Secure: false, Timeout: 600s
[18-Nov-2025 07:01:05 Europe/Rome] Session initialized - Host: localhost:8888, Domain: , Secure: false, Timeout: 600s
[18-Nov-2025 07:01:05 Europe/Rome] Session initialized - Host: localhost:8888, Domain: , Secure: false, Timeout: 600s
[18-Nov-2025 07:01:05 Europe/Rome] Session initialized - Host: localhost:8888, Domain: , Secure: false, Timeout: 600s
[18-Nov-2025 07:01:05 Europe/Rome] Errore getEventsBetween: SQLSTATE[42S22]: Column not found: 1054 Unknown column 'e.start_date' in 'where clause'
[18-Nov-2025 07:01:05 Europe/Rome] [EVENTS API] Error: Errore nel recupero eventi
[18-Nov-2025 07:31:00 Europe/Rome] Session initialized - Host: localhost:8888, Domain: , Secure: false, Timeout: 600s
[18-Nov-2025 07:31:01 Europe/Rome] Session initialized - Host: localhost:8888, Domain: , Secure: false, Timeout: 600s
[18-Nov-2025 07:31:02 Europe/Rome] Session initialized - Host: localhost:8888, Domain: , Secure: false, Timeout: 600s
[18-Nov-2025 07:31:02 Europe/Rome] Session initialized - Host: localhost:8888, Domain: , Secure: false, Timeout: 600s
[18-Nov-2025 07:31:02 Europe/Rome] Session initialized - Host: localhost:8888, Domain: , Secure: false, Timeout: 600s
[18-Nov-2025 07:31:02 Europe/Rome] Session initialized - Host: localhost:8888, Domain: , Secure: false, Timeout: 600s
[18-Nov-2025 07:31:02 Europe/Rome] Session initialized - Host: localhost:8888, Domain: , Secure: false, Timeout: 600s
[18-Nov-2025 07:31:02 Europe/Rome] Session initialized - Host: localhost:8888, Domain: , Secure: false, Timeout: 600s
[18-Nov-2025 07:31:02 Europe/Rome] Session initialized - Host: localhost:8888, Domain: , Secure: false, Timeout: 600s
[18-Nov-2025 07:31:03 Europe/Rome] Session initialized - Host: localhost:8888, Domain: , Secure: false, Timeout: 600s
[18-Nov-2025 07:31:04 Europe/Rome] Session initialized - Host: localhost:8888, Domain: , Secure: false, Timeout: 600s
[18-Nov-2025 07:31:04 Europe/Rome] Session initialized - Host: localhost:8888, Domain: , Secure: false, Timeout: 600s
[18-Nov-2025 07:31:04 Europe/Rome] Errore getEventsBetween: SQLSTATE[42S22]: Column not found: 1054 Unknown column 'e.created_by' in 'on clause'
[18-Nov-2025 07:31:04 Europe/Rome] [EVENTS API] Error: Errore nel recupero eventi
[18-Nov-2025 14:39:47 Europe/Rome] Session initialized - Host: localhost, Domain: , Secure: false, Timeout: 600s
[18-Nov-2025 14:39:47 Europe/Rome] PHP Warning:  Undefined array key "category" in C:\xampp\htdocs\CollaboraNexio\includes\calendar.php on line 1374
[18-Nov-2025 14:39:47 Europe/Rome] PHP Warning:  Undefined array key "metadata" in C:\xampp\htdocs\CollaboraNexio\includes\calendar.php on line 1388
[18-Nov-2025 14:39:47 Europe/Rome] PHP Warning:  Undefined array key "category" in C:\xampp\htdocs\CollaboraNexio\includes\calendar.php on line 1374
[18-Nov-2025 14:39:47 Europe/Rome] PHP Warning:  Undefined array key "metadata" in C:\xampp\htdocs\CollaboraNexio\includes\calendar.php on line 1388
[18-Nov-2025 14:39:47 Europe/Rome] PHP Warning:  Undefined array key "category" in C:\xampp\htdocs\CollaboraNexio\includes\calendar.php on line 1374
[18-Nov-2025 14:39:47 Europe/Rome] PHP Warning:  Undefined array key "metadata" in C:\xampp\htdocs\CollaboraNexio\includes\calendar.php on line 1388
[18-Nov-2025 14:39:47 Europe/Rome] PHP Warning:  Undefined array key "category" in C:\xampp\htdocs\CollaboraNexio\includes\calendar.php on line 1374
[18-Nov-2025 14:39:47 Europe/Rome] PHP Warning:  Undefined array key "metadata" in C:\xampp\htdocs\CollaboraNexio\includes\calendar.php on line 1388
[18-Nov-2025 14:39:47 Europe/Rome] PHP Warning:  Undefined array key "category" in C:\xampp\htdocs\CollaboraNexio\includes\calendar.php on line 1374
[18-Nov-2025 14:39:47 Europe/Rome] PHP Warning:  Undefined array key "metadata" in C:\xampp\htdocs\CollaboraNexio\includes\calendar.php on line 1388
[18-Nov-2025 14:39:47 Europe/Rome] PHP Warning:  Undefined array key "category" in C:\xampp\htdocs\CollaboraNexio\includes\calendar.php on line 1374
[18-Nov-2025 14:39:47 Europe/Rome] PHP Warning:  Undefined array key "metadata" in C:\xampp\htdocs\CollaboraNexio\includes\calendar.php on line 1388
[18-Nov-2025 14:48:20 Europe/Rome] Session initialized - Host: localhost, Domain: , Secure: false, Timeout: 600s
[18-Nov-2025 14:59:24 Europe/Rome] Session initialized - Host: localhost, Domain: , Secure: false, Timeout: 600s
[18-Nov-2025 15:05:04 Europe/Rome] Session initialized - Host: localhost, Domain: , Secure: false, Timeout: 600s
[18-Nov-2025 15:27:48 Europe/Rome] Session initialized - Host: localhost, Domain: , Secure: false, Timeout: 600s
[18-Nov-2025 15:35:20 Europe/Rome] Session initialized - Host: localhost:8888, Domain: , Secure: false, Timeout: 600s
[18-Nov-2025 16:39:27 Europe/Rome] Session initialized - Host: localhost:8888, Domain: , Secure: false, Timeout: 600s
[18-Nov-2025 16:39:27 Europe/Rome] Session initialized - Host: localhost:8888, Domain: , Secure: false, Timeout: 600s
[18-Nov-2025 16:39:28 Europe/Rome] Session initialized - Host: localhost:8888, Domain: , Secure: false, Timeout: 600s
[18-Nov-2025 16:39:29 Europe/Rome] Session initialized - Host: localhost:8888, Domain: , Secure: false, Timeout: 600s
[18-Nov-2025 16:39:29 Europe/Rome] Session initialized - Host: localhost:8888, Domain: , Secure: false, Timeout: 600s
[18-Nov-2025 16:39:29 Europe/Rome] Session initialized - Host: localhost:8888, Domain: , Secure: false, Timeout: 600s
[18-Nov-2025 16:39:29 Europe/Rome] Session initialized - Host: localhost:8888, Domain: , Secure: false, Timeout: 600s
[18-Nov-2025 16:39:29 Europe/Rome] Session initialized - Host: localhost:8888, Domain: , Secure: false, Timeout: 600s
[18-Nov-2025 16:39:29 Europe/Rome] Session initialized - Host: localhost:8888, Domain: , Secure: false, Timeout: 600s
[18-Nov-2025 16:39:29 Europe/Rome] Session initialized - Host: localhost:8888, Domain: , Secure: false, Timeout: 600s
[18-Nov-2025 16:39:31 Europe/Rome] Session initialized - Host: localhost:8888, Domain: , Secure: false, Timeout: 600s
[18-Nov-2025 16:39:31 Europe/Rome] Session initialized - Host: localhost:8888, Domain: , Secure: false, Timeout: 600s
[18-Nov-2025 16:39:31 Europe/Rome] Session initialized - Host: localhost:8888, Domain: , Secure: false, Timeout: 600s
[18-Nov-2025 16:49:27 Europe/Rome] Session initialized - Host: localhost:8888, Domain: , Secure: false, Timeout: 600s
[18-Nov-2025 16:49:27 Europe/Rome] Session initialized - Host: localhost:8888, Domain: , Secure: false, Timeout: 600s
[18-Nov-2025 16:49:27 Europe/Rome] Session initialized - Host: localhost:8888, Domain: , Secure: false, Timeout: 600s
[18-Nov-2025 16:49:27 Europe/Rome] Session initialized - Host: localhost:8888, Domain: , Secure: false, Timeout: 600s
[18-Nov-2025 16:49:27 Europe/Rome] API CSRF Check - Token received: f73bee6c56...
[18-Nov-2025 16:49:27 Europe/Rome] API CSRF Check - Session token: f73bee6c56...
[18-Nov-2025 16:49:27 Europe/Rome] Session initialized - Host: localhost:8888, Domain: , Secure: false, Timeout: 600s
[18-Nov-2025 16:49:27 Europe/Rome] API CSRF Check - Token received: f73bee6c56...
[18-Nov-2025 16:49:27 Europe/Rome] API CSRF Check - Session token: f73bee6c56...
[18-Nov-2025 16:49:27 Europe/Rome] Session initialized - Host: localhost:8888, Domain: , Secure: false, Timeout: 600s
[18-Nov-2025 16:49:27 Europe/Rome] List API - User ID: 19, Role: super_admin, Tenant: 1
[18-Nov-2025 16:49:27 Europe/Rome] API CSRF Check - Token received: f73bee6c56...
[18-Nov-2025 16:49:27 Europe/Rome] API CSRF Check - Session token: f73bee6c56...
[18-Nov-2025 16:49:27 Europe/Rome] Session initialized - Host: localhost:8888, Domain: , Secure: false, Timeout: 600s
[18-Nov-2025 16:49:27 Europe/Rome] API CSRF Check - Token received: f73bee6c56...
[18-Nov-2025 16:49:27 Europe/Rome] API CSRF Check - Session token: f73bee6c56...
[18-Nov-2025 16:49:28 Europe/Rome] Session initialized - Host: localhost:8888, Domain: , Secure: false, Timeout: 600s
[18-Nov-2025 16:49:28 Europe/Rome] Session initialized - Host: localhost:8888, Domain: , Secure: false, Timeout: 600s
[18-Nov-2025 16:49:28 Europe/Rome] Session initialized - Host: localhost:8888, Domain: , Secure: false, Timeout: 600s
[18-Nov-2025 16:49:32 Europe/Rome] Session initialized - Host: localhost:8888, Domain: , Secure: false, Timeout: 600s
[18-Nov-2025 16:49:32 Europe/Rome] Session initialized - Host: localhost:8888, Domain: , Secure: false, Timeout: 600s
[18-Nov-2025 16:49:32 Europe/Rome] Session initialized - Host: localhost:8888, Domain: , Secure: false, Timeout: 600s
[18-Nov-2025 16:49:32 Europe/Rome] Session initialized - Host: localhost:8888, Domain: , Secure: false, Timeout: 600s
[18-Nov-2025 16:49:32 Europe/Rome] Session initialized - Host: localhost:8888, Domain: , Secure: false, Timeout: 600s
[18-Nov-2025 16:49:32 Europe/Rome] Session initialized - Host: localhost:8888, Domain: , Secure: false, Timeout: 600s
[18-Nov-2025 16:49:32 Europe/Rome] Session initialized - Host: localhost:8888, Domain: , Secure: false, Timeout: 600s
[18-Nov-2025 16:49:33 Europe/Rome] Session initialized - Host: localhost:8888, Domain: , Secure: false, Timeout: 600s
[18-Nov-2025 16:49:33 Europe/Rome] Session initialized - Host: localhost:8888, Domain: , Secure: false, Timeout: 600s
[18-Nov-2025 16:49:33 Europe/Rome] Session initialized - Host: localhost:8888, Domain: , Secure: false, Timeout: 600s
[18-Nov-2025 16:49:33 Europe/Rome] Session initialized - Host: localhost:8888, Domain: , Secure: false, Timeout: 600s
[18-Nov-2025 16:49:33 Europe/Rome] API CSRF Check - Token received: f73bee6c56...
[18-Nov-2025 16:49:33 Europe/Rome] API CSRF Check - Session token: f73bee6c56...
[18-Nov-2025 16:49:33 Europe/Rome] Session initialized - Host: localhost:8888, Domain: , Secure: false, Timeout: 600s
[18-Nov-2025 16:49:33 Europe/Rome] API CSRF Check - Token received: f73bee6c56...
[18-Nov-2025 16:49:33 Europe/Rome] API CSRF Check - Session token: f73bee6c56...
[18-Nov-2025 16:49:33 Europe/Rome] Session initialized - Host: localhost:8888, Domain: , Secure: false, Timeout: 600s
[18-Nov-2025 16:49:33 Europe/Rome] List API - User ID: 19, Role: super_admin, Tenant: 1
[18-Nov-2025 16:49:33 Europe/Rome] API CSRF Check - Token received: f73bee6c56...
[18-Nov-2025 16:49:33 Europe/Rome] API CSRF Check - Session token: f73bee6c56...
[18-Nov-2025 16:49:33 Europe/Rome] Session initialized - Host: localhost:8888, Domain: , Secure: false, Timeout: 600s
[18-Nov-2025 16:49:33 Europe/Rome] API CSRF Check - Token received: f73bee6c56...
[18-Nov-2025 16:49:33 Europe/Rome] API CSRF Check - Session token: f73bee6c56...
[18-Nov-2025 16:49:34 Europe/Rome] Session initialized - Host: localhost:8888, Domain: , Secure: false, Timeout: 600s
[18-Nov-2025 16:49:34 Europe/Rome] Session initialized - Host: localhost:8888, Domain: , Secure: false, Timeout: 600s
[18-Nov-2025 16:49:34 Europe/Rome] Session initialized - Host: localhost:8888, Domain: , Secure: false, Timeout: 600s
[18-Nov-2025 16:49:35 Europe/Rome] Session initialized - Host: localhost:8888, Domain: , Secure: false, Timeout: 600s
[18-Nov-2025 16:49:35 Europe/Rome] Session initialized - Host: localhost:8888, Domain: , Secure: false, Timeout: 600s
[18-Nov-2025 16:49:35 Europe/Rome] Session initialized - Host: localhost:8888, Domain: , Secure: false, Timeout: 600s
[18-Nov-2025 16:49:35 Europe/Rome] Session initialized - Host: localhost:8888, Domain: , Secure: false, Timeout: 600s
[18-Nov-2025 16:49:35 Europe/Rome] API CSRF Check - Token received: f73bee6c56...
[18-Nov-2025 16:49:35 Europe/Rome] API CSRF Check - Session token: f73bee6c56...
[18-Nov-2025 16:49:35 Europe/Rome] Session initialized - Host: localhost:8888, Domain: , Secure: false, Timeout: 600s
[18-Nov-2025 16:49:35 Europe/Rome] API CSRF Check - Token received: f73bee6c56...
[18-Nov-2025 16:49:35 Europe/Rome] API CSRF Check - Session token: f73bee6c56...
[18-Nov-2025 16:49:35 Europe/Rome] Session initialized - Host: localhost:8888, Domain: , Secure: false, Timeout: 600s
[18-Nov-2025 16:49:35 Europe/Rome] List API - User ID: 19, Role: super_admin, Tenant: 1
[18-Nov-2025 16:49:35 Europe/Rome] API CSRF Check - Token received: f73bee6c56...
[18-Nov-2025 16:49:35 Europe/Rome] API CSRF Check - Session token: f73bee6c56...
[18-Nov-2025 16:49:35 Europe/Rome] Session initialized - Host: localhost:8888, Domain: , Secure: false, Timeout: 600s
[18-Nov-2025 16:49:35 Europe/Rome] API CSRF Check - Token received: f73bee6c56...
[18-Nov-2025 16:49:35 Europe/Rome] API CSRF Check - Session token: f73bee6c56...
[18-Nov-2025 16:50:05 Europe/Rome] Session initialized - Host: localhost:8888, Domain: , Secure: false, Timeout: 600s
[18-Nov-2025 16:50:05 Europe/Rome] Session initialized - Host: localhost:8888, Domain: , Secure: false, Timeout: 600s
[18-Nov-2025 16:50:05 Europe/Rome] API CSRF Check - Token received: f73bee6c56...
[18-Nov-2025 16:50:05 Europe/Rome] API CSRF Check - Session token: f73bee6c56...
[18-Nov-2025 16:50:35 Europe/Rome] Session initialized - Host: localhost:8888, Domain: , Secure: false, Timeout: 600s
[18-Nov-2025 16:50:35 Europe/Rome] Session initialized - Host: localhost:8888, Domain: , Secure: false, Timeout: 600s
[18-Nov-2025 16:50:35 Europe/Rome] API CSRF Check - Token received: f73bee6c56...
[18-Nov-2025 16:50:35 Europe/Rome] API CSRF Check - Session token: f73bee6c56...
[18-Nov-2025 16:50:37 Europe/Rome] Session initialized - Host: localhost:8888, Domain: , Secure: false, Timeout: 600s
[18-Nov-2025 16:50:37 Europe/Rome] Session initialized - Host: localhost:8888, Domain: , Secure: false, Timeout: 600s
[18-Nov-2025 16:50:38 Europe/Rome] Session initialized - Host: localhost:8888, Domain: , Secure: false, Timeout: 600s
[18-Nov-2025 19:09:11 Europe/Rome] Session initialized - Host: localhost:8888, Domain: , Secure: false, Timeout: 600s
[18-Nov-2025 19:09:12 Europe/Rome] Session initialized - Host: localhost:8888, Domain: , Secure: false, Timeout: 600s
[18-Nov-2025 19:09:13 Europe/Rome] Session initialized - Host: localhost:8888, Domain: , Secure: false, Timeout: 600s
[18-Nov-2025 19:09:13 Europe/Rome] Session initialized - Host: localhost:8888, Domain: , Secure: false, Timeout: 600s
[18-Nov-2025 19:09:13 Europe/Rome] Session initialized - Host: localhost:8888, Domain: , Secure: false, Timeout: 600s
[18-Nov-2025 19:09:13 Europe/Rome] Session initialized - Host: localhost:8888, Domain: , Secure: false, Timeout: 600s
[18-Nov-2025 19:09:13 Europe/Rome] Session initialized - Host: localhost:8888, Domain: , Secure: false, Timeout: 600s
[18-Nov-2025 19:09:13 Europe/Rome] Session initialized - Host: localhost:8888, Domain: , Secure: false, Timeout: 600s
[18-Nov-2025 19:09:13 Europe/Rome] Session initialized - Host: localhost:8888, Domain: , Secure: false, Timeout: 600s
[18-Nov-2025 19:09:14 Europe/Rome] Session initialized - Host: localhost:8888, Domain: , Secure: false, Timeout: 600s
[18-Nov-2025 19:09:14 Europe/Rome] Session initialized - Host: localhost:8888, Domain: , Secure: false, Timeout: 600s
[18-Nov-2025 19:09:14 Europe/Rome] Session initialized - Host: localhost:8888, Domain: , Secure: false, Timeout: 600s
[18-Nov-2025 19:29:47 Europe/Rome] Session initialized - Host: localhost:8888, Domain: , Secure: false, Timeout: 600s
[18-Nov-2025 19:29:48 Europe/Rome] Session initialized - Host: localhost:8888, Domain: , Secure: false, Timeout: 600s
[18-Nov-2025 19:29:50 Europe/Rome] Session initialized - Host: localhost:8888, Domain: , Secure: false, Timeout: 600s
[18-Nov-2025 19:29:50 Europe/Rome] Session initialized - Host: localhost:8888, Domain: , Secure: false, Timeout: 600s
[18-Nov-2025 19:29:50 Europe/Rome] Session initialized - Host: localhost:8888, Domain: , Secure: false, Timeout: 600s
[18-Nov-2025 19:29:50 Europe/Rome] Session initialized - Host: localhost:8888, Domain: , Secure: false, Timeout: 600s
[18-Nov-2025 19:29:50 Europe/Rome] Session initialized - Host: localhost:8888, Domain: , Secure: false, Timeout: 600s
[18-Nov-2025 19:29:50 Europe/Rome] Session initialized - Host: localhost:8888, Domain: , Secure: false, Timeout: 600s
[18-Nov-2025 19:29:50 Europe/Rome] Session initialized - Host: localhost:8888, Domain: , Secure: false, Timeout: 600s
[18-Nov-2025 19:29:52 Europe/Rome] Session initialized - Host: localhost:8888, Domain: , Secure: false, Timeout: 600s
[18-Nov-2025 19:29:52 Europe/Rome] Session initialized - Host: localhost:8888, Domain: , Secure: false, Timeout: 600s
[18-Nov-2025 19:29:52 Europe/Rome] Session initialized - Host: localhost:8888, Domain: , Secure: false, Timeout: 600s
[18-Nov-2025 19:30:05 Europe/Rome] Session initialized - Host: localhost:8888, Domain: , Secure: false, Timeout: 600s
[18-Nov-2025 19:30:06 Europe/Rome] Session initialized - Host: localhost:8888, Domain: , Secure: false, Timeout: 600s
[18-Nov-2025 19:30:06 Europe/Rome] Session initialized - Host: localhost:8888, Domain: , Secure: false, Timeout: 600s
[18-Nov-2025 19:30:06 Europe/Rome] Session initialized - Host: localhost:8888, Domain: , Secure: false, Timeout: 600s
[18-Nov-2025 19:30:06 Europe/Rome] API CSRF Check - Token received: c685d1fdc3...
[18-Nov-2025 19:30:06 Europe/Rome] API CSRF Check - Session token: c685d1fdc3...
[18-Nov-2025 19:30:06 Europe/Rome] Session initialized - Host: localhost:8888, Domain: , Secure: false, Timeout: 600s
[18-Nov-2025 19:30:06 Europe/Rome] API CSRF Check - Token received: c685d1fdc3...
[18-Nov-2025 19:30:06 Europe/Rome] API CSRF Check - Session token: c685d1fdc3...
[18-Nov-2025 19:30:06 Europe/Rome] Session initialized - Host: localhost:8888, Domain: , Secure: false, Timeout: 600s
[18-Nov-2025 19:30:06 Europe/Rome] List API - User ID: 19, Role: super_admin, Tenant: 1
[18-Nov-2025 19:30:06 Europe/Rome] API CSRF Check - Token received: c685d1fdc3...
[18-Nov-2025 19:30:06 Europe/Rome] API CSRF Check - Session token: c685d1fdc3...
[18-Nov-2025 19:30:06 Europe/Rome] Session initialized - Host: localhost:8888, Domain: , Secure: false, Timeout: 600s
[18-Nov-2025 19:30:06 Europe/Rome] API CSRF Check - Token received: c685d1fdc3...
[18-Nov-2025 19:30:06 Europe/Rome] API CSRF Check - Session token: c685d1fdc3...
[18-Nov-2025 19:30:06 Europe/Rome] Session initialized - Host: localhost:8888, Domain: , Secure: false, Timeout: 600s
[18-Nov-2025 19:30:06 Europe/Rome] Session initialized - Host: localhost:8888, Domain: , Secure: false, Timeout: 600s
[18-Nov-2025 19:30:07 Europe/Rome] Session initialized - Host: localhost:8888, Domain: , Secure: false, Timeout: 600s
[18-Nov-2025 19:30:09 Europe/Rome] Session initialized - Host: localhost:8888, Domain: , Secure: false, Timeout: 600s
[18-Nov-2025 19:30:09 Europe/Rome] Session initialized - Host: localhost:8888, Domain: , Secure: false, Timeout: 600s
[18-Nov-2025 19:30:09 Europe/Rome] [OnlyOffice Config] Detected Windows/WSL environment - using host.docker.internal
[18-Nov-2025 19:30:09 Europe/Rome] [OnlyOffice Config] Host detected: host.docker.internal
[18-Nov-2025 19:30:09 Europe/Rome] [OnlyOffice Config] Download URL: http://host.docker.internal:8888/CollaboraNexio/api/documents/download_for_editor.php
[18-Nov-2025 19:30:09 Europe/Rome] [OnlyOffice Config] Callback URL: http://host.docker.internal:8888/CollaboraNexio/api/documents/save_document.php
[18-Nov-2025 19:30:09 Europe/Rome] Session initialized - Host: localhost:8888, Domain: , Secure: false, Timeout: 600s
[18-Nov-2025 19:30:09 Europe/Rome] API CSRF Check - Token received: c685d1fdc3...
[18-Nov-2025 19:30:09 Europe/Rome] API CSRF Check - Session token: c685d1fdc3...
[18-Nov-2025 19:30:09 Europe/Rome] === TENANT ID DEBUG ===
[18-Nov-2025 19:30:09 Europe/Rome] User session tenant_id: 1
[18-Nov-2025 19:30:09 Europe/Rome] File actual tenant_id: 11
[18-Nov-2025 19:30:09 Europe/Rome] File ID: 109
[18-Nov-2025 19:30:09 Europe/Rome] File name: trtt.docx
[18-Nov-2025 19:30:09 Europe/Rome] ======================
[18-Nov-2025 19:30:09 Europe/Rome] Error cleaning up sessions: Errore durante l'aggiornamento del record
[18-Nov-2025 19:30:09 Europe/Rome] === OnlyOffice Document Opening Debug (FIXED) ===
[18-Nov-2025 19:30:09 Europe/Rome] User session tenant_id: 1
[18-Nov-2025 19:30:09 Europe/Rome] File actual tenant_id: 11
[18-Nov-2025 19:30:09 Europe/Rome] JWT token tenant_id: 11
[18-Nov-2025 19:30:09 Europe/Rome] File ID: 109
[18-Nov-2025 19:30:09 Europe/Rome] File Name: trtt.docx
[18-Nov-2025 19:30:09 Europe/Rome] Document Key: file_109_v1_d41d8cd98f00
[18-Nov-2025 19:30:09 Europe/Rome] Mode: edit
[18-Nov-2025 19:30:09 Europe/Rome] Download URL: http://host.docker.internal:8888/CollaboraNexio/api/documents/download_for_editor.php?file_id=109&token=eyJ0eXAiOiJKV1QiLCJhbGciOiJIUzI1NiJ9.eyJmaWxlX2lkIjoxMDksInVzZXJfaWQiOjE5LCJ0ZW5hbnRfaWQiOjExLCJzZXNzaW9uX3Rva2VuIjoiNmM5OGJiM2UxMmQzYzYyOGRhM2MwMmQwMDc4ZDE5NDQzN2ViY2ZiMDgwZjcwMTBiYWQ2MmZkODM3ZWVmMDY2NSIsInBlcm1pc3Npb25zIjp7ImRvd25sb2FkIjp0cnVlfSwiaWF0IjoxNzYzNDkwNjA5LCJleHAiOjE3NjM0OTQyMDl9.PKtfWHjgXH23AEiz2YfnLoa3LhI3G35j97DLstsFVHM
[18-Nov-2025 19:30:09 Europe/Rome] === End OnlyOffice Debug ===
[18-Nov-2025 19:30:10 Europe/Rome] [OnlyOffice Config] Detected Windows/WSL environment - using host.docker.internal
[18-Nov-2025 19:30:10 Europe/Rome] [OnlyOffice Config] Host detected: host.docker.internal
[18-Nov-2025 19:30:10 Europe/Rome] [OnlyOffice Config] Download URL: http://host.docker.internal:8888/CollaboraNexio/api/documents/download_for_editor.php
[18-Nov-2025 19:30:10 Europe/Rome] [OnlyOffice Config] Callback URL: http://host.docker.internal:8888/CollaboraNexio/api/documents/save_document.php
[18-Nov-2025 19:30:10 Europe/Rome] OnlyOffice Callback Raw Data: {"key":"file_109_v1_d41d8cd98f00","status":1,"users":["19"],"actions":[{"type":1,"userid":"19"}],"token":"eyJhbGciOiJIUzI1NiIsInR5cCI6IkpXVCJ9.eyJrZXkiOiJmaWxlXzEwOV92MV9kNDFkOGNkOThmMDAiLCJzdGF0dXMiOjEsInVzZXJzIjpbIjE5Il0sImFjdGlvbnMiOlt7InR5cGUiOjEsInVzZXJpZCI6IjE5In1dLCJpYXQiOjE3NjM0OTA2MTIsImV4cCI6MTc2MzQ5MDkxMn0.ByXkKpvMY4_POkfd8qCFFERyoybGu6CFG_CbJZZiCGM"}
[18-Nov-2025 19:30:10 Europe/Rome] OnlyOffice Callback - Key: file_109_v1_d41d8cd98f00, Status: 1, Users: 19
[18-Nov-2025 19:30:10 Europe/Rome] Failed to log document audit: Errore durante l'inserimento del record
[18-Nov-2025 19:30:10 Europe/Rome] [OnlyOffice Config] Detected Windows/WSL environment - using host.docker.internal
[18-Nov-2025 19:30:10 Europe/Rome] [OnlyOffice Config] Host detected: host.docker.internal
[18-Nov-2025 19:30:10 Europe/Rome] [OnlyOffice Config] Download URL: http://host.docker.internal:8888/CollaboraNexio/api/documents/download_for_editor.php
[18-Nov-2025 19:30:10 Europe/Rome] [OnlyOffice Config] Callback URL: http://host.docker.internal:8888/CollaboraNexio/api/documents/save_document.php
[18-Nov-2025 19:30:10 Europe/Rome] === OnlyOffice Download Request (FIXED) ===
[18-Nov-2025 19:30:10 Europe/Rome] Request Method: GET
[18-Nov-2025 19:30:10 Europe/Rome] Request URI: /CollaboraNexio/api/documents/download_for_editor.php?file_id=109&token=eyJ0eXAiOiJKV1QiLCJhbGciOiJIUzI1NiJ9.eyJmaWxlX2lkIjoxMDksInVzZXJfaWQiOjE5LCJ0ZW5hbnRfaWQiOjExLCJzZXNzaW9uX3Rva2VuIjoiNmM5OGJiM2UxMmQzYzYyOGRhM2MwMmQwMDc4ZDE5NDQzN2ViY2ZiMDgwZjcwMTBiYWQ2MmZkODM3ZWVmMDY2NSIsInBlcm1pc3Npb25zIjp7ImRvd25sb2FkIjp0cnVlfSwiaWF0IjoxNzYzNDkwNjA5LCJleHAiOjE3NjM0OTQyMDl9.PKtfWHjgXH23AEiz2YfnLoa3LhI3G35j97DLstsFVHM
[18-Nov-2025 19:30:10 Europe/Rome] Remote Address: 127.0.0.1
[18-Nov-2025 19:30:10 Europe/Rome] User Agent: Node.js/6.13
[18-Nov-2025 19:30:10 Europe/Rome] JWT Enabled: TRUE
[18-Nov-2025 19:30:10 Europe/Rome] Header Authorization: Bearer eyJhbGciOiJIUzI1NiIsInR5cCI6IkpXVCJ9.eyJwYX...
[18-Nov-2025 19:30:10 Europe/Rome] File ID: 109
[18-Nov-2025 19:30:10 Europe/Rome] Token source: QUERY_PARAM
[18-Nov-2025 19:30:10 Europe/Rome] Token present: YES
[18-Nov-2025 19:30:10 Europe/Rome] Token length: 337
[18-Nov-2025 19:30:10 Europe/Rome] Token preview: eyJ0eXAiOiJKV1QiLCJhbGciOiJIUzI1NiJ9.eyJmaWxlX2lkI...
[18-Nov-2025 19:30:10 Europe/Rome] JWT payload verified successfully
[18-Nov-2025 19:30:10 Europe/Rome] Payload: {"file_id":109,"user_id":19,"tenant_id":11,"session_token":"6c98bb3e12d3c628da3c02d0078d194437ebcfb080f7010bad62fd837eef0665","permissions":{"download":true},"iat":1763490609,"exp":1763494209}
[18-Nov-2025 19:30:10 Europe/Rome] OnlyOffice downloading file SUCCESS: id=109, name=trtt.docx, size=0, tenant=11
[18-Nov-2025 19:30:10 Europe/Rome] Failed to log download audit: Errore durante l'inserimento del record
[18-Nov-2025 19:30:11 Europe/Rome] [OnlyOffice Config] Detected Windows/WSL environment - using host.docker.internal
[18-Nov-2025 19:30:11 Europe/Rome] [OnlyOffice Config] Host detected: host.docker.internal
[18-Nov-2025 19:30:11 Europe/Rome] [OnlyOffice Config] Download URL: http://host.docker.internal:8888/CollaboraNexio/api/documents/download_for_editor.php
[18-Nov-2025 19:30:11 Europe/Rome] [OnlyOffice Config] Callback URL: http://host.docker.internal:8888/CollaboraNexio/api/documents/save_document.php
[18-Nov-2025 19:30:11 Europe/Rome] Session initialized - Host: localhost:8888, Domain: , Secure: false, Timeout: 600s
[18-Nov-2025 19:30:11 Europe/Rome] API CSRF Check - Token received: c685d1fdc3...
[18-Nov-2025 19:30:11 Europe/Rome] API CSRF Check - Session token: c685d1fdc3...
[18-Nov-2025 19:30:11 Europe/Rome] [OnlyOffice Config] Detected Windows/WSL environment - using host.docker.internal
[18-Nov-2025 19:30:11 Europe/Rome] [OnlyOffice Config] Host detected: host.docker.internal
[18-Nov-2025 19:30:11 Europe/Rome] [OnlyOffice Config] Download URL: http://host.docker.internal:8888/CollaboraNexio/api/documents/download_for_editor.php
[18-Nov-2025 19:30:11 Europe/Rome] [OnlyOffice Config] Callback URL: http://host.docker.internal:8888/CollaboraNexio/api/documents/save_document.php
[18-Nov-2025 19:30:11 Europe/Rome] OnlyOffice Callback Raw Data: {"key":"file_109_v1_d41d8cd98f00","status":4,"actions":[{"type":0,"userid":"19"}],"token":"eyJhbGciOiJIUzI1NiIsInR5cCI6IkpXVCJ9.eyJrZXkiOiJmaWxlXzEwOV92MV9kNDFkOGNkOThmMDAiLCJzdGF0dXMiOjQsImFjdGlvbnMiOlt7InR5cGUiOjAsInVzZXJpZCI6IjE5In1dLCJpYXQiOjE3NjM0OTA2MTMsImV4cCI6MTc2MzQ5MDkxM30.cnARjyzjUutBFOLOzQ8dE3nf7OyxoU_RtfPtW32-x5A"}
[18-Nov-2025 19:30:11 Europe/Rome] OnlyOffice Callback - Key: file_109_v1_d41d8cd98f00, Status: 4, Users: 
[18-Nov-2025 19:30:11 Europe/Rome] Failed to log document audit: Errore durante l'inserimento del record
[18-Nov-2025 19:30:11 Europe/Rome] Session initialized - Host: localhost:8888, Domain: , Secure: false, Timeout: 600s
[18-Nov-2025 19:30:11 Europe/Rome] Session initialized - Host: localhost:8888, Domain: , Secure: false, Timeout: 600s
[18-Nov-2025 19:30:14 Europe/Rome] Session initialized - Host: localhost:8888, Domain: , Secure: false, Timeout: 600s
[18-Nov-2025 19:30:14 Europe/Rome] API CSRF Check - Token received: c685d1fdc3...
[18-Nov-2025 19:30:14 Europe/Rome] API CSRF Check - Session token: c685d1fdc3...
[18-Nov-2025 19:30:17 Europe/Rome] Session initialized - Host: localhost:8888, Domain: , Secure: false, Timeout: 600s
[18-Nov-2025 19:30:25 Europe/Rome] Session initialized - Host: localhost:8888, Domain: , Secure: false, Timeout: 600s
[18-Nov-2025 19:30:25 Europe/Rome] API CSRF Check - Token received: c685d1fdc3...
[18-Nov-2025 19:30:25 Europe/Rome] API CSRF Check - Session token: c685d1fdc3...
[18-Nov-2025 19:30:25 Europe/Rome] [AUDIT LOG FAILURE] Error: Errore durante l'inserimento del record
[18-Nov-2025 19:30:25 Europe/Rome] [AUDIT LOG FAILURE] File: C:\xampp\htdocs\CollaboraNexio\includes\db.php Line: 313
[18-Nov-2025 19:30:25 Europe/Rome] [AUDIT LOG FAILURE] Context: User ID: 19, Tenant ID: 11, Action: submit, Entity Type: document_workflow, Entity ID: 4
[18-Nov-2025 19:30:25 Europe/Rome] [AUDIT LOG FAILURE] Audit data: {"tenant_id":11,"user_id":19,"action":"submit","entity_type":"document_workflow","entity_id":4,"description":"Documento \"trtt.docx\" inviato per validazione","old_values":"{\"workflow_id\":4,\"file_id\":109,\"file_name\":\"trtt.docx\",\"from_state\":\"bozza\",\"to_state\":\"in_validazione\",\"validator_id\":32,\"approver_id\":32,\"notes\":null}","new_values":null,"metadata":null,"ip_address":"::1","user_agent":"Mozilla\/5.0 (Windows NT 10.0; Win64; x64) AppleWebKit\/537.36 (KHTML, like Gecko) Chrome\/142.0.0.0 Safari\/537.36 Edg\/142.0.0.0","session_id":"gjpor78cs9g3gnkpe6oo1jhakf","request_method":"POST","request_url":"\/CollaboraNexio\/api\/documents\/workflow\/submit.php","severity":"info","status":"success","created_at":"2025-11-18 19:30:25"}
[18-Nov-2025 19:30:25 Europe/Rome] [AUDIT LOG FAILURE] ------------------------
[18-Nov-2025 19:30:26 Europe/Rome] [AUDIT LOG FAILURE] Error: Errore durante l'inserimento del record
[18-Nov-2025 19:30:26 Europe/Rome] [AUDIT LOG FAILURE] File: C:\xampp\htdocs\CollaboraNexio\includes\db.php Line: 313
[18-Nov-2025 19:30:26 Europe/Rome] [AUDIT LOG FAILURE] Context: User ID: 19, Tenant ID: 11, Action: email_sent, Entity Type: notification, Entity ID: null
[18-Nov-2025 19:30:26 Europe/Rome] [AUDIT LOG FAILURE] Audit data: {"tenant_id":11,"user_id":19,"action":"email_sent","entity_type":"notification","entity_id":null,"description":"Sent workflow notifications: document_submitted for file 109 to 1 validators","old_values":null,"new_values":null,"metadata":null,"ip_address":"::1","user_agent":"Mozilla\/5.0 (Windows NT 10.0; Win64; x64) AppleWebKit\/537.36 (KHTML, like Gecko) Chrome\/142.0.0.0 Safari\/537.36 Edg\/142.0.0.0","session_id":"gjpor78cs9g3gnkpe6oo1jhakf","request_method":"POST","request_url":"\/CollaboraNexio\/api\/documents\/workflow\/submit.php","severity":"info","status":"success","created_at":"2025-11-18 19:30:26"}
[18-Nov-2025 19:30:26 Europe/Rome] [AUDIT LOG FAILURE] ------------------------
[18-Nov-2025 19:30:26 Europe/Rome] Session initialized - Host: localhost:8888, Domain: , Secure: false, Timeout: 600s
[18-Nov-2025 19:30:26 Europe/Rome] API CSRF Check - Token received: c685d1fdc3...
[18-Nov-2025 19:30:26 Europe/Rome] API CSRF Check - Session token: c685d1fdc3...
[18-Nov-2025 19:30:28 Europe/Rome] Session initialized - Host: localhost:8888, Domain: , Secure: false, Timeout: 600s
[18-Nov-2025 19:30:28 Europe/Rome] Session initialized - Host: localhost:8888, Domain: , Secure: false, Timeout: 600s
[18-Nov-2025 19:30:28 Europe/Rome] Session initialized - Host: localhost:8888, Domain: , Secure: false, Timeout: 600s
[18-Nov-2025 19:49:33 Europe/Rome] Session initialized - Host: localhost:8888, Domain: , Secure: false, Timeout: 600s
[18-Nov-2025 19:49:34 Europe/Rome] Session initialized - Host: localhost:8888, Domain: , Secure: false, Timeout: 600s
[18-Nov-2025 19:49:35 Europe/Rome] Session initialized - Host: localhost:8888, Domain: , Secure: false, Timeout: 600s
[18-Nov-2025 19:49:35 Europe/Rome] Session initialized - Host: localhost:8888, Domain: , Secure: false, Timeout: 600s
[18-Nov-2025 19:49:35 Europe/Rome] Session initialized - Host: localhost:8888, Domain: , Secure: false, Timeout: 600s
[18-Nov-2025 19:49:35 Europe/Rome] Session initialized - Host: localhost:8888, Domain: , Secure: false, Timeout: 600s
[18-Nov-2025 19:49:35 Europe/Rome] Session initialized - Host: localhost:8888, Domain: , Secure: false, Timeout: 600s
[18-Nov-2025 19:49:35 Europe/Rome] Session initialized - Host: localhost:8888, Domain: , Secure: false, Timeout: 600s
[18-Nov-2025 19:49:35 Europe/Rome] Session initialized - Host: localhost:8888, Domain: , Secure: false, Timeout: 600s
[18-Nov-2025 19:49:37 Europe/Rome] Session initialized - Host: localhost:8888, Domain: , Secure: false, Timeout: 600s
[18-Nov-2025 19:49:37 Europe/Rome] Session initialized - Host: localhost:8888, Domain: , Secure: false, Timeout: 600s
[18-Nov-2025 19:49:37 Europe/Rome] Session initialized - Host: localhost:8888, Domain: , Secure: false, Timeout: 600s
[18-Nov-2025 19:50:21 Europe/Rome] Session initialized - Host: localhost:8888, Domain: , Secure: false, Timeout: 600s
[18-Nov-2025 19:50:21 Europe/Rome] Session initialized - Host: localhost:8888, Domain: , Secure: false, Timeout: 600s
[18-Nov-2025 19:50:21 Europe/Rome] Session initialized - Host: localhost:8888, Domain: , Secure: false, Timeout: 600s
[18-Nov-2025 19:50:21 Europe/Rome] Session initialized - Host: localhost:8888, Domain: , Secure: false, Timeout: 600s
[18-Nov-2025 19:50:21 Europe/Rome] Session initialized - Host: localhost:8888, Domain: , Secure: false, Timeout: 600s
[18-Nov-2025 19:50:21 Europe/Rome] Session initialized - Host: localhost:8888, Domain: , Secure: false, Timeout: 600s
[18-Nov-2025 19:50:21 Europe/Rome] Session initialized - Host: localhost:8888, Domain: , Secure: false, Timeout: 600s
[18-Nov-2025 19:50:27 Europe/Rome] Session initialized - Host: localhost:8888, Domain: , Secure: false, Timeout: 600s
[18-Nov-2025 19:50:27 Europe/Rome] Session initialized - Host: localhost:8888, Domain: , Secure: false, Timeout: 600s
[18-Nov-2025 19:50:27 Europe/Rome] Session initialized - Host: localhost:8888, Domain: , Secure: false, Timeout: 600s
[18-Nov-2025 19:50:27 Europe/Rome] Session initialized - Host: localhost:8888, Domain: , Secure: false, Timeout: 600s
[18-Nov-2025 19:50:27 Europe/Rome] API CSRF Check - Token received: 4995fa5725...
[18-Nov-2025 19:50:27 Europe/Rome] API CSRF Check - Session token: 4995fa5725...
[18-Nov-2025 19:50:27 Europe/Rome] Session initialized - Host: localhost:8888, Domain: , Secure: false, Timeout: 600s
[18-Nov-2025 19:50:27 Europe/Rome] API CSRF Check - Token received: 4995fa5725...
[18-Nov-2025 19:50:27 Europe/Rome] API CSRF Check - Session token: 4995fa5725...
[18-Nov-2025 19:50:27 Europe/Rome] Session initialized - Host: localhost:8888, Domain: , Secure: false, Timeout: 600s
[18-Nov-2025 19:50:27 Europe/Rome] List API - User ID: 19, Role: super_admin, Tenant: 1
[18-Nov-2025 19:50:27 Europe/Rome] API CSRF Check - Token received: 4995fa5725...
[18-Nov-2025 19:50:27 Europe/Rome] API CSRF Check - Session token: 4995fa5725...
[18-Nov-2025 19:50:27 Europe/Rome] Session initialized - Host: localhost:8888, Domain: , Secure: false, Timeout: 600s
[18-Nov-2025 19:50:27 Europe/Rome] API CSRF Check - Token received: 4995fa5725...
[18-Nov-2025 19:50:27 Europe/Rome] API CSRF Check - Session token: 4995fa5725...
[18-Nov-2025 19:50:57 Europe/Rome] Session initialized - Host: localhost:8888, Domain: , Secure: false, Timeout: 600s
[18-Nov-2025 19:50:57 Europe/Rome] Session initialized - Host: localhost:8888, Domain: , Secure: false, Timeout: 600s
[18-Nov-2025 19:50:57 Europe/Rome] API CSRF Check - Token received: 4995fa5725...
[18-Nov-2025 19:50:57 Europe/Rome] API CSRF Check - Session token: 4995fa5725...
[18-Nov-2025 19:51:27 Europe/Rome] Session initialized - Host: localhost:8888, Domain: , Secure: false, Timeout: 600s
[18-Nov-2025 19:51:27 Europe/Rome] Session initialized - Host: localhost:8888, Domain: , Secure: false, Timeout: 600s
[18-Nov-2025 19:51:27 Europe/Rome] API CSRF Check - Token received: 4995fa5725...
[18-Nov-2025 19:51:27 Europe/Rome] API CSRF Check - Session token: 4995fa5725...
[18-Nov-2025 19:51:57 Europe/Rome] Session initialized - Host: localhost:8888, Domain: , Secure: false, Timeout: 600s
[18-Nov-2025 19:51:57 Europe/Rome] Session initialized - Host: localhost:8888, Domain: , Secure: false, Timeout: 600s
[18-Nov-2025 19:51:57 Europe/Rome] API CSRF Check - Token received: 4995fa5725...
[18-Nov-2025 19:51:57 Europe/Rome] API CSRF Check - Session token: 4995fa5725...
[18-Nov-2025 19:52:27 Europe/Rome] Session initialized - Host: localhost:8888, Domain: , Secure: false, Timeout: 600s
[18-Nov-2025 19:52:27 Europe/Rome] Session initialized - Host: localhost:8888, Domain: , Secure: false, Timeout: 600s
[18-Nov-2025 19:52:27 Europe/Rome] API CSRF Check - Token received: 4995fa5725...
[18-Nov-2025 19:52:27 Europe/Rome] API CSRF Check - Session token: 4995fa5725...
[18-Nov-2025 19:52:57 Europe/Rome] Session initialized - Host: localhost:8888, Domain: , Secure: false, Timeout: 600s
[18-Nov-2025 19:52:57 Europe/Rome] Session initialized - Host: localhost:8888, Domain: , Secure: false, Timeout: 600s
[18-Nov-2025 19:52:57 Europe/Rome] API CSRF Check - Token received: 4995fa5725...
[18-Nov-2025 19:52:57 Europe/Rome] API CSRF Check - Session token: 4995fa5725...
[18-Nov-2025 19:53:27 Europe/Rome] Session initialized - Host: localhost:8888, Domain: , Secure: false, Timeout: 600s
[18-Nov-2025 19:53:27 Europe/Rome] Session initialized - Host: localhost:8888, Domain: , Secure: false, Timeout: 600s
[18-Nov-2025 19:53:27 Europe/Rome] API CSRF Check - Token received: 4995fa5725...
[18-Nov-2025 19:53:27 Europe/Rome] API CSRF Check - Session token: 4995fa5725...
[18-Nov-2025 19:54:23 Europe/Rome] Session initialized - Host: localhost:8888, Domain: , Secure: false, Timeout: 600s
[18-Nov-2025 19:54:23 Europe/Rome] Session initialized - Host: localhost:8888, Domain: , Secure: false, Timeout: 600s
[18-Nov-2025 19:54:23 Europe/Rome] API CSRF Check - Token received: 4995fa5725...
[18-Nov-2025 19:54:23 Europe/Rome] API CSRF Check - Session token: 4995fa5725...
[18-Nov-2025 19:55:23 Europe/Rome] Session initialized - Host: localhost:8888, Domain: , Secure: false, Timeout: 600s
[18-Nov-2025 19:55:23 Europe/Rome] Session initialized - Host: localhost:8888, Domain: , Secure: false, Timeout: 600s
[18-Nov-2025 19:55:23 Europe/Rome] API CSRF Check - Token received: 4995fa5725...
[18-Nov-2025 19:55:23 Europe/Rome] API CSRF Check - Session token: 4995fa5725...
[18-Nov-2025 19:56:23 Europe/Rome] Session initialized - Host: localhost:8888, Domain: , Secure: false, Timeout: 600s
[18-Nov-2025 19:56:23 Europe/Rome] Session initialized - Host: localhost:8888, Domain: , Secure: false, Timeout: 600s
[18-Nov-2025 19:56:23 Europe/Rome] Session initialized - Host: localhost:8888, Domain: , Secure: false, Timeout: 600s
[18-Nov-2025 19:56:23 Europe/Rome] Session initialized - Host: localhost:8888, Domain: , Secure: false, Timeout: 600s
[18-Nov-2025 19:56:23 Europe/Rome] API CSRF Check - Token received: 4995fa5725...
[18-Nov-2025 19:56:23 Europe/Rome] API CSRF Check - Session token: 4995fa5725...
[18-Nov-2025 19:56:23 Europe/Rome] Session initialized - Host: localhost:8888, Domain: , Secure: false, Timeout: 600s
[18-Nov-2025 19:56:23 Europe/Rome] Session initialized - Host: localhost:8888, Domain: , Secure: false, Timeout: 600s
[18-Nov-2025 19:56:23 Europe/Rome] Session initialized - Host: localhost:8888, Domain: , Secure: false, Timeout: 600s
[18-Nov-2025 19:56:23 Europe/Rome] Session initialized - Host: localhost:8888, Domain: , Secure: false, Timeout: 600s
[18-Nov-2025 19:56:23 Europe/Rome] Session initialized - Host: localhost:8888, Domain: , Secure: false, Timeout: 600s
[18-Nov-2025 19:56:23 Europe/Rome] Session initialized - Host: localhost:8888, Domain: , Secure: false, Timeout: 600s
[18-Nov-2025 19:57:24 Europe/Rome] Session initialized - Host: localhost:8888, Domain: , Secure: false, Timeout: 600s
[18-Nov-2025 19:57:24 Europe/Rome] Session initialized - Host: localhost:8888, Domain: , Secure: false, Timeout: 600s
[18-Nov-2025 19:57:24 Europe/Rome] Session initialized - Host: localhost:8888, Domain: , Secure: false, Timeout: 600s
[18-Nov-2025 19:57:24 Europe/Rome] Session initialized - Host: localhost:8888, Domain: , Secure: false, Timeout: 600s
[18-Nov-2025 19:57:24 Europe/Rome] Session initialized - Host: localhost:8888, Domain: , Secure: false, Timeout: 600s
[18-Nov-2025 19:57:24 Europe/Rome] Session initialized - Host: localhost:8888, Domain: , Secure: false, Timeout: 600s
[18-Nov-2025 19:58:24 Europe/Rome] Session initialized - Host: localhost:8888, Domain: , Secure: false, Timeout: 600s
[18-Nov-2025 19:58:24 Europe/Rome] Session initialized - Host: localhost:8888, Domain: , Secure: false, Timeout: 600s
[18-Nov-2025 19:58:24 Europe/Rome] Session initialized - Host: localhost:8888, Domain: , Secure: false, Timeout: 600s
[18-Nov-2025 19:58:24 Europe/Rome] Session initialized - Host: localhost:8888, Domain: , Secure: false, Timeout: 600s
[18-Nov-2025 19:58:24 Europe/Rome] Session initialized - Host: localhost:8888, Domain: , Secure: false, Timeout: 600s
[18-Nov-2025 19:58:24 Europe/Rome] Session initialized - Host: localhost:8888, Domain: , Secure: false, Timeout: 600s
[18-Nov-2025 19:59:24 Europe/Rome] Session initialized - Host: localhost:8888, Domain: , Secure: false, Timeout: 600s
[18-Nov-2025 19:59:24 Europe/Rome] Session initialized - Host: localhost:8888, Domain: , Secure: false, Timeout: 600s
[18-Nov-2025 19:59:24 Europe/Rome] Session initialized - Host: localhost:8888, Domain: , Secure: false, Timeout: 600s
[18-Nov-2025 19:59:24 Europe/Rome] Session initialized - Host: localhost:8888, Domain: , Secure: false, Timeout: 600s
[18-Nov-2025 19:59:24 Europe/Rome] Session initialized - Host: localhost:8888, Domain: , Secure: false, Timeout: 600s
[18-Nov-2025 19:59:24 Europe/Rome] Session initialized - Host: localhost:8888, Domain: , Secure: false, Timeout: 600s
[18-Nov-2025 20:00:24 Europe/Rome] Session initialized - Host: localhost:8888, Domain: , Secure: false, Timeout: 600s
[18-Nov-2025 20:00:24 Europe/Rome] Session initialized - Host: localhost:8888, Domain: , Secure: false, Timeout: 600s
[18-Nov-2025 20:00:24 Europe/Rome] Session initialized - Host: localhost:8888, Domain: , Secure: false, Timeout: 600s
[18-Nov-2025 20:00:24 Europe/Rome] Session initialized - Host: localhost:8888, Domain: , Secure: false, Timeout: 600s
[18-Nov-2025 20:00:24 Europe/Rome] Session initialized - Host: localhost:8888, Domain: , Secure: false, Timeout: 600s
[18-Nov-2025 20:00:24 Europe/Rome] Session initialized - Host: localhost:8888, Domain: , Secure: false, Timeout: 600s
[18-Nov-2025 20:01:24 Europe/Rome] Session initialized - Host: localhost:8888, Domain: , Secure: false, Timeout: 600s
[18-Nov-2025 20:01:24 Europe/Rome] Session initialized - Host: localhost:8888, Domain: , Secure: false, Timeout: 600s
[18-Nov-2025 20:01:24 Europe/Rome] Session initialized - Host: localhost:8888, Domain: , Secure: false, Timeout: 600s
[18-Nov-2025 20:01:24 Europe/Rome] Session initialized - Host: localhost:8888, Domain: , Secure: false, Timeout: 600s
[18-Nov-2025 20:01:24 Europe/Rome] Session initialized - Host: localhost:8888, Domain: , Secure: false, Timeout: 600s
[18-Nov-2025 20:01:24 Europe/Rome] Session initialized - Host: localhost:8888, Domain: , Secure: false, Timeout: 600s
[18-Nov-2025 20:02:24 Europe/Rome] Session initialized - Host: localhost:8888, Domain: , Secure: false, Timeout: 600s
[18-Nov-2025 20:02:24 Europe/Rome] Session initialized - Host: localhost:8888, Domain: , Secure: false, Timeout: 600s
[18-Nov-2025 20:02:24 Europe/Rome] Session initialized - Host: localhost:8888, Domain: , Secure: false, Timeout: 600s
[18-Nov-2025 20:02:24 Europe/Rome] Session initialized - Host: localhost:8888, Domain: , Secure: false, Timeout: 600s
[18-Nov-2025 20:02:24 Europe/Rome] Session initialized - Host: localhost:8888, Domain: , Secure: false, Timeout: 600s
[18-Nov-2025 20:02:24 Europe/Rome] Session initialized - Host: localhost:8888, Domain: , Secure: false, Timeout: 600s
[18-Nov-2025 20:04:23 Europe/Rome] Session initialized - Host: localhost:8888, Domain: , Secure: false, Timeout: 600s
[18-Nov-2025 20:04:23 Europe/Rome] Session initialized - Host: localhost:8888, Domain: , Secure: false, Timeout: 600s
[18-Nov-2025 20:04:23 Europe/Rome] Session initialized - Host: localhost:8888, Domain: , Secure: false, Timeout: 600s
[18-Nov-2025 20:04:23 Europe/Rome] Session initialized - Host: localhost:8888, Domain: , Secure: false, Timeout: 600s
[18-Nov-2025 20:04:23 Europe/Rome] Session initialized - Host: localhost:8888, Domain: , Secure: false, Timeout: 600s
[18-Nov-2025 20:04:23 Europe/Rome] Session initialized - Host: localhost:8888, Domain: , Secure: false, Timeout: 600s
[18-Nov-2025 20:06:23 Europe/Rome] Session initialized - Host: localhost:8888, Domain: , Secure: false, Timeout: 600s
[18-Nov-2025 20:06:23 Europe/Rome] Session initialized - Host: localhost:8888, Domain: , Secure: false, Timeout: 600s
[18-Nov-2025 20:06:23 Europe/Rome] Session initialized - Host: localhost:8888, Domain: , Secure: false, Timeout: 600s
[18-Nov-2025 20:06:23 Europe/Rome] Session initialized - Host: localhost:8888, Domain: , Secure: false, Timeout: 600s
[18-Nov-2025 20:06:23 Europe/Rome] Session initialized - Host: localhost:8888, Domain: , Secure: false, Timeout: 600s
[18-Nov-2025 20:06:23 Europe/Rome] Session initialized - Host: localhost:8888, Domain: , Secure: false, Timeout: 600s
[18-Nov-2025 20:08:23 Europe/Rome] Session initialized - Host: localhost:8888, Domain: , Secure: false, Timeout: 600s
[18-Nov-2025 20:08:23 Europe/Rome] Session initialized - Host: localhost:8888, Domain: , Secure: false, Timeout: 600s
[18-Nov-2025 20:08:23 Europe/Rome] Session initialized - Host: localhost:8888, Domain: , Secure: false, Timeout: 600s
[18-Nov-2025 20:08:23 Europe/Rome] Session initialized - Host: localhost:8888, Domain: , Secure: false, Timeout: 600s
[18-Nov-2025 20:08:23 Europe/Rome] Session initialized - Host: localhost:8888, Domain: , Secure: false, Timeout: 600s
[18-Nov-2025 20:08:23 Europe/Rome] Session initialized - Host: localhost:8888, Domain: , Secure: false, Timeout: 600s
[18-Nov-2025 20:10:23 Europe/Rome] Session initialized - Host: localhost:8888, Domain: , Secure: false, Timeout: 600s
[18-Nov-2025 20:10:23 Europe/Rome] Session initialized - Host: localhost:8888, Domain: , Secure: false, Timeout: 600s
[18-Nov-2025 20:10:23 Europe/Rome] Session initialized - Host: localhost:8888, Domain: , Secure: false, Timeout: 600s
[18-Nov-2025 20:10:23 Europe/Rome] Session initialized - Host: localhost:8888, Domain: , Secure: false, Timeout: 600s
[18-Nov-2025 20:10:23 Europe/Rome] Session initialized - Host: localhost:8888, Domain: , Secure: false, Timeout: 600s
[18-Nov-2025 20:10:23 Europe/Rome] Session initialized - Host: localhost:8888, Domain: , Secure: false, Timeout: 600s
[18-Nov-2025 20:12:23 Europe/Rome] Session initialized - Host: localhost:8888, Domain: , Secure: false, Timeout: 600s
[18-Nov-2025 20:12:23 Europe/Rome] Session initialized - Host: localhost:8888, Domain: , Secure: false, Timeout: 600s
[18-Nov-2025 20:12:23 Europe/Rome] Session initialized - Host: localhost:8888, Domain: , Secure: false, Timeout: 600s
[18-Nov-2025 20:12:23 Europe/Rome] Session initialized - Host: localhost:8888, Domain: , Secure: false, Timeout: 600s
[18-Nov-2025 20:12:23 Europe/Rome] Session initialized - Host: localhost:8888, Domain: , Secure: false, Timeout: 600s
[18-Nov-2025 20:12:23 Europe/Rome] Session initialized - Host: localhost:8888, Domain: , Secure: false, Timeout: 600s
[18-Nov-2025 20:14:23 Europe/Rome] Session initialized - Host: localhost:8888, Domain: , Secure: false, Timeout: 600s
[18-Nov-2025 20:14:23 Europe/Rome] Session initialized - Host: localhost:8888, Domain: , Secure: false, Timeout: 600s
[18-Nov-2025 20:14:23 Europe/Rome] Session initialized - Host: localhost:8888, Domain: , Secure: false, Timeout: 600s
[18-Nov-2025 20:14:23 Europe/Rome] Session initialized - Host: localhost:8888, Domain: , Secure: false, Timeout: 600s
[18-Nov-2025 20:14:23 Europe/Rome] Session initialized - Host: localhost:8888, Domain: , Secure: false, Timeout: 600s
[18-Nov-2025 20:14:23 Europe/Rome] Session initialized - Host: localhost:8888, Domain: , Secure: false, Timeout: 600s
[18-Nov-2025 20:16:23 Europe/Rome] Session initialized - Host: localhost:8888, Domain: , Secure: false, Timeout: 600s
[18-Nov-2025 20:16:23 Europe/Rome] Session initialized - Host: localhost:8888, Domain: , Secure: false, Timeout: 600s
[18-Nov-2025 20:16:23 Europe/Rome] Session initialized - Host: localhost:8888, Domain: , Secure: false, Timeout: 600s
[18-Nov-2025 20:16:23 Europe/Rome] Session initialized - Host: localhost:8888, Domain: , Secure: false, Timeout: 600s
[18-Nov-2025 20:16:23 Europe/Rome] Session initialized - Host: localhost:8888, Domain: , Secure: false, Timeout: 600s
[18-Nov-2025 20:16:23 Europe/Rome] Session initialized - Host: localhost:8888, Domain: , Secure: false, Timeout: 600s
[18-Nov-2025 20:18:23 Europe/Rome] Session initialized - Host: localhost:8888, Domain: , Secure: false, Timeout: 600s
[18-Nov-2025 20:18:23 Europe/Rome] Session initialized - Host: localhost:8888, Domain: , Secure: false, Timeout: 600s
[18-Nov-2025 20:18:23 Europe/Rome] Session initialized - Host: localhost:8888, Domain: , Secure: false, Timeout: 600s
[18-Nov-2025 20:18:23 Europe/Rome] Session initialized - Host: localhost:8888, Domain: , Secure: false, Timeout: 600s
[18-Nov-2025 20:18:23 Europe/Rome] Session initialized - Host: localhost:8888, Domain: , Secure: false, Timeout: 600s
[18-Nov-2025 20:18:23 Europe/Rome] Session initialized - Host: localhost:8888, Domain: , Secure: false, Timeout: 600s
[18-Nov-2025 20:20:23 Europe/Rome] Session initialized - Host: localhost:8888, Domain: , Secure: false, Timeout: 600s
[18-Nov-2025 20:20:23 Europe/Rome] Session initialized - Host: localhost:8888, Domain: , Secure: false, Timeout: 600s
[18-Nov-2025 20:20:23 Europe/Rome] Session initialized - Host: localhost:8888, Domain: , Secure: false, Timeout: 600s
[18-Nov-2025 20:20:23 Europe/Rome] Session initialized - Host: localhost:8888, Domain: , Secure: false, Timeout: 600s
[18-Nov-2025 20:20:23 Europe/Rome] Session initialized - Host: localhost:8888, Domain: , Secure: false, Timeout: 600s
[18-Nov-2025 20:20:23 Europe/Rome] Session initialized - Host: localhost:8888, Domain: , Secure: false, Timeout: 600s
[18-Nov-2025 20:22:23 Europe/Rome] Session initialized - Host: localhost:8888, Domain: , Secure: false, Timeout: 600s
[18-Nov-2025 20:22:23 Europe/Rome] Session initialized - Host: localhost:8888, Domain: , Secure: false, Timeout: 600s
[18-Nov-2025 20:22:23 Europe/Rome] Session initialized - Host: localhost:8888, Domain: , Secure: false, Timeout: 600s
[18-Nov-2025 20:22:23 Europe/Rome] Session initialized - Host: localhost:8888, Domain: , Secure: false, Timeout: 600s
[18-Nov-2025 20:22:23 Europe/Rome] Session initialized - Host: localhost:8888, Domain: , Secure: false, Timeout: 600s
[18-Nov-2025 20:22:23 Europe/Rome] Session initialized - Host: localhost:8888, Domain: , Secure: false, Timeout: 600s
[18-Nov-2025 20:24:23 Europe/Rome] Session initialized - Host: localhost:8888, Domain: , Secure: false, Timeout: 600s
[18-Nov-2025 20:24:23 Europe/Rome] Session initialized - Host: localhost:8888, Domain: , Secure: false, Timeout: 600s
[18-Nov-2025 20:24:23 Europe/Rome] Session initialized - Host: localhost:8888, Domain: , Secure: false, Timeout: 600s
[18-Nov-2025 20:24:23 Europe/Rome] Session initialized - Host: localhost:8888, Domain: , Secure: false, Timeout: 600s
[18-Nov-2025 20:24:23 Europe/Rome] Session initialized - Host: localhost:8888, Domain: , Secure: false, Timeout: 600s
[18-Nov-2025 20:24:23 Europe/Rome] Session initialized - Host: localhost:8888, Domain: , Secure: false, Timeout: 600s
[18-Nov-2025 20:26:23 Europe/Rome] Session initialized - Host: localhost:8888, Domain: , Secure: false, Timeout: 600s
[18-Nov-2025 20:26:23 Europe/Rome] Session initialized - Host: localhost:8888, Domain: , Secure: false, Timeout: 600s
[18-Nov-2025 20:26:23 Europe/Rome] Session initialized - Host: localhost:8888, Domain: , Secure: false, Timeout: 600s
[18-Nov-2025 20:26:23 Europe/Rome] Session initialized - Host: localhost:8888, Domain: , Secure: false, Timeout: 600s
[18-Nov-2025 20:26:23 Europe/Rome] Session initialized - Host: localhost:8888, Domain: , Secure: false, Timeout: 600s
[18-Nov-2025 20:26:23 Europe/Rome] Session initialized - Host: localhost:8888, Domain: , Secure: false, Timeout: 600s
[18-Nov-2025 20:28:23 Europe/Rome] Session initialized - Host: localhost:8888, Domain: , Secure: false, Timeout: 600s
[18-Nov-2025 20:28:23 Europe/Rome] Session initialized - Host: localhost:8888, Domain: , Secure: false, Timeout: 600s
[18-Nov-2025 20:28:23 Europe/Rome] Session initialized - Host: localhost:8888, Domain: , Secure: false, Timeout: 600s
[18-Nov-2025 20:28:23 Europe/Rome] Session initialized - Host: localhost:8888, Domain: , Secure: false, Timeout: 600s
[18-Nov-2025 20:28:23 Europe/Rome] Session initialized - Host: localhost:8888, Domain: , Secure: false, Timeout: 600s
[18-Nov-2025 20:28:23 Europe/Rome] Session initialized - Host: localhost:8888, Domain: , Secure: false, Timeout: 600s
[18-Nov-2025 20:30:23 Europe/Rome] Session initialized - Host: localhost:8888, Domain: , Secure: false, Timeout: 600s
[18-Nov-2025 20:30:23 Europe/Rome] Session initialized - Host: localhost:8888, Domain: , Secure: false, Timeout: 600s
[18-Nov-2025 20:30:23 Europe/Rome] Session initialized - Host: localhost:8888, Domain: , Secure: false, Timeout: 600s
[18-Nov-2025 20:30:23 Europe/Rome] Session initialized - Host: localhost:8888, Domain: , Secure: false, Timeout: 600s
[18-Nov-2025 20:30:23 Europe/Rome] Session initialized - Host: localhost:8888, Domain: , Secure: false, Timeout: 600s
[18-Nov-2025 20:30:23 Europe/Rome] Session initialized - Host: localhost:8888, Domain: , Secure: false, Timeout: 600s
[18-Nov-2025 20:32:23 Europe/Rome] Session initialized - Host: localhost:8888, Domain: , Secure: false, Timeout: 600s
[18-Nov-2025 20:32:23 Europe/Rome] Session initialized - Host: localhost:8888, Domain: , Secure: false, Timeout: 600s
[18-Nov-2025 20:32:23 Europe/Rome] Session initialized - Host: localhost:8888, Domain: , Secure: false, Timeout: 600s
[18-Nov-2025 20:32:23 Europe/Rome] Session initialized - Host: localhost:8888, Domain: , Secure: false, Timeout: 600s
[18-Nov-2025 20:32:23 Europe/Rome] Session initialized - Host: localhost:8888, Domain: , Secure: false, Timeout: 600s
[18-Nov-2025 20:32:23 Europe/Rome] Session initialized - Host: localhost:8888, Domain: , Secure: false, Timeout: 600s
[18-Nov-2025 20:34:23 Europe/Rome] Session initialized - Host: localhost:8888, Domain: , Secure: false, Timeout: 600s
[18-Nov-2025 20:34:23 Europe/Rome] Session initialized - Host: localhost:8888, Domain: , Secure: false, Timeout: 600s
[18-Nov-2025 20:34:23 Europe/Rome] Session initialized - Host: localhost:8888, Domain: , Secure: false, Timeout: 600s
[18-Nov-2025 20:34:23 Europe/Rome] Session initialized - Host: localhost:8888, Domain: , Secure: false, Timeout: 600s
[18-Nov-2025 20:34:23 Europe/Rome] Session initialized - Host: localhost:8888, Domain: , Secure: false, Timeout: 600s
[18-Nov-2025 20:34:23 Europe/Rome] Session initialized - Host: localhost:8888, Domain: , Secure: false, Timeout: 600s
[18-Nov-2025 20:36:23 Europe/Rome] Session initialized - Host: localhost:8888, Domain: , Secure: false, Timeout: 600s
[18-Nov-2025 20:36:23 Europe/Rome] Session initialized - Host: localhost:8888, Domain: , Secure: false, Timeout: 600s
[18-Nov-2025 20:36:23 Europe/Rome] Session initialized - Host: localhost:8888, Domain: , Secure: false, Timeout: 600s
[18-Nov-2025 20:36:23 Europe/Rome] Session initialized - Host: localhost:8888, Domain: , Secure: false, Timeout: 600s
[18-Nov-2025 20:36:23 Europe/Rome] Session initialized - Host: localhost:8888, Domain: , Secure: false, Timeout: 600s
[18-Nov-2025 20:36:23 Europe/Rome] Session initialized - Host: localhost:8888, Domain: , Secure: false, Timeout: 600s
[18-Nov-2025 20:38:23 Europe/Rome] Session initialized - Host: localhost:8888, Domain: , Secure: false, Timeout: 600s
[18-Nov-2025 20:38:23 Europe/Rome] Session initialized - Host: localhost:8888, Domain: , Secure: false, Timeout: 600s
[18-Nov-2025 20:38:23 Europe/Rome] Session initialized - Host: localhost:8888, Domain: , Secure: false, Timeout: 600s
[18-Nov-2025 20:38:23 Europe/Rome] Session initialized - Host: localhost:8888, Domain: , Secure: false, Timeout: 600s
[18-Nov-2025 20:38:23 Europe/Rome] Session initialized - Host: localhost:8888, Domain: , Secure: false, Timeout: 600s
[18-Nov-2025 20:38:23 Europe/Rome] Session initialized - Host: localhost:8888, Domain: , Secure: false, Timeout: 600s
[18-Nov-2025 20:40:23 Europe/Rome] Session initialized - Host: localhost:8888, Domain: , Secure: false, Timeout: 600s
[18-Nov-2025 20:40:23 Europe/Rome] Session initialized - Host: localhost:8888, Domain: , Secure: false, Timeout: 600s
[18-Nov-2025 20:40:23 Europe/Rome] Session initialized - Host: localhost:8888, Domain: , Secure: false, Timeout: 600s
[18-Nov-2025 20:40:23 Europe/Rome] Session initialized - Host: localhost:8888, Domain: , Secure: false, Timeout: 600s
[18-Nov-2025 20:40:23 Europe/Rome] Session initialized - Host: localhost:8888, Domain: , Secure: false, Timeout: 600s
[18-Nov-2025 20:40:23 Europe/Rome] Session initialized - Host: localhost:8888, Domain: , Secure: false, Timeout: 600s
[18-Nov-2025 20:42:23 Europe/Rome] Session initialized - Host: localhost:8888, Domain: , Secure: false, Timeout: 600s
[18-Nov-2025 20:42:23 Europe/Rome] Session initialized - Host: localhost:8888, Domain: , Secure: false, Timeout: 600s
[18-Nov-2025 20:42:23 Europe/Rome] Session initialized - Host: localhost:8888, Domain: , Secure: false, Timeout: 600s
[18-Nov-2025 20:42:23 Europe/Rome] Session initialized - Host: localhost:8888, Domain: , Secure: false, Timeout: 600s
[18-Nov-2025 20:42:23 Europe/Rome] Session initialized - Host: localhost:8888, Domain: , Secure: false, Timeout: 600s
[18-Nov-2025 20:42:23 Europe/Rome] Session initialized - Host: localhost:8888, Domain: , Secure: false, Timeout: 600s
[18-Nov-2025 20:44:23 Europe/Rome] Session initialized - Host: localhost:8888, Domain: , Secure: false, Timeout: 600s
[18-Nov-2025 20:44:23 Europe/Rome] Session initialized - Host: localhost:8888, Domain: , Secure: false, Timeout: 600s
[18-Nov-2025 20:44:23 Europe/Rome] Session initialized - Host: localhost:8888, Domain: , Secure: false, Timeout: 600s
[18-Nov-2025 20:44:23 Europe/Rome] Session initialized - Host: localhost:8888, Domain: , Secure: false, Timeout: 600s
[18-Nov-2025 20:44:23 Europe/Rome] Session initialized - Host: localhost:8888, Domain: , Secure: false, Timeout: 600s
[18-Nov-2025 20:44:23 Europe/Rome] Session initialized - Host: localhost:8888, Domain: , Secure: false, Timeout: 600s
[18-Nov-2025 20:46:23 Europe/Rome] Session initialized - Host: localhost:8888, Domain: , Secure: false, Timeout: 600s
[18-Nov-2025 20:46:23 Europe/Rome] Session initialized - Host: localhost:8888, Domain: , Secure: false, Timeout: 600s
[18-Nov-2025 20:46:23 Europe/Rome] Session initialized - Host: localhost:8888, Domain: , Secure: false, Timeout: 600s
[18-Nov-2025 20:46:23 Europe/Rome] Session initialized - Host: localhost:8888, Domain: , Secure: false, Timeout: 600s
[18-Nov-2025 20:46:23 Europe/Rome] Session initialized - Host: localhost:8888, Domain: , Secure: false, Timeout: 600s
[18-Nov-2025 20:46:23 Europe/Rome] Session initialized - Host: localhost:8888, Domain: , Secure: false, Timeout: 600s
[18-Nov-2025 20:48:23 Europe/Rome] Session initialized - Host: localhost:8888, Domain: , Secure: false, Timeout: 600s
[18-Nov-2025 20:48:23 Europe/Rome] Session initialized - Host: localhost:8888, Domain: , Secure: false, Timeout: 600s
[18-Nov-2025 20:48:23 Europe/Rome] Session initialized - Host: localhost:8888, Domain: , Secure: false, Timeout: 600s
[18-Nov-2025 20:48:23 Europe/Rome] Session initialized - Host: localhost:8888, Domain: , Secure: false, Timeout: 600s
[18-Nov-2025 20:48:23 Europe/Rome] Session initialized - Host: localhost:8888, Domain: , Secure: false, Timeout: 600s
[18-Nov-2025 20:48:23 Europe/Rome] Session initialized - Host: localhost:8888, Domain: , Secure: false, Timeout: 600s
[18-Nov-2025 20:50:23 Europe/Rome] Session initialized - Host: localhost:8888, Domain: , Secure: false, Timeout: 600s
[18-Nov-2025 20:50:23 Europe/Rome] Session initialized - Host: localhost:8888, Domain: , Secure: false, Timeout: 600s
[18-Nov-2025 20:50:23 Europe/Rome] Session initialized - Host: localhost:8888, Domain: , Secure: false, Timeout: 600s
[18-Nov-2025 20:50:23 Europe/Rome] Session initialized - Host: localhost:8888, Domain: , Secure: false, Timeout: 600s
[18-Nov-2025 20:50:23 Europe/Rome] Session initialized - Host: localhost:8888, Domain: , Secure: false, Timeout: 600s
[18-Nov-2025 20:50:23 Europe/Rome] Session initialized - Host: localhost:8888, Domain: , Secure: false, Timeout: 600s
[19-Nov-2025 08:24:40 Europe/Rome] Session initialized - Host: localhost:8888, Domain: , Secure: false, Timeout: 600s
[19-Nov-2025 08:24:41 Europe/Rome] Session initialized - Host: localhost:8888, Domain: , Secure: false, Timeout: 600s
[19-Nov-2025 08:24:41 Europe/Rome] Session initialized - Host: localhost:8888, Domain: , Secure: false, Timeout: 600s
[19-Nov-2025 08:24:41 Europe/Rome] Session initialized - Host: localhost:8888, Domain: , Secure: false, Timeout: 600s
[19-Nov-2025 08:24:41 Europe/Rome] Session initialized - Host: localhost:8888, Domain: , Secure: false, Timeout: 600s
[19-Nov-2025 08:24:41 Europe/Rome] Session initialized - Host: localhost:8888, Domain: , Secure: false, Timeout: 600s
[19-Nov-2025 08:24:42 Europe/Rome] Session initialized - Host: localhost:8888, Domain: , Secure: false, Timeout: 600s
[19-Nov-2025 08:24:42 Europe/Rome] Session initialized - Host: localhost:8888, Domain: , Secure: false, Timeout: 600s
[19-Nov-2025 08:24:43 Europe/Rome] Session initialized - Host: localhost:8888, Domain: , Secure: false, Timeout: 600s
[19-Nov-2025 08:24:45 Europe/Rome] Session initialized - Host: localhost:8888, Domain: , Secure: false, Timeout: 600s
[19-Nov-2025 08:24:45 Europe/Rome] Session initialized - Host: localhost:8888, Domain: , Secure: false, Timeout: 600s
[19-Nov-2025 08:24:45 Europe/Rome] Session initialized - Host: localhost:8888, Domain: , Secure: false, Timeout: 600s
[19-Nov-2025 08:24:45 Europe/Rome] Session initialized - Host: localhost:8888, Domain: , Secure: false, Timeout: 600s
[19-Nov-2025 08:24:45 Europe/Rome] Session initialized - Host: localhost:8888, Domain: , Secure: false, Timeout: 600s
[19-Nov-2025 08:24:45 Europe/Rome] Session initialized - Host: localhost:8888, Domain: , Secure: false, Timeout: 600s
[19-Nov-2025 08:24:45 Europe/Rome] Session initialized - Host: localhost:8888, Domain: , Secure: false, Timeout: 600s
[19-Nov-2025 08:24:46 Europe/Rome] Session initialized - Host: localhost:8888, Domain: , Secure: false, Timeout: 600s
[19-Nov-2025 08:24:46 Europe/Rome] Session initialized - Host: localhost:8888, Domain: , Secure: false, Timeout: 600s
[19-Nov-2025 08:24:46 Europe/Rome] Session initialized - Host: localhost:8888, Domain: , Secure: false, Timeout: 600s
[19-Nov-2025 08:36:14 Europe/Rome] Session initialized - Host: localhost:8888, Domain: , Secure: false, Timeout: 600s
[19-Nov-2025 08:36:15 Europe/Rome] Session initialized - Host: localhost:8888, Domain: , Secure: false, Timeout: 600s
[19-Nov-2025 08:36:16 Europe/Rome] Session initialized - Host: localhost:8888, Domain: , Secure: false, Timeout: 600s
[19-Nov-2025 08:36:16 Europe/Rome] Session initialized - Host: localhost:8888, Domain: , Secure: false, Timeout: 600s
[19-Nov-2025 08:36:16 Europe/Rome] Session initialized - Host: localhost:8888, Domain: , Secure: false, Timeout: 600s
[19-Nov-2025 08:36:16 Europe/Rome] Session initialized - Host: localhost:8888, Domain: , Secure: false, Timeout: 600s
[19-Nov-2025 08:36:16 Europe/Rome] Session initialized - Host: localhost:8888, Domain: , Secure: false, Timeout: 600s
[19-Nov-2025 08:36:16 Europe/Rome] Session initialized - Host: localhost:8888, Domain: , Secure: false, Timeout: 600s
[19-Nov-2025 08:36:16 Europe/Rome] Session initialized - Host: localhost:8888, Domain: , Secure: false, Timeout: 600s
[19-Nov-2025 08:36:17 Europe/Rome] Session initialized - Host: localhost:8888, Domain: , Secure: false, Timeout: 600s
[19-Nov-2025 08:36:18 Europe/Rome] Session initialized - Host: localhost:8888, Domain: , Secure: false, Timeout: 600s
[19-Nov-2025 08:36:18 Europe/Rome] Session initialized - Host: localhost:8888, Domain: , Secure: false, Timeout: 600s
[19-Nov-2025 08:36:36 Europe/Rome] Session initialized - Host: localhost:8888, Domain: , Secure: false, Timeout: 600s
[19-Nov-2025 08:36:36 Europe/Rome] Session initialized - Host: localhost:8888, Domain: , Secure: false, Timeout: 600s
[19-Nov-2025 08:36:36 Europe/Rome] List API - User ID: 19, Role: super_admin, Tenant: 1
[19-Nov-2025 08:36:36 Europe/Rome] API CSRF Check - Token received: 7e28524549...
[19-Nov-2025 08:36:36 Europe/Rome] API CSRF Check - Session token: 7e28524549...
[19-Nov-2025 08:36:36 Europe/Rome] Session initialized - Host: localhost:8888, Domain: , Secure: false, Timeout: 600s
[19-Nov-2025 08:36:36 Europe/Rome] Session initialized - Host: localhost:8888, Domain: , Secure: false, Timeout: 600s
[19-Nov-2025 08:36:38 Europe/Rome] Session initialized - Host: localhost:8888, Domain: , Secure: false, Timeout: 600s
[19-Nov-2025 08:36:38 Europe/Rome] Session initialized - Host: localhost:8888, Domain: , Secure: false, Timeout: 600s
[19-Nov-2025 08:36:38 Europe/Rome] Session initialized - Host: localhost:8888, Domain: , Secure: false, Timeout: 600s
[19-Nov-2025 08:36:38 Europe/Rome] PHP Warning:  Trying to access array offset on value of type bool in C:\xampp\htdocs\CollaboraNexio\api\tickets\stats.php on line 88
[19-Nov-2025 08:36:38 Europe/Rome] Session initialized - Host: localhost:8888, Domain: , Secure: false, Timeout: 600s
[19-Nov-2025 08:36:40 Europe/Rome] Session initialized - Host: localhost:8888, Domain: , Secure: false, Timeout: 600s
[19-Nov-2025 08:36:40 Europe/Rome] Session initialized - Host: localhost:8888, Domain: , Secure: false, Timeout: 600s
[19-Nov-2025 08:36:41 Europe/Rome] Session initialized - Host: localhost:8888, Domain: , Secure: false, Timeout: 600s
[19-Nov-2025 08:36:41 Europe/Rome] Session initialized - Host: localhost:8888, Domain: , Secure: false, Timeout: 600s
[19-Nov-2025 08:36:42 Europe/Rome] Session initialized - Host: localhost:8888, Domain: , Secure: false, Timeout: 600s
[19-Nov-2025 08:36:42 Europe/Rome] Session initialized - Host: localhost:8888, Domain: , Secure: false, Timeout: 600s
[19-Nov-2025 08:36:42 Europe/Rome] List API - User ID: 19, Role: super_admin, Tenant: 1
[19-Nov-2025 08:36:42 Europe/Rome] API CSRF Check - Token received: 7e28524549...
[19-Nov-2025 08:36:42 Europe/Rome] API CSRF Check - Session token: 7e28524549...
[19-Nov-2025 08:36:42 Europe/Rome] Session initialized - Host: localhost:8888, Domain: , Secure: false, Timeout: 600s
[19-Nov-2025 08:36:43 Europe/Rome] Session initialized - Host: localhost:8888, Domain: , Secure: false, Timeout: 600s
[19-Nov-2025 08:36:44 Europe/Rome] Session initialized - Host: localhost:8888, Domain: , Secure: false, Timeout: 600s
[19-Nov-2025 08:36:44 Europe/Rome] Session initialized - Host: localhost:8888, Domain: , Secure: false, Timeout: 600s
[19-Nov-2025 08:40:25 Europe/Rome] Session initialized - Host: localhost:8888, Domain: , Secure: false, Timeout: 600s
[19-Nov-2025 08:40:25 Europe/Rome] Session initialized - Host: localhost:8888, Domain: , Secure: false, Timeout: 600s
[19-Nov-2025 08:40:25 Europe/Rome] List API - User ID: 19, Role: super_admin, Tenant: 1
[19-Nov-2025 08:40:25 Europe/Rome] API CSRF Check - Token received: 7e28524549...
[19-Nov-2025 08:40:25 Europe/Rome] API CSRF Check - Session token: 7e28524549...
[19-Nov-2025 08:40:25 Europe/Rome] Session initialized - Host: localhost:8888, Domain: , Secure: false, Timeout: 600s
[19-Nov-2025 08:40:25 Europe/Rome] API CSRF Check - Token received: 7e28524549...
[19-Nov-2025 08:40:25 Europe/Rome] API CSRF Check - Session token: 7e28524549...
[19-Nov-2025 08:54:49 Europe/Rome] Session initialized - Host: localhost, Domain: , Secure: false, Timeout: 600s
[19-Nov-2025 08:54:49 Europe/Rome] [RBAC] Loading users for super_admin (all users)
[19-Nov-2025 08:54:49 Europe/Rome] [RBAC] Found 1 available users for invitation (role: super_admin)
[19-Nov-2025 08:54:49 Europe/Rome] [RBAC] Loading users for user (same company users/managers)
[19-Nov-2025 08:54:49 Europe/Rome] [RBAC] Found 0 available users for invitation (role: user)
[19-Nov-2025 08:54:49 Europe/Rome] [RBAC] User 19 (super_admin) CAN invite user 32
[19-Nov-2025 08:54:49 Europe/Rome] [RBAC] Target user 999999 not found
[19-Nov-2025 08:54:49 Europe/Rome] [RBAC] Cannot invite - no user_id in session
[19-Nov-2025 08:59:13 Europe/Rome] Session initialized - Host: localhost, Domain: , Secure: false, Timeout: 600s
[19-Nov-2025 08:59:45 Europe/Rome] Session initialized - Host: localhost, Domain: , Secure: false, Timeout: 600s
[19-Nov-2025 08:59:58 Europe/Rome] PHP Fatal error:  Uncaught PDOException: SQLSTATE[42S22]: Column not found: 1054 Unknown column 'category' in 'field list' in Command line code:12
Stack trace:
#0 Command line code(12): PDO->prepare('\n        INSERT...')
#1 {main}
  thrown in Command line code on line 12
[19-Nov-2025 09:00:30 Europe/Rome] Session initialized - Host: localhost, Domain: , Secure: false, Timeout: 600s
[19-Nov-2025 09:18:19 Europe/Rome] Session initialized - Host: localhost:8888, Domain: , Secure: false, Timeout: 600s
[19-Nov-2025 09:18:20 Europe/Rome] Session initialized - Host: localhost:8888, Domain: , Secure: false, Timeout: 600s
[19-Nov-2025 09:18:21 Europe/Rome] Session initialized - Host: localhost:8888, Domain: , Secure: false, Timeout: 600s
[19-Nov-2025 09:18:21 Europe/Rome] Session initialized - Host: localhost:8888, Domain: , Secure: false, Timeout: 600s
[19-Nov-2025 09:18:21 Europe/Rome] Session initialized - Host: localhost:8888, Domain: , Secure: false, Timeout: 600s
[19-Nov-2025 09:18:21 Europe/Rome] Session initialized - Host: localhost:8888, Domain: , Secure: false, Timeout: 600s
[19-Nov-2025 09:18:21 Europe/Rome] Session initialized - Host: localhost:8888, Domain: , Secure: false, Timeout: 600s
[19-Nov-2025 09:18:21 Europe/Rome] Session initialized - Host: localhost:8888, Domain: , Secure: false, Timeout: 600s
[19-Nov-2025 09:18:21 Europe/Rome] Session initialized - Host: localhost:8888, Domain: , Secure: false, Timeout: 600s
[19-Nov-2025 09:18:22 Europe/Rome] Session initialized - Host: localhost:8888, Domain: , Secure: false, Timeout: 600s
[19-Nov-2025 09:18:22 Europe/Rome] Session initialized - Host: localhost:8888, Domain: , Secure: false, Timeout: 600s
[19-Nov-2025 09:18:22 Europe/Rome] Session initialized - Host: localhost:8888, Domain: , Secure: false, Timeout: 600s
[19-Nov-2025 09:18:27 Europe/Rome] Session initialized - Host: localhost:8888, Domain: , Secure: false, Timeout: 600s
[19-Nov-2025 09:47:33 Europe/Rome] Session initialized - Host: localhost:8888, Domain: , Secure: false, Timeout: 600s
[19-Nov-2025 09:47:34 Europe/Rome] Session initialized - Host: localhost:8888, Domain: , Secure: false, Timeout: 600s
[19-Nov-2025 09:47:36 Europe/Rome] Session initialized - Host: localhost:8888, Domain: , Secure: false, Timeout: 600s
[19-Nov-2025 09:47:36 Europe/Rome] Session initialized - Host: localhost:8888, Domain: , Secure: false, Timeout: 600s
[19-Nov-2025 09:47:36 Europe/Rome] Session initialized - Host: localhost:8888, Domain: , Secure: false, Timeout: 600s
[19-Nov-2025 09:47:36 Europe/Rome] Session initialized - Host: localhost:8888, Domain: , Secure: false, Timeout: 600s
[19-Nov-2025 09:47:36 Europe/Rome] Session initialized - Host: localhost:8888, Domain: , Secure: false, Timeout: 600s
[19-Nov-2025 09:47:36 Europe/Rome] Session initialized - Host: localhost:8888, Domain: , Secure: false, Timeout: 600s
[19-Nov-2025 09:47:36 Europe/Rome] Session initialized - Host: localhost:8888, Domain: , Secure: false, Timeout: 600s
[19-Nov-2025 09:47:37 Europe/Rome] Session initialized - Host: localhost:8888, Domain: , Secure: false, Timeout: 600s
[19-Nov-2025 09:47:37 Europe/Rome] Session initialized - Host: localhost:8888, Domain: , Secure: false, Timeout: 600s
[19-Nov-2025 09:47:37 Europe/Rome] Session initialized - Host: localhost:8888, Domain: , Secure: false, Timeout: 600s
[19-Nov-2025 09:47:39 Europe/Rome] Session initialized - Host: localhost:8888, Domain: , Secure: false, Timeout: 600s
[19-Nov-2025 09:47:41 Europe/Rome] Session initialized - Host: localhost:8888, Domain: , Secure: false, Timeout: 600s
[19-Nov-2025 09:47:42 Europe/Rome] Session initialized - Host: localhost:8888, Domain: , Secure: false, Timeout: 600s
[19-Nov-2025 11:05:24 Europe/Rome] Session initialized - Host: localhost:8888, Domain: , Secure: false, Timeout: 600s
[19-Nov-2025 11:05:25 Europe/Rome] Session initialized - Host: localhost:8888, Domain: , Secure: false, Timeout: 600s
[19-Nov-2025 11:05:26 Europe/Rome] Session initialized - Host: localhost:8888, Domain: , Secure: false, Timeout: 600s
[19-Nov-2025 11:05:26 Europe/Rome] Session initialized - Host: localhost:8888, Domain: , Secure: false, Timeout: 600s
[19-Nov-2025 11:05:26 Europe/Rome] Session initialized - Host: localhost:8888, Domain: , Secure: false, Timeout: 600s
[19-Nov-2025 11:05:26 Europe/Rome] Session initialized - Host: localhost:8888, Domain: , Secure: false, Timeout: 600s
[19-Nov-2025 11:05:26 Europe/Rome] Session initialized - Host: localhost:8888, Domain: , Secure: false, Timeout: 600s
[19-Nov-2025 11:05:26 Europe/Rome] Session initialized - Host: localhost:8888, Domain: , Secure: false, Timeout: 600s
[19-Nov-2025 11:05:26 Europe/Rome] Session initialized - Host: localhost:8888, Domain: , Secure: false, Timeout: 600s
[19-Nov-2025 11:05:27 Europe/Rome] Session initialized - Host: localhost:8888, Domain: , Secure: false, Timeout: 600s
[19-Nov-2025 11:05:28 Europe/Rome] Session initialized - Host: localhost:8888, Domain: , Secure: false, Timeout: 600s
[19-Nov-2025 11:05:28 Europe/Rome] Session initialized - Host: localhost:8888, Domain: , Secure: false, Timeout: 600s
[19-Nov-2025 11:05:30 Europe/Rome] Session initialized - Host: localhost:8888, Domain: , Secure: false, Timeout: 600s
[19-Nov-2025 12:00:55 Europe/Rome] Session initialized - Host: localhost:8888, Domain: , Secure: false, Timeout: 600s
[19-Nov-2025 12:00:56 Europe/Rome] Session initialized - Host: localhost:8888, Domain: , Secure: false, Timeout: 600s
[19-Nov-2025 12:00:57 Europe/Rome] Session initialized - Host: localhost:8888, Domain: , Secure: false, Timeout: 600s
[19-Nov-2025 12:00:57 Europe/Rome] Session initialized - Host: localhost:8888, Domain: , Secure: false, Timeout: 600s
[19-Nov-2025 12:00:57 Europe/Rome] Session initialized - Host: localhost:8888, Domain: , Secure: false, Timeout: 600s
[19-Nov-2025 12:00:57 Europe/Rome] Session initialized - Host: localhost:8888, Domain: , Secure: false, Timeout: 600s
[19-Nov-2025 12:00:57 Europe/Rome] Session initialized - Host: localhost:8888, Domain: , Secure: false, Timeout: 600s
[19-Nov-2025 12:00:57 Europe/Rome] Session initialized - Host: localhost:8888, Domain: , Secure: false, Timeout: 600s
[19-Nov-2025 12:00:57 Europe/Rome] Session initialized - Host: localhost:8888, Domain: , Secure: false, Timeout: 600s
[19-Nov-2025 12:00:59 Europe/Rome] Session initialized - Host: localhost:8888, Domain: , Secure: false, Timeout: 600s
[19-Nov-2025 12:00:59 Europe/Rome] Session initialized - Host: localhost:8888, Domain: , Secure: false, Timeout: 600s
[19-Nov-2025 12:00:59 Europe/Rome] Session initialized - Host: localhost:8888, Domain: , Secure: false, Timeout: 600s
[19-Nov-2025 12:01:01 Europe/Rome] Session initialized - Host: localhost:8888, Domain: , Secure: false, Timeout: 600s
[19-Nov-2025 12:01:06 Europe/Rome] Session initialized - Host: localhost:8888, Domain: , Secure: false, Timeout: 600s
[19-Nov-2025 12:01:10 Europe/Rome] Session initialized - Host: localhost:8888, Domain: , Secure: false, Timeout: 600s
[19-Nov-2025 12:01:58 Europe/Rome] Session initialized - Host: localhost:8888, Domain: , Secure: false, Timeout: 600s
[19-Nov-2025 12:02:59 Europe/Rome] Session initialized - Host: localhost:8888, Domain: , Secure: false, Timeout: 600s
[19-Nov-2025 12:03:00 Europe/Rome] Session initialized - Host: localhost:8888, Domain: , Secure: false, Timeout: 600s
[19-Nov-2025 12:03:00 Europe/Rome] Session initialized - Host: localhost:8888, Domain: , Secure: false, Timeout: 600s
[19-Nov-2025 12:03:00 Europe/Rome] Session initialized - Host: localhost:8888, Domain: , Secure: false, Timeout: 600s
[19-Nov-2025 12:03:00 Europe/Rome] Session initialized - Host: localhost:8888, Domain: , Secure: false, Timeout: 600s
[19-Nov-2025 12:03:00 Europe/Rome] Session initialized - Host: localhost:8888, Domain: , Secure: false, Timeout: 600s
[19-Nov-2025 12:03:00 Europe/Rome] Session initialized - Host: localhost:8888, Domain: , Secure: false, Timeout: 600s
[19-Nov-2025 12:04:00 Europe/Rome] Session initialized - Host: localhost:8888, Domain: , Secure: false, Timeout: 600s
[19-Nov-2025 12:04:00 Europe/Rome] Session initialized - Host: localhost:8888, Domain: , Secure: false, Timeout: 600s
[19-Nov-2025 12:04:00 Europe/Rome] Session initialized - Host: localhost:8888, Domain: , Secure: false, Timeout: 600s
[19-Nov-2025 12:04:00 Europe/Rome] Session initialized - Host: localhost:8888, Domain: , Secure: false, Timeout: 600s
[19-Nov-2025 12:04:00 Europe/Rome] Session initialized - Host: localhost:8888, Domain: , Secure: false, Timeout: 600s
[19-Nov-2025 12:04:00 Europe/Rome] Session initialized - Host: localhost:8888, Domain: , Secure: false, Timeout: 600s
[19-Nov-2025 12:05:00 Europe/Rome] Session initialized - Host: localhost:8888, Domain: , Secure: false, Timeout: 600s
[19-Nov-2025 12:05:00 Europe/Rome] Session initialized - Host: localhost:8888, Domain: , Secure: false, Timeout: 600s
[19-Nov-2025 12:05:00 Europe/Rome] Session initialized - Host: localhost:8888, Domain: , Secure: false, Timeout: 600s
[19-Nov-2025 12:05:00 Europe/Rome] Session initialized - Host: localhost:8888, Domain: , Secure: false, Timeout: 600s
[19-Nov-2025 12:05:00 Europe/Rome] Session initialized - Host: localhost:8888, Domain: , Secure: false, Timeout: 600s
[19-Nov-2025 12:05:00 Europe/Rome] Session initialized - Host: localhost:8888, Domain: , Secure: false, Timeout: 600s
[19-Nov-2025 12:06:00 Europe/Rome] Session initialized - Host: localhost:8888, Domain: , Secure: false, Timeout: 600s
[19-Nov-2025 12:06:00 Europe/Rome] Session initialized - Host: localhost:8888, Domain: , Secure: false, Timeout: 600s
[19-Nov-2025 12:06:00 Europe/Rome] Session initialized - Host: localhost:8888, Domain: , Secure: false, Timeout: 600s
[19-Nov-2025 12:06:00 Europe/Rome] Session initialized - Host: localhost:8888, Domain: , Secure: false, Timeout: 600s
[19-Nov-2025 12:06:00 Europe/Rome] Session initialized - Host: localhost:8888, Domain: , Secure: false, Timeout: 600s
[19-Nov-2025 12:06:00 Europe/Rome] Session initialized - Host: localhost:8888, Domain: , Secure: false, Timeout: 600s
[19-Nov-2025 12:07:00 Europe/Rome] Session initialized - Host: localhost:8888, Domain: , Secure: false, Timeout: 600s
[19-Nov-2025 12:07:00 Europe/Rome] Session initialized - Host: localhost:8888, Domain: , Secure: false, Timeout: 600s
[19-Nov-2025 12:07:00 Europe/Rome] Session initialized - Host: localhost:8888, Domain: , Secure: false, Timeout: 600s
[19-Nov-2025 12:07:00 Europe/Rome] Session initialized - Host: localhost:8888, Domain: , Secure: false, Timeout: 600s
[19-Nov-2025 12:07:00 Europe/Rome] Session initialized - Host: localhost:8888, Domain: , Secure: false, Timeout: 600s
[19-Nov-2025 12:07:01 Europe/Rome] Session initialized - Host: localhost:8888, Domain: , Secure: false, Timeout: 600s
[19-Nov-2025 12:08:00 Europe/Rome] Session initialized - Host: localhost:8888, Domain: , Secure: false, Timeout: 600s
[19-Nov-2025 12:08:00 Europe/Rome] Session initialized - Host: localhost:8888, Domain: , Secure: false, Timeout: 600s
[19-Nov-2025 12:08:00 Europe/Rome] Session initialized - Host: localhost:8888, Domain: , Secure: false, Timeout: 600s
[19-Nov-2025 12:08:00 Europe/Rome] Session initialized - Host: localhost:8888, Domain: , Secure: false, Timeout: 600s
[19-Nov-2025 12:08:00 Europe/Rome] Session initialized - Host: localhost:8888, Domain: , Secure: false, Timeout: 600s
[19-Nov-2025 12:08:00 Europe/Rome] Session initialized - Host: localhost:8888, Domain: , Secure: false, Timeout: 600s
[19-Nov-2025 12:09:00 Europe/Rome] Session initialized - Host: localhost:8888, Domain: , Secure: false, Timeout: 600s
[19-Nov-2025 12:09:00 Europe/Rome] Session initialized - Host: localhost:8888, Domain: , Secure: false, Timeout: 600s
[19-Nov-2025 12:09:00 Europe/Rome] Session initialized - Host: localhost:8888, Domain: , Secure: false, Timeout: 600s
[19-Nov-2025 12:09:00 Europe/Rome] Session initialized - Host: localhost:8888, Domain: , Secure: false, Timeout: 600s
[19-Nov-2025 12:09:00 Europe/Rome] Session initialized - Host: localhost:8888, Domain: , Secure: false, Timeout: 600s
[19-Nov-2025 12:09:00 Europe/Rome] Session initialized - Host: localhost:8888, Domain: , Secure: false, Timeout: 600s
[19-Nov-2025 12:10:29 Europe/Rome] Session initialized - Host: localhost:8888, Domain: , Secure: false, Timeout: 600s
[19-Nov-2025 12:10:29 Europe/Rome] Session initialized - Host: localhost:8888, Domain: , Secure: false, Timeout: 600s
[19-Nov-2025 12:10:29 Europe/Rome] Session initialized - Host: localhost:8888, Domain: , Secure: false, Timeout: 600s
[19-Nov-2025 12:10:29 Europe/Rome] Session initialized - Host: localhost:8888, Domain: , Secure: false, Timeout: 600s
[19-Nov-2025 12:10:29 Europe/Rome] Session initialized - Host: localhost:8888, Domain: , Secure: false, Timeout: 600s
[19-Nov-2025 12:10:29 Europe/Rome] Session initialized - Host: localhost:8888, Domain: , Secure: false, Timeout: 600s
[19-Nov-2025 12:11:29 Europe/Rome] Session initialized - Host: localhost:8888, Domain: , Secure: false, Timeout: 600s
[19-Nov-2025 12:11:29 Europe/Rome] Session initialized - Host: localhost:8888, Domain: , Secure: false, Timeout: 600s
[19-Nov-2025 12:11:29 Europe/Rome] Session initialized - Host: localhost:8888, Domain: , Secure: false, Timeout: 600s
[19-Nov-2025 12:11:29 Europe/Rome] Session initialized - Host: localhost:8888, Domain: , Secure: false, Timeout: 600s
[19-Nov-2025 12:11:29 Europe/Rome] Session initialized - Host: localhost:8888, Domain: , Secure: false, Timeout: 600s
[19-Nov-2025 12:11:30 Europe/Rome] Session initialized - Host: localhost:8888, Domain: , Secure: false, Timeout: 600s
[19-Nov-2025 12:12:29 Europe/Rome] Session initialized - Host: localhost:8888, Domain: , Secure: false, Timeout: 600s
[19-Nov-2025 12:12:29 Europe/Rome] Session initialized - Host: localhost:8888, Domain: , Secure: false, Timeout: 600s
[19-Nov-2025 12:12:29 Europe/Rome] Session initialized - Host: localhost:8888, Domain: , Secure: false, Timeout: 600s
[19-Nov-2025 12:12:29 Europe/Rome] Session initialized - Host: localhost:8888, Domain: , Secure: false, Timeout: 600s
[19-Nov-2025 12:12:29 Europe/Rome] Session initialized - Host: localhost:8888, Domain: , Secure: false, Timeout: 600s
[19-Nov-2025 12:12:29 Europe/Rome] Session initialized - Host: localhost:8888, Domain: , Secure: false, Timeout: 600s
[19-Nov-2025 12:13:29 Europe/Rome] Session initialized - Host: localhost:8888, Domain: , Secure: false, Timeout: 600s
[19-Nov-2025 12:13:29 Europe/Rome] Session initialized - Host: localhost:8888, Domain: , Secure: false, Timeout: 600s
[19-Nov-2025 12:13:29 Europe/Rome] Session initialized - Host: localhost:8888, Domain: , Secure: false, Timeout: 600s
[19-Nov-2025 12:13:29 Europe/Rome] Session initialized - Host: localhost:8888, Domain: , Secure: false, Timeout: 600s
[19-Nov-2025 12:13:29 Europe/Rome] Session initialized - Host: localhost:8888, Domain: , Secure: false, Timeout: 600s
[19-Nov-2025 12:13:29 Europe/Rome] Session initialized - Host: localhost:8888, Domain: , Secure: false, Timeout: 600s
[19-Nov-2025 12:14:29 Europe/Rome] Session initialized - Host: localhost:8888, Domain: , Secure: false, Timeout: 600s
[19-Nov-2025 12:14:29 Europe/Rome] Session initialized - Host: localhost:8888, Domain: , Secure: false, Timeout: 600s
[19-Nov-2025 12:14:29 Europe/Rome] Session initialized - Host: localhost:8888, Domain: , Secure: false, Timeout: 600s
[19-Nov-2025 12:14:29 Europe/Rome] Session initialized - Host: localhost:8888, Domain: , Secure: false, Timeout: 600s
[19-Nov-2025 12:14:30 Europe/Rome] Session initialized - Host: localhost:8888, Domain: , Secure: false, Timeout: 600s
[19-Nov-2025 12:14:30 Europe/Rome] Session initialized - Host: localhost:8888, Domain: , Secure: false, Timeout: 600s
[19-Nov-2025 12:15:29 Europe/Rome] Session initialized - Host: localhost:8888, Domain: , Secure: false, Timeout: 600s
[19-Nov-2025 12:15:29 Europe/Rome] Session initialized - Host: localhost:8888, Domain: , Secure: false, Timeout: 600s
[19-Nov-2025 12:15:29 Europe/Rome] Session initialized - Host: localhost:8888, Domain: , Secure: false, Timeout: 600s
[19-Nov-2025 12:15:29 Europe/Rome] Session initialized - Host: localhost:8888, Domain: , Secure: false, Timeout: 600s
[19-Nov-2025 12:15:30 Europe/Rome] Session initialized - Host: localhost:8888, Domain: , Secure: false, Timeout: 600s
[19-Nov-2025 12:15:30 Europe/Rome] Session initialized - Host: localhost:8888, Domain: , Secure: false, Timeout: 600s
[19-Nov-2025 12:15:31 Europe/Rome] PHP Fatal error:  Uncaught Error: Class "Database" not found in C:\xampp\htdocs\CollaboraNexio\verify_bug113_quick.php:12
Stack trace:
#0 {main}
  thrown in C:\xampp\htdocs\CollaboraNexio\verify_bug113_quick.php on line 12
[19-Nov-2025 12:16:29 Europe/Rome] Session initialized - Host: localhost:8888, Domain: , Secure: false, Timeout: 600s
[19-Nov-2025 12:16:29 Europe/Rome] Session initialized - Host: localhost:8888, Domain: , Secure: false, Timeout: 600s
[19-Nov-2025 12:16:29 Europe/Rome] Session initialized - Host: localhost:8888, Domain: , Secure: false, Timeout: 600s
[19-Nov-2025 12:16:29 Europe/Rome] Session initialized - Host: localhost:8888, Domain: , Secure: false, Timeout: 600s
[19-Nov-2025 12:16:29 Europe/Rome] Session initialized - Host: localhost:8888, Domain: , Secure: false, Timeout: 600s
[19-Nov-2025 12:16:29 Europe/Rome] Session initialized - Host: localhost:8888, Domain: , Secure: false, Timeout: 600s
[19-Nov-2025 12:17:29 Europe/Rome] Session initialized - Host: localhost:8888, Domain: , Secure: false, Timeout: 600s
[19-Nov-2025 12:17:29 Europe/Rome] Session initialized - Host: localhost:8888, Domain: , Secure: false, Timeout: 600s
[19-Nov-2025 12:17:29 Europe/Rome] Session initialized - Host: localhost:8888, Domain: , Secure: false, Timeout: 600s
[19-Nov-2025 12:17:29 Europe/Rome] Session initialized - Host: localhost:8888, Domain: , Secure: false, Timeout: 600s
[19-Nov-2025 12:17:29 Europe/Rome] Session initialized - Host: localhost:8888, Domain: , Secure: false, Timeout: 600s
[19-Nov-2025 12:17:30 Europe/Rome] Session initialized - Host: localhost:8888, Domain: , Secure: false, Timeout: 600s
[19-Nov-2025 12:18:29 Europe/Rome] Session initialized - Host: localhost:8888, Domain: , Secure: false, Timeout: 600s
[19-Nov-2025 12:18:29 Europe/Rome] Session initialized - Host: localhost:8888, Domain: , Secure: false, Timeout: 600s
[19-Nov-2025 12:18:29 Europe/Rome] Session initialized - Host: localhost:8888, Domain: , Secure: false, Timeout: 600s
[19-Nov-2025 12:18:29 Europe/Rome] Session initialized - Host: localhost:8888, Domain: , Secure: false, Timeout: 600s
[19-Nov-2025 12:18:30 Europe/Rome] Session initialized - Host: localhost:8888, Domain: , Secure: false, Timeout: 600s
[19-Nov-2025 12:18:30 Europe/Rome] Session initialized - Host: localhost:8888, Domain: , Secure: false, Timeout: 600s
[19-Nov-2025 12:19:29 Europe/Rome] Session initialized - Host: localhost:8888, Domain: , Secure: false, Timeout: 600s
[19-Nov-2025 12:19:29 Europe/Rome] Session initialized - Host: localhost:8888, Domain: , Secure: false, Timeout: 600s
[19-Nov-2025 12:19:29 Europe/Rome] Session initialized - Host: localhost:8888, Domain: , Secure: false, Timeout: 600s
[19-Nov-2025 12:19:29 Europe/Rome] Session initialized - Host: localhost:8888, Domain: , Secure: false, Timeout: 600s
[19-Nov-2025 12:19:29 Europe/Rome] Session initialized - Host: localhost:8888, Domain: , Secure: false, Timeout: 600s
[19-Nov-2025 12:19:29 Europe/Rome] Session initialized - Host: localhost:8888, Domain: , Secure: false, Timeout: 600s
[19-Nov-2025 12:20:29 Europe/Rome] Session initialized - Host: localhost:8888, Domain: , Secure: false, Timeout: 600s
[19-Nov-2025 12:20:29 Europe/Rome] Session initialized - Host: localhost:8888, Domain: , Secure: false, Timeout: 600s
[19-Nov-2025 12:20:29 Europe/Rome] Session initialized - Host: localhost:8888, Domain: , Secure: false, Timeout: 600s
[19-Nov-2025 12:20:30 Europe/Rome] Session initialized - Host: localhost:8888, Domain: , Secure: false, Timeout: 600s
[19-Nov-2025 12:20:30 Europe/Rome] Session initialized - Host: localhost:8888, Domain: , Secure: false, Timeout: 600s
[19-Nov-2025 12:20:30 Europe/Rome] Session initialized - Host: localhost:8888, Domain: , Secure: false, Timeout: 600s
[19-Nov-2025 12:21:29 Europe/Rome] Session initialized - Host: localhost:8888, Domain: , Secure: false, Timeout: 600s
[19-Nov-2025 12:21:29 Europe/Rome] Session initialized - Host: localhost:8888, Domain: , Secure: false, Timeout: 600s
[19-Nov-2025 12:21:29 Europe/Rome] Session initialized - Host: localhost:8888, Domain: , Secure: false, Timeout: 600s
[19-Nov-2025 12:21:29 Europe/Rome] Session initialized - Host: localhost:8888, Domain: , Secure: false, Timeout: 600s
[19-Nov-2025 12:21:29 Europe/Rome] Session initialized - Host: localhost:8888, Domain: , Secure: false, Timeout: 600s
[19-Nov-2025 12:21:29 Europe/Rome] Session initialized - Host: localhost:8888, Domain: , Secure: false, Timeout: 600s
[19-Nov-2025 12:22:29 Europe/Rome] Session initialized - Host: localhost:8888, Domain: , Secure: false, Timeout: 600s
[19-Nov-2025 12:22:29 Europe/Rome] Session initialized - Host: localhost:8888, Domain: , Secure: false, Timeout: 600s
[19-Nov-2025 12:22:29 Europe/Rome] Session initialized - Host: localhost:8888, Domain: , Secure: false, Timeout: 600s
[19-Nov-2025 12:22:29 Europe/Rome] Session initialized - Host: localhost:8888, Domain: , Secure: false, Timeout: 600s
[19-Nov-2025 12:22:29 Europe/Rome] Session initialized - Host: localhost:8888, Domain: , Secure: false, Timeout: 600s
[19-Nov-2025 12:22:29 Europe/Rome] Session initialized - Host: localhost:8888, Domain: , Secure: false, Timeout: 600s
[19-Nov-2025 12:23:29 Europe/Rome] Session initialized - Host: localhost:8888, Domain: , Secure: false, Timeout: 600s
[19-Nov-2025 12:23:29 Europe/Rome] Session initialized - Host: localhost:8888, Domain: , Secure: false, Timeout: 600s
[19-Nov-2025 12:23:29 Europe/Rome] Session initialized - Host: localhost:8888, Domain: , Secure: false, Timeout: 600s
[19-Nov-2025 12:23:29 Europe/Rome] Session initialized - Host: localhost:8888, Domain: , Secure: false, Timeout: 600s
[19-Nov-2025 12:23:30 Europe/Rome] Session initialized - Host: localhost:8888, Domain: , Secure: false, Timeout: 600s
[19-Nov-2025 12:23:30 Europe/Rome] Session initialized - Host: localhost:8888, Domain: , Secure: false, Timeout: 600s
[19-Nov-2025 12:24:29 Europe/Rome] Session initialized - Host: localhost:8888, Domain: , Secure: false, Timeout: 600s
[19-Nov-2025 12:24:29 Europe/Rome] Session initialized - Host: localhost:8888, Domain: , Secure: false, Timeout: 600s
[19-Nov-2025 12:24:30 Europe/Rome] Session initialized - Host: localhost:8888, Domain: , Secure: false, Timeout: 600s
[19-Nov-2025 12:24:30 Europe/Rome] Session initialized - Host: localhost:8888, Domain: , Secure: false, Timeout: 600s
[19-Nov-2025 12:24:30 Europe/Rome] Session initialized - Host: localhost:8888, Domain: , Secure: false, Timeout: 600s
[19-Nov-2025 12:24:30 Europe/Rome] Session initialized - Host: localhost:8888, Domain: , Secure: false, Timeout: 600s
[19-Nov-2025 12:25:29 Europe/Rome] Session initialized - Host: localhost:8888, Domain: , Secure: false, Timeout: 600s
[19-Nov-2025 12:25:29 Europe/Rome] Session initialized - Host: localhost:8888, Domain: , Secure: false, Timeout: 600s
[19-Nov-2025 12:25:29 Europe/Rome] Session initialized - Host: localhost:8888, Domain: , Secure: false, Timeout: 600s
[19-Nov-2025 12:25:29 Europe/Rome] Session initialized - Host: localhost:8888, Domain: , Secure: false, Timeout: 600s
[19-Nov-2025 12:25:29 Europe/Rome] Session initialized - Host: localhost:8888, Domain: , Secure: false, Timeout: 600s
[19-Nov-2025 12:25:29 Europe/Rome] Session initialized - Host: localhost:8888, Domain: , Secure: false, Timeout: 600s
[19-Nov-2025 12:26:29 Europe/Rome] Session initialized - Host: localhost:8888, Domain: , Secure: false, Timeout: 600s
[19-Nov-2025 12:26:29 Europe/Rome] Session initialized - Host: localhost:8888, Domain: , Secure: false, Timeout: 600s
[19-Nov-2025 12:26:29 Europe/Rome] Session initialized - Host: localhost:8888, Domain: , Secure: false, Timeout: 600s
[19-Nov-2025 12:26:29 Europe/Rome] Session initialized - Host: localhost:8888, Domain: , Secure: false, Timeout: 600s
[19-Nov-2025 12:26:29 Europe/Rome] Session initialized - Host: localhost:8888, Domain: , Secure: false, Timeout: 600s
[19-Nov-2025 12:26:29 Europe/Rome] Session initialized - Host: localhost:8888, Domain: , Secure: false, Timeout: 600s
[19-Nov-2025 12:27:29 Europe/Rome] Session initialized - Host: localhost:8888, Domain: , Secure: false, Timeout: 600s
[19-Nov-2025 12:27:29 Europe/Rome] Session initialized - Host: localhost:8888, Domain: , Secure: false, Timeout: 600s
[19-Nov-2025 12:27:29 Europe/Rome] Session initialized - Host: localhost:8888, Domain: , Secure: false, Timeout: 600s
[19-Nov-2025 12:27:29 Europe/Rome] Session initialized - Host: localhost:8888, Domain: , Secure: false, Timeout: 600s
[19-Nov-2025 12:27:29 Europe/Rome] Session initialized - Host: localhost:8888, Domain: , Secure: false, Timeout: 600s
[19-Nov-2025 12:27:29 Europe/Rome] Session initialized - Host: localhost:8888, Domain: , Secure: false, Timeout: 600s
[19-Nov-2025 12:28:29 Europe/Rome] Session initialized - Host: localhost:8888, Domain: , Secure: false, Timeout: 600s
[19-Nov-2025 12:28:29 Europe/Rome] Session initialized - Host: localhost:8888, Domain: , Secure: false, Timeout: 600s
[19-Nov-2025 12:28:29 Europe/Rome] Session initialized - Host: localhost:8888, Domain: , Secure: false, Timeout: 600s
[19-Nov-2025 12:28:29 Europe/Rome] Session initialized - Host: localhost:8888, Domain: , Secure: false, Timeout: 600s
[19-Nov-2025 12:28:29 Europe/Rome] Session initialized - Host: localhost:8888, Domain: , Secure: false, Timeout: 600s
[19-Nov-2025 12:28:30 Europe/Rome] Session initialized - Host: localhost:8888, Domain: , Secure: false, Timeout: 600s
[19-Nov-2025 12:29:29 Europe/Rome] Session initialized - Host: localhost:8888, Domain: , Secure: false, Timeout: 600s
[19-Nov-2025 12:29:29 Europe/Rome] Session initialized - Host: localhost:8888, Domain: , Secure: false, Timeout: 600s
[19-Nov-2025 12:29:29 Europe/Rome] Session initialized - Host: localhost:8888, Domain: , Secure: false, Timeout: 600s
[19-Nov-2025 12:29:29 Europe/Rome] Session initialized - Host: localhost:8888, Domain: , Secure: false, Timeout: 600s
[19-Nov-2025 12:29:29 Europe/Rome] Session initialized - Host: localhost:8888, Domain: , Secure: false, Timeout: 600s
[19-Nov-2025 12:29:30 Europe/Rome] Session initialized - Host: localhost:8888, Domain: , Secure: false, Timeout: 600s
[19-Nov-2025 12:30:29 Europe/Rome] Session initialized - Host: localhost:8888, Domain: , Secure: false, Timeout: 600s
[19-Nov-2025 12:30:29 Europe/Rome] Session initialized - Host: localhost:8888, Domain: , Secure: false, Timeout: 600s
[19-Nov-2025 12:30:29 Europe/Rome] Session initialized - Host: localhost:8888, Domain: , Secure: false, Timeout: 600s
[19-Nov-2025 12:30:29 Europe/Rome] Session initialized - Host: localhost:8888, Domain: , Secure: false, Timeout: 600s
[19-Nov-2025 12:30:30 Europe/Rome] Session initialized - Host: localhost:8888, Domain: , Secure: false, Timeout: 600s
[19-Nov-2025 12:30:30 Europe/Rome] Session initialized - Host: localhost:8888, Domain: , Secure: false, Timeout: 600s
[19-Nov-2025 12:31:29 Europe/Rome] Session initialized - Host: localhost:8888, Domain: , Secure: false, Timeout: 600s
[19-Nov-2025 12:31:29 Europe/Rome] Session initialized - Host: localhost:8888, Domain: , Secure: false, Timeout: 600s
[19-Nov-2025 12:31:29 Europe/Rome] Session initialized - Host: localhost:8888, Domain: , Secure: false, Timeout: 600s
[19-Nov-2025 12:31:29 Europe/Rome] Session initialized - Host: localhost:8888, Domain: , Secure: false, Timeout: 600s
[19-Nov-2025 12:31:29 Europe/Rome] Session initialized - Host: localhost:8888, Domain: , Secure: false, Timeout: 600s
[19-Nov-2025 12:31:30 Europe/Rome] Session initialized - Host: localhost:8888, Domain: , Secure: false, Timeout: 600s
[19-Nov-2025 12:32:29 Europe/Rome] Session initialized - Host: localhost:8888, Domain: , Secure: false, Timeout: 600s
[19-Nov-2025 12:32:29 Europe/Rome] Session initialized - Host: localhost:8888, Domain: , Secure: false, Timeout: 600s
[19-Nov-2025 12:32:30 Europe/Rome] Session initialized - Host: localhost:8888, Domain: , Secure: false, Timeout: 600s
[19-Nov-2025 12:32:30 Europe/Rome] Session initialized - Host: localhost:8888, Domain: , Secure: false, Timeout: 600s
[19-Nov-2025 12:32:30 Europe/Rome] Session initialized - Host: localhost:8888, Domain: , Secure: false, Timeout: 600s
[19-Nov-2025 12:32:30 Europe/Rome] Session initialized - Host: localhost:8888, Domain: , Secure: false, Timeout: 600s
[19-Nov-2025 12:33:29 Europe/Rome] Session initialized - Host: localhost:8888, Domain: , Secure: false, Timeout: 600s
[19-Nov-2025 12:33:29 Europe/Rome] Session initialized - Host: localhost:8888, Domain: , Secure: false, Timeout: 600s
[19-Nov-2025 12:33:29 Europe/Rome] Session initialized - Host: localhost:8888, Domain: , Secure: false, Timeout: 600s
[19-Nov-2025 12:33:29 Europe/Rome] Session initialized - Host: localhost:8888, Domain: , Secure: false, Timeout: 600s
[19-Nov-2025 12:33:29 Europe/Rome] Session initialized - Host: localhost:8888, Domain: , Secure: false, Timeout: 600s
[19-Nov-2025 12:33:29 Europe/Rome] Session initialized - Host: localhost:8888, Domain: , Secure: false, Timeout: 600s
[19-Nov-2025 12:34:29 Europe/Rome] Session initialized - Host: localhost:8888, Domain: , Secure: false, Timeout: 600s
[19-Nov-2025 12:34:29 Europe/Rome] Session initialized - Host: localhost:8888, Domain: , Secure: false, Timeout: 600s
[19-Nov-2025 12:34:29 Europe/Rome] Session initialized - Host: localhost:8888, Domain: , Secure: false, Timeout: 600s
[19-Nov-2025 12:34:29 Europe/Rome] Session initialized - Host: localhost:8888, Domain: , Secure: false, Timeout: 600s
[19-Nov-2025 12:34:29 Europe/Rome] Session initialized - Host: localhost:8888, Domain: , Secure: false, Timeout: 600s
[19-Nov-2025 12:34:29 Europe/Rome] Session initialized - Host: localhost:8888, Domain: , Secure: false, Timeout: 600s
[19-Nov-2025 12:35:29 Europe/Rome] Session initialized - Host: localhost:8888, Domain: , Secure: false, Timeout: 600s
[19-Nov-2025 12:35:29 Europe/Rome] Session initialized - Host: localhost:8888, Domain: , Secure: false, Timeout: 600s
[19-Nov-2025 12:35:29 Europe/Rome] Session initialized - Host: localhost:8888, Domain: , Secure: false, Timeout: 600s
[19-Nov-2025 12:35:29 Europe/Rome] Session initialized - Host: localhost:8888, Domain: , Secure: false, Timeout: 600s
[19-Nov-2025 12:35:29 Europe/Rome] Session initialized - Host: localhost:8888, Domain: , Secure: false, Timeout: 600s
[19-Nov-2025 12:35:29 Europe/Rome] Session initialized - Host: localhost:8888, Domain: , Secure: false, Timeout: 600s
[19-Nov-2025 12:36:29 Europe/Rome] Session initialized - Host: localhost:8888, Domain: , Secure: false, Timeout: 600s
[19-Nov-2025 12:36:29 Europe/Rome] Session initialized - Host: localhost:8888, Domain: , Secure: false, Timeout: 600s
[19-Nov-2025 12:36:29 Europe/Rome] Session initialized - Host: localhost:8888, Domain: , Secure: false, Timeout: 600s
[19-Nov-2025 12:36:29 Europe/Rome] Session initialized - Host: localhost:8888, Domain: , Secure: false, Timeout: 600s
[19-Nov-2025 12:36:29 Europe/Rome] Session initialized - Host: localhost:8888, Domain: , Secure: false, Timeout: 600s
[19-Nov-2025 12:36:30 Europe/Rome] Session initialized - Host: localhost:8888, Domain: , Secure: false, Timeout: 600s
[19-Nov-2025 12:37:29 Europe/Rome] Session initialized - Host: localhost:8888, Domain: , Secure: false, Timeout: 600s
[19-Nov-2025 12:37:29 Europe/Rome] Session initialized - Host: localhost:8888, Domain: , Secure: false, Timeout: 600s
[19-Nov-2025 12:37:29 Europe/Rome] Session initialized - Host: localhost:8888, Domain: , Secure: false, Timeout: 600s
[19-Nov-2025 12:37:30 Europe/Rome] Session initialized - Host: localhost:8888, Domain: , Secure: false, Timeout: 600s
[19-Nov-2025 12:37:30 Europe/Rome] Session initialized - Host: localhost:8888, Domain: , Secure: false, Timeout: 600s
[19-Nov-2025 12:37:30 Europe/Rome] Session initialized - Host: localhost:8888, Domain: , Secure: false, Timeout: 600s
[19-Nov-2025 12:38:29 Europe/Rome] Session initialized - Host: localhost:8888, Domain: , Secure: false, Timeout: 600s
[19-Nov-2025 12:38:29 Europe/Rome] Session initialized - Host: localhost:8888, Domain: , Secure: false, Timeout: 600s
[19-Nov-2025 12:38:29 Europe/Rome] Session initialized - Host: localhost:8888, Domain: , Secure: false, Timeout: 600s
[19-Nov-2025 12:38:30 Europe/Rome] Session initialized - Host: localhost:8888, Domain: , Secure: false, Timeout: 600s
[19-Nov-2025 12:38:30 Europe/Rome] Session initialized - Host: localhost:8888, Domain: , Secure: false, Timeout: 600s
[19-Nov-2025 12:38:30 Europe/Rome] Session initialized - Host: localhost:8888, Domain: , Secure: false, Timeout: 600s
[19-Nov-2025 12:39:29 Europe/Rome] Session initialized - Host: localhost:8888, Domain: , Secure: false, Timeout: 600s
[19-Nov-2025 12:39:29 Europe/Rome] Session initialized - Host: localhost:8888, Domain: , Secure: false, Timeout: 600s
[19-Nov-2025 12:39:29 Europe/Rome] Session initialized - Host: localhost:8888, Domain: , Secure: false, Timeout: 600s
[19-Nov-2025 12:39:29 Europe/Rome] Session initialized - Host: localhost:8888, Domain: , Secure: false, Timeout: 600s
[19-Nov-2025 12:39:29 Europe/Rome] Session initialized - Host: localhost:8888, Domain: , Secure: false, Timeout: 600s
[19-Nov-2025 12:39:29 Europe/Rome] Session initialized - Host: localhost:8888, Domain: , Secure: false, Timeout: 600s
[19-Nov-2025 12:40:29 Europe/Rome] Session initialized - Host: localhost:8888, Domain: , Secure: false, Timeout: 600s
[19-Nov-2025 12:40:29 Europe/Rome] Session initialized - Host: localhost:8888, Domain: , Secure: false, Timeout: 600s
[19-Nov-2025 12:40:29 Europe/Rome] Session initialized - Host: localhost:8888, Domain: , Secure: false, Timeout: 600s
[19-Nov-2025 12:40:29 Europe/Rome] Session initialized - Host: localhost:8888, Domain: , Secure: false, Timeout: 600s
[19-Nov-2025 12:40:29 Europe/Rome] Session initialized - Host: localhost:8888, Domain: , Secure: false, Timeout: 600s
[19-Nov-2025 12:40:29 Europe/Rome] Session initialized - Host: localhost:8888, Domain: , Secure: false, Timeout: 600s
[19-Nov-2025 12:41:29 Europe/Rome] Session initialized - Host: localhost:8888, Domain: , Secure: false, Timeout: 600s
[19-Nov-2025 12:41:29 Europe/Rome] Session initialized - Host: localhost:8888, Domain: , Secure: false, Timeout: 600s
[19-Nov-2025 12:41:29 Europe/Rome] Session initialized - Host: localhost:8888, Domain: , Secure: false, Timeout: 600s
[19-Nov-2025 12:41:29 Europe/Rome] Session initialized - Host: localhost:8888, Domain: , Secure: false, Timeout: 600s
[19-Nov-2025 12:41:29 Europe/Rome] Session initialized - Host: localhost:8888, Domain: , Secure: false, Timeout: 600s
[19-Nov-2025 12:41:29 Europe/Rome] Session initialized - Host: localhost:8888, Domain: , Secure: false, Timeout: 600s
[19-Nov-2025 12:42:29 Europe/Rome] Session initialized - Host: localhost:8888, Domain: , Secure: false, Timeout: 600s
[19-Nov-2025 12:42:29 Europe/Rome] Session initialized - Host: localhost:8888, Domain: , Secure: false, Timeout: 600s
[19-Nov-2025 12:42:29 Europe/Rome] Session initialized - Host: localhost:8888, Domain: , Secure: false, Timeout: 600s
[19-Nov-2025 12:42:29 Europe/Rome] Session initialized - Host: localhost:8888, Domain: , Secure: false, Timeout: 600s
[19-Nov-2025 12:42:29 Europe/Rome] Session initialized - Host: localhost:8888, Domain: , Secure: false, Timeout: 600s
[19-Nov-2025 12:42:29 Europe/Rome] Session initialized - Host: localhost:8888, Domain: , Secure: false, Timeout: 600s
[19-Nov-2025 12:43:29 Europe/Rome] Session initialized - Host: localhost:8888, Domain: , Secure: false, Timeout: 600s
[19-Nov-2025 12:43:29 Europe/Rome] Session initialized - Host: localhost:8888, Domain: , Secure: false, Timeout: 600s
[19-Nov-2025 12:43:29 Europe/Rome] Session initialized - Host: localhost:8888, Domain: , Secure: false, Timeout: 600s
[19-Nov-2025 12:43:29 Europe/Rome] Session initialized - Host: localhost:8888, Domain: , Secure: false, Timeout: 600s
[19-Nov-2025 12:43:29 Europe/Rome] Session initialized - Host: localhost:8888, Domain: , Secure: false, Timeout: 600s
[19-Nov-2025 12:43:29 Europe/Rome] Session initialized - Host: localhost:8888, Domain: , Secure: false, Timeout: 600s
[19-Nov-2025 12:44:29 Europe/Rome] Session initialized - Host: localhost:8888, Domain: , Secure: false, Timeout: 600s
[19-Nov-2025 12:44:29 Europe/Rome] Session initialized - Host: localhost:8888, Domain: , Secure: false, Timeout: 600s
[19-Nov-2025 12:44:29 Europe/Rome] Session initialized - Host: localhost:8888, Domain: , Secure: false, Timeout: 600s
[19-Nov-2025 12:44:29 Europe/Rome] Session initialized - Host: localhost:8888, Domain: , Secure: false, Timeout: 600s
[19-Nov-2025 12:44:29 Europe/Rome] Session initialized - Host: localhost:8888, Domain: , Secure: false, Timeout: 600s
[19-Nov-2025 12:44:29 Europe/Rome] Session initialized - Host: localhost:8888, Domain: , Secure: false, Timeout: 600s
[19-Nov-2025 12:45:29 Europe/Rome] Session initialized - Host: localhost:8888, Domain: , Secure: false, Timeout: 600s
[19-Nov-2025 12:45:29 Europe/Rome] Session initialized - Host: localhost:8888, Domain: , Secure: false, Timeout: 600s
[19-Nov-2025 12:45:29 Europe/Rome] Session initialized - Host: localhost:8888, Domain: , Secure: false, Timeout: 600s
[19-Nov-2025 12:45:29 Europe/Rome] Session initialized - Host: localhost:8888, Domain: , Secure: false, Timeout: 600s
[19-Nov-2025 12:45:29 Europe/Rome] Session initialized - Host: localhost:8888, Domain: , Secure: false, Timeout: 600s
[19-Nov-2025 12:45:30 Europe/Rome] Session initialized - Host: localhost:8888, Domain: , Secure: false, Timeout: 600s
[19-Nov-2025 12:46:29 Europe/Rome] Session initialized - Host: localhost:8888, Domain: , Secure: false, Timeout: 600s
[19-Nov-2025 12:46:29 Europe/Rome] Session initialized - Host: localhost:8888, Domain: , Secure: false, Timeout: 600s
[19-Nov-2025 12:46:29 Europe/Rome] Session initialized - Host: localhost:8888, Domain: , Secure: false, Timeout: 600s
[19-Nov-2025 12:46:29 Europe/Rome] Session initialized - Host: localhost:8888, Domain: , Secure: false, Timeout: 600s
[19-Nov-2025 12:46:29 Europe/Rome] Session initialized - Host: localhost:8888, Domain: , Secure: false, Timeout: 600s
[19-Nov-2025 12:46:30 Europe/Rome] Session initialized - Host: localhost:8888, Domain: , Secure: false, Timeout: 600s
[19-Nov-2025 12:47:29 Europe/Rome] Session initialized - Host: localhost:8888, Domain: , Secure: false, Timeout: 600s
[19-Nov-2025 12:47:29 Europe/Rome] Session initialized - Host: localhost:8888, Domain: , Secure: false, Timeout: 600s
[19-Nov-2025 12:47:29 Europe/Rome] Session initialized - Host: localhost:8888, Domain: , Secure: false, Timeout: 600s
[19-Nov-2025 12:47:29 Europe/Rome] Session initialized - Host: localhost:8888, Domain: , Secure: false, Timeout: 600s
[19-Nov-2025 12:47:29 Europe/Rome] Session initialized - Host: localhost:8888, Domain: , Secure: false, Timeout: 600s
[19-Nov-2025 12:47:30 Europe/Rome] Session initialized - Host: localhost:8888, Domain: , Secure: false, Timeout: 600s
[19-Nov-2025 12:48:29 Europe/Rome] Session initialized - Host: localhost:8888, Domain: , Secure: false, Timeout: 600s
[19-Nov-2025 12:48:29 Europe/Rome] Session initialized - Host: localhost:8888, Domain: , Secure: false, Timeout: 600s
[19-Nov-2025 12:48:29 Europe/Rome] Session initialized - Host: localhost:8888, Domain: , Secure: false, Timeout: 600s
[19-Nov-2025 12:48:30 Europe/Rome] Session initialized - Host: localhost:8888, Domain: , Secure: false, Timeout: 600s
[19-Nov-2025 12:48:30 Europe/Rome] Session initialized - Host: localhost:8888, Domain: , Secure: false, Timeout: 600s
[19-Nov-2025 12:48:30 Europe/Rome] Session initialized - Host: localhost:8888, Domain: , Secure: false, Timeout: 600s
[19-Nov-2025 12:49:29 Europe/Rome] Session initialized - Host: localhost:8888, Domain: , Secure: false, Timeout: 600s
[19-Nov-2025 12:49:29 Europe/Rome] Session initialized - Host: localhost:8888, Domain: , Secure: false, Timeout: 600s
[19-Nov-2025 12:49:29 Europe/Rome] Session initialized - Host: localhost:8888, Domain: , Secure: false, Timeout: 600s
[19-Nov-2025 12:49:29 Europe/Rome] Session initialized - Host: localhost:8888, Domain: , Secure: false, Timeout: 600s
[19-Nov-2025 12:49:30 Europe/Rome] Session initialized - Host: localhost:8888, Domain: , Secure: false, Timeout: 600s
[19-Nov-2025 12:49:30 Europe/Rome] Session initialized - Host: localhost:8888, Domain: , Secure: false, Timeout: 600s
[19-Nov-2025 12:50:29 Europe/Rome] Session initialized - Host: localhost:8888, Domain: , Secure: false, Timeout: 600s
[19-Nov-2025 12:50:29 Europe/Rome] Session initialized - Host: localhost:8888, Domain: , Secure: false, Timeout: 600s
[19-Nov-2025 12:50:29 Europe/Rome] Session initialized - Host: localhost:8888, Domain: , Secure: false, Timeout: 600s
[19-Nov-2025 12:50:29 Europe/Rome] Session initialized - Host: localhost:8888, Domain: , Secure: false, Timeout: 600s
[19-Nov-2025 12:50:29 Europe/Rome] Session initialized - Host: localhost:8888, Domain: , Secure: false, Timeout: 600s
[19-Nov-2025 12:50:29 Europe/Rome] Session initialized - Host: localhost:8888, Domain: , Secure: false, Timeout: 600s
[19-Nov-2025 12:51:29 Europe/Rome] Session initialized - Host: localhost:8888, Domain: , Secure: false, Timeout: 600s
[19-Nov-2025 12:51:29 Europe/Rome] Session initialized - Host: localhost:8888, Domain: , Secure: false, Timeout: 600s
[19-Nov-2025 12:51:29 Europe/Rome] Session initialized - Host: localhost:8888, Domain: , Secure: false, Timeout: 600s
[19-Nov-2025 12:51:29 Europe/Rome] Session initialized - Host: localhost:8888, Domain: , Secure: false, Timeout: 600s
[19-Nov-2025 12:51:29 Europe/Rome] Session initialized - Host: localhost:8888, Domain: , Secure: false, Timeout: 600s
[19-Nov-2025 12:51:29 Europe/Rome] Session initialized - Host: localhost:8888, Domain: , Secure: false, Timeout: 600s
[19-Nov-2025 12:52:29 Europe/Rome] Session initialized - Host: localhost:8888, Domain: , Secure: false, Timeout: 600s
[19-Nov-2025 12:52:29 Europe/Rome] Session initialized - Host: localhost:8888, Domain: , Secure: false, Timeout: 600s
[19-Nov-2025 12:52:29 Europe/Rome] Session initialized - Host: localhost:8888, Domain: , Secure: false, Timeout: 600s
[19-Nov-2025 12:52:29 Europe/Rome] Session initialized - Host: localhost:8888, Domain: , Secure: false, Timeout: 600s
[19-Nov-2025 12:52:29 Europe/Rome] Session initialized - Host: localhost:8888, Domain: , Secure: false, Timeout: 600s
[19-Nov-2025 12:52:30 Europe/Rome] Session initialized - Host: localhost:8888, Domain: , Secure: false, Timeout: 600s
[19-Nov-2025 12:53:29 Europe/Rome] Session initialized - Host: localhost:8888, Domain: , Secure: false, Timeout: 600s
[19-Nov-2025 12:53:29 Europe/Rome] Session initialized - Host: localhost:8888, Domain: , Secure: false, Timeout: 600s
[19-Nov-2025 12:53:29 Europe/Rome] Session initialized - Host: localhost:8888, Domain: , Secure: false, Timeout: 600s
[19-Nov-2025 12:53:29 Europe/Rome] Session initialized - Host: localhost:8888, Domain: , Secure: false, Timeout: 600s
[19-Nov-2025 12:53:29 Europe/Rome] Session initialized - Host: localhost:8888, Domain: , Secure: false, Timeout: 600s
[19-Nov-2025 12:53:30 Europe/Rome] Session initialized - Host: localhost:8888, Domain: , Secure: false, Timeout: 600s
[19-Nov-2025 12:54:29 Europe/Rome] Session initialized - Host: localhost:8888, Domain: , Secure: false, Timeout: 600s
[19-Nov-2025 12:54:29 Europe/Rome] Session initialized - Host: localhost:8888, Domain: , Secure: false, Timeout: 600s
[19-Nov-2025 12:54:29 Europe/Rome] Session initialized - Host: localhost:8888, Domain: , Secure: false, Timeout: 600s
[19-Nov-2025 12:54:29 Europe/Rome] Session initialized - Host: localhost:8888, Domain: , Secure: false, Timeout: 600s
[19-Nov-2025 12:54:29 Europe/Rome] Session initialized - Host: localhost:8888, Domain: , Secure: false, Timeout: 600s
[19-Nov-2025 12:54:29 Europe/Rome] Session initialized - Host: localhost:8888, Domain: , Secure: false, Timeout: 600s
[19-Nov-2025 12:55:29 Europe/Rome] Session initialized - Host: localhost:8888, Domain: , Secure: false, Timeout: 600s
[19-Nov-2025 12:55:29 Europe/Rome] Session initialized - Host: localhost:8888, Domain: , Secure: false, Timeout: 600s
[19-Nov-2025 12:55:29 Europe/Rome] Session initialized - Host: localhost:8888, Domain: , Secure: false, Timeout: 600s
[19-Nov-2025 12:55:29 Europe/Rome] Session initialized - Host: localhost:8888, Domain: , Secure: false, Timeout: 600s
[19-Nov-2025 12:55:29 Europe/Rome] Session initialized - Host: localhost:8888, Domain: , Secure: false, Timeout: 600s
[19-Nov-2025 12:55:29 Europe/Rome] Session initialized - Host: localhost:8888, Domain: , Secure: false, Timeout: 600s
[19-Nov-2025 12:56:29 Europe/Rome] Session initialized - Host: localhost:8888, Domain: , Secure: false, Timeout: 600s
[19-Nov-2025 12:56:29 Europe/Rome] Session initialized - Host: localhost:8888, Domain: , Secure: false, Timeout: 600s
[19-Nov-2025 12:56:29 Europe/Rome] Session initialized - Host: localhost:8888, Domain: , Secure: false, Timeout: 600s
[19-Nov-2025 12:56:29 Europe/Rome] Session initialized - Host: localhost:8888, Domain: , Secure: false, Timeout: 600s
[19-Nov-2025 12:56:30 Europe/Rome] Session initialized - Host: localhost:8888, Domain: , Secure: false, Timeout: 600s
[19-Nov-2025 12:56:30 Europe/Rome] Session initialized - Host: localhost:8888, Domain: , Secure: false, Timeout: 600s
[19-Nov-2025 12:57:29 Europe/Rome] Session initialized - Host: localhost:8888, Domain: , Secure: false, Timeout: 600s
[19-Nov-2025 12:57:29 Europe/Rome] Session initialized - Host: localhost:8888, Domain: , Secure: false, Timeout: 600s
[19-Nov-2025 12:57:29 Europe/Rome] Session initialized - Host: localhost:8888, Domain: , Secure: false, Timeout: 600s
[19-Nov-2025 12:57:29 Europe/Rome] Session initialized - Host: localhost:8888, Domain: , Secure: false, Timeout: 600s
[19-Nov-2025 12:57:29 Europe/Rome] Session initialized - Host: localhost:8888, Domain: , Secure: false, Timeout: 600s
[19-Nov-2025 12:57:29 Europe/Rome] Session initialized - Host: localhost:8888, Domain: , Secure: false, Timeout: 600s
[19-Nov-2025 12:58:29 Europe/Rome] Session initialized - Host: localhost:8888, Domain: , Secure: false, Timeout: 600s
[19-Nov-2025 12:58:29 Europe/Rome] Session initialized - Host: localhost:8888, Domain: , Secure: false, Timeout: 600s
[19-Nov-2025 12:58:29 Europe/Rome] Session initialized - Host: localhost:8888, Domain: , Secure: false, Timeout: 600s
[19-Nov-2025 12:58:29 Europe/Rome] Session initialized - Host: localhost:8888, Domain: , Secure: false, Timeout: 600s
[19-Nov-2025 12:58:30 Europe/Rome] Session initialized - Host: localhost:8888, Domain: , Secure: false, Timeout: 600s
[19-Nov-2025 12:58:30 Europe/Rome] Session initialized - Host: localhost:8888, Domain: , Secure: false, Timeout: 600s
[19-Nov-2025 12:59:29 Europe/Rome] Session initialized - Host: localhost:8888, Domain: , Secure: false, Timeout: 600s
[19-Nov-2025 12:59:29 Europe/Rome] Session initialized - Host: localhost:8888, Domain: , Secure: false, Timeout: 600s
[19-Nov-2025 12:59:29 Europe/Rome] Session initialized - Host: localhost:8888, Domain: , Secure: false, Timeout: 600s
[19-Nov-2025 12:59:30 Europe/Rome] Session initialized - Host: localhost:8888, Domain: , Secure: false, Timeout: 600s
[19-Nov-2025 12:59:30 Europe/Rome] Session initialized - Host: localhost:8888, Domain: , Secure: false, Timeout: 600s
[19-Nov-2025 12:59:30 Europe/Rome] Session initialized - Host: localhost:8888, Domain: , Secure: false, Timeout: 600s
[19-Nov-2025 13:00:29 Europe/Rome] Session initialized - Host: localhost:8888, Domain: , Secure: false, Timeout: 600s
[19-Nov-2025 13:00:29 Europe/Rome] Session initialized - Host: localhost:8888, Domain: , Secure: false, Timeout: 600s
[19-Nov-2025 13:00:30 Europe/Rome] Session initialized - Host: localhost:8888, Domain: , Secure: false, Timeout: 600s
[19-Nov-2025 13:00:30 Europe/Rome] Session initialized - Host: localhost:8888, Domain: , Secure: false, Timeout: 600s
[19-Nov-2025 13:00:30 Europe/Rome] Session initialized - Host: localhost:8888, Domain: , Secure: false, Timeout: 600s
[19-Nov-2025 13:00:30 Europe/Rome] Session initialized - Host: localhost:8888, Domain: , Secure: false, Timeout: 600s
[19-Nov-2025 13:01:29 Europe/Rome] Session initialized - Host: localhost:8888, Domain: , Secure: false, Timeout: 600s
[19-Nov-2025 13:01:29 Europe/Rome] Session initialized - Host: localhost:8888, Domain: , Secure: false, Timeout: 600s
[19-Nov-2025 13:01:29 Europe/Rome] Session initialized - Host: localhost:8888, Domain: , Secure: false, Timeout: 600s
[19-Nov-2025 13:01:29 Europe/Rome] Session initialized - Host: localhost:8888, Domain: , Secure: false, Timeout: 600s
[19-Nov-2025 13:01:29 Europe/Rome] Session initialized - Host: localhost:8888, Domain: , Secure: false, Timeout: 600s
[19-Nov-2025 13:01:29 Europe/Rome] Session initialized - Host: localhost:8888, Domain: , Secure: false, Timeout: 600s
[19-Nov-2025 13:02:29 Europe/Rome] Session initialized - Host: localhost:8888, Domain: , Secure: false, Timeout: 600s
[19-Nov-2025 13:02:29 Europe/Rome] Session initialized - Host: localhost:8888, Domain: , Secure: false, Timeout: 600s
[19-Nov-2025 13:02:29 Europe/Rome] Session initialized - Host: localhost:8888, Domain: , Secure: false, Timeout: 600s
[19-Nov-2025 13:02:29 Europe/Rome] Session initialized - Host: localhost:8888, Domain: , Secure: false, Timeout: 600s
[19-Nov-2025 13:02:29 Europe/Rome] Session initialized - Host: localhost:8888, Domain: , Secure: false, Timeout: 600s
[19-Nov-2025 13:02:30 Europe/Rome] Session initialized - Host: localhost:8888, Domain: , Secure: false, Timeout: 600s
[19-Nov-2025 13:54:35 Europe/Rome] PHP Warning:  session_start(): open(C:\xampp\tmp\sess_ovd6voqjea0cm2gq2elran2p3h, O_RDWR) failed: Permission denied (13) in C:\xampp\htdocs\CollaboraNexio\includes\session_init.php on line 72
[19-Nov-2025 13:54:35 Europe/Rome] PHP Warning:  session_start(): Failed to read session data: files (path: C:\xampp\tmp) in C:\xampp\htdocs\CollaboraNexio\includes\session_init.php on line 72
[19-Nov-2025 13:54:35 Europe/Rome] Session initialized - Host: localhost:8888, Domain: , Secure: false, Timeout: 600s
[19-Nov-2025 13:54:35 Europe/Rome] PHP Warning:  session_start(): open(C:\xampp\tmp\sess_ovd6voqjea0cm2gq2elran2p3h, O_RDWR) failed: Permission denied (13) in C:\xampp\htdocs\CollaboraNexio\includes\session_init.php on line 72
[19-Nov-2025 13:54:35 Europe/Rome] PHP Warning:  session_start(): open(C:\xampp\tmp\sess_ovd6voqjea0cm2gq2elran2p3h, O_RDWR) failed: Permission denied (13) in C:\xampp\htdocs\CollaboraNexio\includes\session_init.php on line 72
[19-Nov-2025 13:54:35 Europe/Rome] PHP Warning:  session_start(): Failed to read session data: files (path: C:\xampp\tmp) in C:\xampp\htdocs\CollaboraNexio\includes\session_init.php on line 72
[19-Nov-2025 13:54:35 Europe/Rome] PHP Warning:  session_start(): Failed to read session data: files (path: C:\xampp\tmp) in C:\xampp\htdocs\CollaboraNexio\includes\session_init.php on line 72
[19-Nov-2025 13:54:35 Europe/Rome] Session initialized - Host: localhost:8888, Domain: , Secure: false, Timeout: 600s
[19-Nov-2025 13:54:35 Europe/Rome] Session initialized - Host: localhost:8888, Domain: , Secure: false, Timeout: 600s
[19-Nov-2025 13:54:35 Europe/Rome] Session initialized - Host: localhost:8888, Domain: , Secure: false, Timeout: 600s
[19-Nov-2025 13:54:35 Europe/Rome] Session initialized - Host: localhost:8888, Domain: , Secure: false, Timeout: 600s
[19-Nov-2025 13:54:35 Europe/Rome] Session initialized - Host: localhost:8888, Domain: , Secure: false, Timeout: 600s
[19-Nov-2025 13:54:38 Europe/Rome] Session initialized - Host: localhost:8888, Domain: , Secure: false, Timeout: 600s
[19-Nov-2025 13:54:38 Europe/Rome] Session initialized - Host: localhost:8888, Domain: , Secure: false, Timeout: 600s
[19-Nov-2025 13:54:40 Europe/Rome] Session initialized - Host: localhost:8888, Domain: , Secure: false, Timeout: 600s
[19-Nov-2025 13:54:41 Europe/Rome] Session initialized - Host: localhost:8888, Domain: , Secure: false, Timeout: 600s
[19-Nov-2025 13:54:42 Europe/Rome] Session initialized - Host: localhost:8888, Domain: , Secure: false, Timeout: 600s
[19-Nov-2025 13:54:42 Europe/Rome] Session initialized - Host: localhost:8888, Domain: , Secure: false, Timeout: 600s
[19-Nov-2025 13:54:42 Europe/Rome] Session initialized - Host: localhost:8888, Domain: , Secure: false, Timeout: 600s
[19-Nov-2025 13:54:42 Europe/Rome] Session initialized - Host: localhost:8888, Domain: , Secure: false, Timeout: 600s
[19-Nov-2025 13:54:42 Europe/Rome] Session initialized - Host: localhost:8888, Domain: , Secure: false, Timeout: 600s
[19-Nov-2025 13:54:42 Europe/Rome] Session initialized - Host: localhost:8888, Domain: , Secure: false, Timeout: 600s
[19-Nov-2025 13:54:43 Europe/Rome] Session initialized - Host: localhost:8888, Domain: , Secure: false, Timeout: 600s
[19-Nov-2025 13:54:43 Europe/Rome] Session initialized - Host: localhost:8888, Domain: , Secure: false, Timeout: 600s
[19-Nov-2025 13:54:43 Europe/Rome] Session initialized - Host: localhost:8888, Domain: , Secure: false, Timeout: 600s
[19-Nov-2025 13:54:44 Europe/Rome] Session initialized - Host: localhost:8888, Domain: , Secure: false, Timeout: 600s
[19-Nov-2025 13:54:51 Europe/Rome] Session initialized - Host: localhost:8888, Domain: , Secure: false, Timeout: 600s
[19-Nov-2025 13:54:57 Europe/Rome] Session initialized - Host: localhost:8888, Domain: , Secure: false, Timeout: 600s
[19-Nov-2025 13:56:25 Europe/Rome] Session initialized - Host: localhost:8888, Domain: , Secure: false, Timeout: 600s
[19-Nov-2025 13:56:25 Europe/Rome] Session initialized - Host: localhost:8888, Domain: , Secure: false, Timeout: 600s
[19-Nov-2025 13:56:25 Europe/Rome] Session initialized - Host: localhost:8888, Domain: , Secure: false, Timeout: 600s
[19-Nov-2025 13:56:25 Europe/Rome] Session initialized - Host: localhost:8888, Domain: , Secure: false, Timeout: 600s
[19-Nov-2025 13:56:25 Europe/Rome] Session initialized - Host: localhost:8888, Domain: , Secure: false, Timeout: 600s
[19-Nov-2025 13:56:25 Europe/Rome] Session initialized - Host: localhost:8888, Domain: , Secure: false, Timeout: 600s
[19-Nov-2025 13:56:25 Europe/Rome] Session initialized - Host: localhost:8888, Domain: , Secure: false, Timeout: 600s
[19-Nov-2025 13:57:25 Europe/Rome] Session initialized - Host: localhost:8888, Domain: , Secure: false, Timeout: 600s
[19-Nov-2025 13:57:25 Europe/Rome] Session initialized - Host: localhost:8888, Domain: , Secure: false, Timeout: 600s
[19-Nov-2025 13:57:25 Europe/Rome] Session initialized - Host: localhost:8888, Domain: , Secure: false, Timeout: 600s
[19-Nov-2025 13:57:25 Europe/Rome] Session initialized - Host: localhost:8888, Domain: , Secure: false, Timeout: 600s
[19-Nov-2025 13:57:25 Europe/Rome] Session initialized - Host: localhost:8888, Domain: , Secure: false, Timeout: 600s
[19-Nov-2025 13:57:25 Europe/Rome] Session initialized - Host: localhost:8888, Domain: , Secure: false, Timeout: 600s
[19-Nov-2025 13:58:25 Europe/Rome] Session initialized - Host: localhost:8888, Domain: , Secure: false, Timeout: 600s
[19-Nov-2025 13:58:25 Europe/Rome] Session initialized - Host: localhost:8888, Domain: , Secure: false, Timeout: 600s
[19-Nov-2025 13:58:25 Europe/Rome] Session initialized - Host: localhost:8888, Domain: , Secure: false, Timeout: 600s
[19-Nov-2025 13:58:25 Europe/Rome] Session initialized - Host: localhost:8888, Domain: , Secure: false, Timeout: 600s
[19-Nov-2025 13:58:25 Europe/Rome] Session initialized - Host: localhost:8888, Domain: , Secure: false, Timeout: 600s
[19-Nov-2025 13:58:25 Europe/Rome] Session initialized - Host: localhost:8888, Domain: , Secure: false, Timeout: 600s
[19-Nov-2025 13:59:25 Europe/Rome] Session initialized - Host: localhost:8888, Domain: , Secure: false, Timeout: 600s
[19-Nov-2025 13:59:25 Europe/Rome] Session initialized - Host: localhost:8888, Domain: , Secure: false, Timeout: 600s
[19-Nov-2025 13:59:25 Europe/Rome] Session initialized - Host: localhost:8888, Domain: , Secure: false, Timeout: 600s
[19-Nov-2025 13:59:25 Europe/Rome] Session initialized - Host: localhost:8888, Domain: , Secure: false, Timeout: 600s
[19-Nov-2025 13:59:25 Europe/Rome] Session initialized - Host: localhost:8888, Domain: , Secure: false, Timeout: 600s
[19-Nov-2025 13:59:25 Europe/Rome] Session initialized - Host: localhost:8888, Domain: , Secure: false, Timeout: 600s
[19-Nov-2025 14:00:25 Europe/Rome] Session initialized - Host: localhost:8888, Domain: , Secure: false, Timeout: 600s
[19-Nov-2025 14:00:25 Europe/Rome] Session initialized - Host: localhost:8888, Domain: , Secure: false, Timeout: 600s
[19-Nov-2025 14:00:25 Europe/Rome] Session initialized - Host: localhost:8888, Domain: , Secure: false, Timeout: 600s
[19-Nov-2025 14:00:25 Europe/Rome] Session initialized - Host: localhost:8888, Domain: , Secure: false, Timeout: 600s
[19-Nov-2025 14:00:26 Europe/Rome] Session initialized - Host: localhost:8888, Domain: , Secure: false, Timeout: 600s
[19-Nov-2025 14:00:26 Europe/Rome] Session initialized - Host: localhost:8888, Domain: , Secure: false, Timeout: 600s
[19-Nov-2025 14:01:25 Europe/Rome] Session initialized - Host: localhost:8888, Domain: , Secure: false, Timeout: 600s
[19-Nov-2025 14:01:25 Europe/Rome] Session initialized - Host: localhost:8888, Domain: , Secure: false, Timeout: 600s
[19-Nov-2025 14:01:25 Europe/Rome] Session initialized - Host: localhost:8888, Domain: , Secure: false, Timeout: 600s
[19-Nov-2025 14:01:25 Europe/Rome] Session initialized - Host: localhost:8888, Domain: , Secure: false, Timeout: 600s
[19-Nov-2025 14:01:25 Europe/Rome] Session initialized - Host: localhost:8888, Domain: , Secure: false, Timeout: 600s
[19-Nov-2025 14:01:25 Europe/Rome] Session initialized - Host: localhost:8888, Domain: , Secure: false, Timeout: 600s
[19-Nov-2025 14:02:25 Europe/Rome] Session initialized - Host: localhost:8888, Domain: , Secure: false, Timeout: 600s
[19-Nov-2025 14:02:25 Europe/Rome] Session initialized - Host: localhost:8888, Domain: , Secure: false, Timeout: 600s
[19-Nov-2025 14:02:25 Europe/Rome] Session initialized - Host: localhost:8888, Domain: , Secure: false, Timeout: 600s
[19-Nov-2025 14:02:25 Europe/Rome] Session initialized - Host: localhost:8888, Domain: , Secure: false, Timeout: 600s
[19-Nov-2025 14:02:25 Europe/Rome] Session initialized - Host: localhost:8888, Domain: , Secure: false, Timeout: 600s
[19-Nov-2025 14:02:25 Europe/Rome] Session initialized - Host: localhost:8888, Domain: , Secure: false, Timeout: 600s
[19-Nov-2025 14:03:29 Europe/Rome] Session initialized - Host: localhost:8888, Domain: , Secure: false, Timeout: 600s
[19-Nov-2025 14:03:29 Europe/Rome] Session initialized - Host: localhost:8888, Domain: , Secure: false, Timeout: 600s
[19-Nov-2025 14:03:30 Europe/Rome] Session initialized - Host: localhost:8888, Domain: , Secure: false, Timeout: 600s
[19-Nov-2025 14:03:30 Europe/Rome] Session initialized - Host: localhost:8888, Domain: , Secure: false, Timeout: 600s
[19-Nov-2025 14:03:30 Europe/Rome] Session initialized - Host: localhost:8888, Domain: , Secure: false, Timeout: 600s
[19-Nov-2025 14:03:30 Europe/Rome] Session initialized - Host: localhost:8888, Domain: , Secure: false, Timeout: 600s
[19-Nov-2025 14:04:29 Europe/Rome] Session initialized - Host: localhost:8888, Domain: , Secure: false, Timeout: 600s
[19-Nov-2025 14:04:29 Europe/Rome] Session initialized - Host: localhost:8888, Domain: , Secure: false, Timeout: 600s
[19-Nov-2025 14:04:29 Europe/Rome] Session initialized - Host: localhost:8888, Domain: , Secure: false, Timeout: 600s
[19-Nov-2025 14:04:29 Europe/Rome] Session initialized - Host: localhost:8888, Domain: , Secure: false, Timeout: 600s
[19-Nov-2025 14:04:30 Europe/Rome] Session initialized - Host: localhost:8888, Domain: , Secure: false, Timeout: 600s
[19-Nov-2025 14:04:30 Europe/Rome] Session initialized - Host: localhost:8888, Domain: , Secure: false, Timeout: 600s
[19-Nov-2025 14:05:29 Europe/Rome] Session initialized - Host: localhost:8888, Domain: , Secure: false, Timeout: 600s
[19-Nov-2025 14:05:29 Europe/Rome] Session initialized - Host: localhost:8888, Domain: , Secure: false, Timeout: 600s
[19-Nov-2025 14:05:29 Europe/Rome] Session initialized - Host: localhost:8888, Domain: , Secure: false, Timeout: 600s
[19-Nov-2025 14:05:29 Europe/Rome] Session initialized - Host: localhost:8888, Domain: , Secure: false, Timeout: 600s
[19-Nov-2025 14:05:29 Europe/Rome] Session initialized - Host: localhost:8888, Domain: , Secure: false, Timeout: 600s
[19-Nov-2025 14:05:30 Europe/Rome] Session initialized - Host: localhost:8888, Domain: , Secure: false, Timeout: 600s
[19-Nov-2025 14:06:29 Europe/Rome] Session initialized - Host: localhost:8888, Domain: , Secure: false, Timeout: 600s
[19-Nov-2025 14:06:29 Europe/Rome] Session initialized - Host: localhost:8888, Domain: , Secure: false, Timeout: 600s
[19-Nov-2025 14:06:29 Europe/Rome] Session initialized - Host: localhost:8888, Domain: , Secure: false, Timeout: 600s
[19-Nov-2025 14:06:30 Europe/Rome] Session initialized - Host: localhost:8888, Domain: , Secure: false, Timeout: 600s
[19-Nov-2025 14:06:30 Europe/Rome] Session initialized - Host: localhost:8888, Domain: , Secure: false, Timeout: 600s
[19-Nov-2025 14:06:30 Europe/Rome] Session initialized - Host: localhost:8888, Domain: , Secure: false, Timeout: 600s
[19-Nov-2025 14:07:29 Europe/Rome] Session initialized - Host: localhost:8888, Domain: , Secure: false, Timeout: 600s
[19-Nov-2025 14:07:29 Europe/Rome] Session initialized - Host: localhost:8888, Domain: , Secure: false, Timeout: 600s
[19-Nov-2025 14:07:29 Europe/Rome] Session initialized - Host: localhost:8888, Domain: , Secure: false, Timeout: 600s
[19-Nov-2025 14:07:29 Europe/Rome] Session initialized - Host: localhost:8888, Domain: , Secure: false, Timeout: 600s
[19-Nov-2025 14:07:29 Europe/Rome] Session initialized - Host: localhost:8888, Domain: , Secure: false, Timeout: 600s
[19-Nov-2025 14:07:29 Europe/Rome] Session initialized - Host: localhost:8888, Domain: , Secure: false, Timeout: 600s
[19-Nov-2025 14:08:29 Europe/Rome] Session initialized - Host: localhost:8888, Domain: , Secure: false, Timeout: 600s
[19-Nov-2025 14:08:29 Europe/Rome] Session initialized - Host: localhost:8888, Domain: , Secure: false, Timeout: 600s
[19-Nov-2025 14:08:29 Europe/Rome] Session initialized - Host: localhost:8888, Domain: , Secure: false, Timeout: 600s
[19-Nov-2025 14:08:29 Europe/Rome] Session initialized - Host: localhost:8888, Domain: , Secure: false, Timeout: 600s
[19-Nov-2025 14:08:29 Europe/Rome] Session initialized - Host: localhost:8888, Domain: , Secure: false, Timeout: 600s
[19-Nov-2025 14:08:29 Europe/Rome] Session initialized - Host: localhost:8888, Domain: , Secure: false, Timeout: 600s
[19-Nov-2025 14:09:29 Europe/Rome] Session initialized - Host: localhost:8888, Domain: , Secure: false, Timeout: 600s
[19-Nov-2025 14:09:29 Europe/Rome] Session initialized - Host: localhost:8888, Domain: , Secure: false, Timeout: 600s
[19-Nov-2025 14:09:29 Europe/Rome] Session initialized - Host: localhost:8888, Domain: , Secure: false, Timeout: 600s
[19-Nov-2025 14:09:30 Europe/Rome] Session initialized - Host: localhost:8888, Domain: , Secure: false, Timeout: 600s
[19-Nov-2025 14:09:30 Europe/Rome] Session initialized - Host: localhost:8888, Domain: , Secure: false, Timeout: 600s
[19-Nov-2025 14:09:30 Europe/Rome] Session initialized - Host: localhost:8888, Domain: , Secure: false, Timeout: 600s
[19-Nov-2025 14:09:38 Europe/Rome] Session initialized - Host: localhost:8888, Domain: , Secure: false, Timeout: 600s
[19-Nov-2025 14:09:38 Europe/Rome] Session initialized - Host: localhost:8888, Domain: , Secure: false, Timeout: 600s
[19-Nov-2025 14:09:38 Europe/Rome] Session initialized - Host: localhost:8888, Domain: , Secure: false, Timeout: 600s
[19-Nov-2025 14:09:38 Europe/Rome] Session initialized - Host: localhost:8888, Domain: , Secure: false, Timeout: 600s
[19-Nov-2025 14:09:38 Europe/Rome] Session initialized - Host: localhost:8888, Domain: , Secure: false, Timeout: 600s
[19-Nov-2025 14:09:38 Europe/Rome] Session initialized - Host: localhost:8888, Domain: , Secure: false, Timeout: 600s
[19-Nov-2025 14:09:38 Europe/Rome] Session initialized - Host: localhost:8888, Domain: , Secure: false, Timeout: 600s
[19-Nov-2025 14:09:40 Europe/Rome] Session initialized - Host: localhost:8888, Domain: , Secure: false, Timeout: 600s
[19-Nov-2025 14:09:40 Europe/Rome] Session initialized - Host: localhost:8888, Domain: , Secure: false, Timeout: 600s
[19-Nov-2025 14:09:40 Europe/Rome] Session initialized - Host: localhost:8888, Domain: , Secure: false, Timeout: 600s
[19-Nov-2025 14:09:42 Europe/Rome] Session initialized - Host: localhost:8888, Domain: , Secure: false, Timeout: 600s
[19-Nov-2025 14:09:43 Europe/Rome] Session initialized - Host: localhost:8888, Domain: , Secure: false, Timeout: 600s
[19-Nov-2025 14:09:44 Europe/Rome] Session initialized - Host: localhost:8888, Domain: , Secure: false, Timeout: 600s
[19-Nov-2025 14:26:09 Europe/Rome] Session initialized - Host: localhost:8888, Domain: , Secure: false, Timeout: 600s
[19-Nov-2025 14:26:10 Europe/Rome] Session initialized - Host: localhost:8888, Domain: , Secure: false, Timeout: 600s
[19-Nov-2025 14:26:11 Europe/Rome] Session initialized - Host: localhost:8888, Domain: , Secure: false, Timeout: 600s
[19-Nov-2025 14:26:11 Europe/Rome] Session initialized - Host: localhost:8888, Domain: , Secure: false, Timeout: 600s
[19-Nov-2025 14:26:11 Europe/Rome] Session initialized - Host: localhost:8888, Domain: , Secure: false, Timeout: 600s
[19-Nov-2025 14:26:11 Europe/Rome] Session initialized - Host: localhost:8888, Domain: , Secure: false, Timeout: 600s
[19-Nov-2025 14:26:11 Europe/Rome] Session initialized - Host: localhost:8888, Domain: , Secure: false, Timeout: 600s
[19-Nov-2025 14:26:11 Europe/Rome] Session initialized - Host: localhost:8888, Domain: , Secure: false, Timeout: 600s
[19-Nov-2025 14:26:11 Europe/Rome] Session initialized - Host: localhost:8888, Domain: , Secure: false, Timeout: 600s
[19-Nov-2025 14:26:12 Europe/Rome] Session initialized - Host: localhost:8888, Domain: , Secure: false, Timeout: 600s
[19-Nov-2025 14:26:12 Europe/Rome] Session initialized - Host: localhost:8888, Domain: , Secure: false, Timeout: 600s
[19-Nov-2025 14:26:12 Europe/Rome] Session initialized - Host: localhost:8888, Domain: , Secure: false, Timeout: 600s
[19-Nov-2025 17:48:31 Europe/Rome] Session initialized - Host: localhost:8888, Domain: , Secure: false, Timeout: 600s
[19-Nov-2025 17:48:32 Europe/Rome] Session initialized - Host: localhost:8888, Domain: , Secure: false, Timeout: 600s
[19-Nov-2025 17:48:33 Europe/Rome] Session initialized - Host: localhost:8888, Domain: , Secure: false, Timeout: 600s
[19-Nov-2025 17:48:33 Europe/Rome] Session initialized - Host: localhost:8888, Domain: , Secure: false, Timeout: 600s
[19-Nov-2025 17:48:33 Europe/Rome] Session initialized - Host: localhost:8888, Domain: , Secure: false, Timeout: 600s
[19-Nov-2025 17:48:33 Europe/Rome] Session initialized - Host: localhost:8888, Domain: , Secure: false, Timeout: 600s
[19-Nov-2025 17:48:33 Europe/Rome] Session initialized - Host: localhost:8888, Domain: , Secure: false, Timeout: 600s
[19-Nov-2025 17:48:33 Europe/Rome] Session initialized - Host: localhost:8888, Domain: , Secure: false, Timeout: 600s
[19-Nov-2025 17:48:33 Europe/Rome] Session initialized - Host: localhost:8888, Domain: , Secure: false, Timeout: 600s
[19-Nov-2025 17:48:35 Europe/Rome] Session initialized - Host: localhost:8888, Domain: , Secure: false, Timeout: 600s
[19-Nov-2025 17:48:35 Europe/Rome] Session initialized - Host: localhost:8888, Domain: , Secure: false, Timeout: 600s
[19-Nov-2025 17:48:35 Europe/Rome] Session initialized - Host: localhost:8888, Domain: , Secure: false, Timeout: 600s
[20-Nov-2025 06:10:13 Europe/Rome] Session initialized - Host: localhost:8888, Domain: , Secure: false, Timeout: 600s
[20-Nov-2025 06:10:15 Europe/Rome] Session initialized - Host: localhost:8888, Domain: , Secure: false, Timeout: 600s
[20-Nov-2025 06:10:16 Europe/Rome] Session initialized - Host: localhost:8888, Domain: , Secure: false, Timeout: 600s
[20-Nov-2025 06:10:16 Europe/Rome] Session initialized - Host: localhost:8888, Domain: , Secure: false, Timeout: 600s
[20-Nov-2025 06:10:16 Europe/Rome] Session initialized - Host: localhost:8888, Domain: , Secure: false, Timeout: 600s
[20-Nov-2025 06:10:16 Europe/Rome] Session initialized - Host: localhost:8888, Domain: , Secure: false, Timeout: 600s
[20-Nov-2025 06:10:16 Europe/Rome] Session initialized - Host: localhost:8888, Domain: , Secure: false, Timeout: 600s
[20-Nov-2025 06:10:16 Europe/Rome] Session initialized - Host: localhost:8888, Domain: , Secure: false, Timeout: 600s
[20-Nov-2025 06:10:16 Europe/Rome] Session initialized - Host: localhost:8888, Domain: , Secure: false, Timeout: 600s
[20-Nov-2025 06:10:18 Europe/Rome] Session initialized - Host: localhost:8888, Domain: , Secure: false, Timeout: 600s
[20-Nov-2025 06:10:18 Europe/Rome] Session initialized - Host: localhost:8888, Domain: , Secure: false, Timeout: 600s
[20-Nov-2025 06:10:19 Europe/Rome] Session initialized - Host: localhost:8888, Domain: , Secure: false, Timeout: 600s
[20-Nov-2025 06:10:27 Europe/Rome] Session initialized - Host: localhost:8888, Domain: , Secure: false, Timeout: 600s
[20-Nov-2025 06:10:28 Europe/Rome] Session initialized - Host: localhost:8888, Domain: , Secure: false, Timeout: 600s
[20-Nov-2025 06:10:28 Europe/Rome] Session initialized - Host: localhost:8888, Domain: , Secure: false, Timeout: 600s
[20-Nov-2025 06:10:55 Europe/Rome] Session initialized - Host: localhost:8888, Domain: , Secure: false, Timeout: 600s
[20-Nov-2025 06:10:55 Europe/Rome] Session initialized - Host: localhost:8888, Domain: , Secure: false, Timeout: 600s
[20-Nov-2025 06:10:55 Europe/Rome] List API - User ID: 19, Role: super_admin, Tenant: 1
[20-Nov-2025 06:10:55 Europe/Rome] API CSRF Check - Token received: 3fa8ee9ac3...
[20-Nov-2025 06:10:55 Europe/Rome] API CSRF Check - Session token: 3fa8ee9ac3...
[20-Nov-2025 06:10:55 Europe/Rome] Session initialized - Host: localhost:8888, Domain: , Secure: false, Timeout: 600s
[20-Nov-2025 06:10:55 Europe/Rome] Session initialized - Host: localhost:8888, Domain: , Secure: false, Timeout: 600s
[20-Nov-2025 06:11:25 Europe/Rome] Session initialized - Host: localhost:8888, Domain: , Secure: false, Timeout: 600s
[20-Nov-2025 06:11:25 Europe/Rome] Session initialized - Host: localhost:8888, Domain: , Secure: false, Timeout: 600s
[20-Nov-2025 06:11:56 Europe/Rome] Session initialized - Host: localhost:8888, Domain: , Secure: false, Timeout: 600s
[20-Nov-2025 06:11:56 Europe/Rome] Session initialized - Host: localhost:8888, Domain: , Secure: false, Timeout: 600s
[20-Nov-2025 06:11:58 Europe/Rome] Session initialized - Host: localhost:8888, Domain: , Secure: false, Timeout: 600s
[20-Nov-2025 06:11:58 Europe/Rome] Session initialized - Host: localhost:8888, Domain: , Secure: false, Timeout: 600s
[20-Nov-2025 06:11:58 Europe/Rome] Session initialized - Host: localhost:8888, Domain: , Secure: false, Timeout: 600s
[20-Nov-2025 06:24:21 Europe/Rome] Session initialized - Host: localhost:8888, Domain: , Secure: false, Timeout: 600s
[20-Nov-2025 06:24:22 Europe/Rome] Session initialized - Host: localhost:8888, Domain: , Secure: false, Timeout: 600s
[20-Nov-2025 06:24:23 Europe/Rome] Session initialized - Host: localhost:8888, Domain: , Secure: false, Timeout: 600s
[20-Nov-2025 06:24:23 Europe/Rome] Session initialized - Host: localhost:8888, Domain: , Secure: false, Timeout: 600s
[20-Nov-2025 06:24:23 Europe/Rome] Session initialized - Host: localhost:8888, Domain: , Secure: false, Timeout: 600s
[20-Nov-2025 06:24:23 Europe/Rome] Session initialized - Host: localhost:8888, Domain: , Secure: false, Timeout: 600s
[20-Nov-2025 06:24:23 Europe/Rome] Session initialized - Host: localhost:8888, Domain: , Secure: false, Timeout: 600s
[20-Nov-2025 06:24:23 Europe/Rome] Session initialized - Host: localhost:8888, Domain: , Secure: false, Timeout: 600s
[20-Nov-2025 06:24:23 Europe/Rome] Session initialized - Host: localhost:8888, Domain: , Secure: false, Timeout: 600s
[20-Nov-2025 06:24:24 Europe/Rome] Session initialized - Host: localhost:8888, Domain: , Secure: false, Timeout: 600s
[20-Nov-2025 06:24:24 Europe/Rome] Session initialized - Host: localhost:8888, Domain: , Secure: false, Timeout: 600s
[20-Nov-2025 06:24:24 Europe/Rome] Session initialized - Host: localhost:8888, Domain: , Secure: false, Timeout: 600s
[20-Nov-2025 06:26:29 Europe/Rome] Session initialized - Host: localhost:8888, Domain: , Secure: false, Timeout: 600s
[20-Nov-2025 06:26:29 Europe/Rome] Session initialized - Host: localhost:8888, Domain: , Secure: false, Timeout: 600s
[20-Nov-2025 06:26:29 Europe/Rome] List API - User ID: 19, Role: super_admin, Tenant: 1
[20-Nov-2025 06:26:29 Europe/Rome] API CSRF Check - Token received: 2f73c3095f...
[20-Nov-2025 06:26:29 Europe/Rome] API CSRF Check - Session token: 2f73c3095f...
[20-Nov-2025 06:26:29 Europe/Rome] Session initialized - Host: localhost:8888, Domain: , Secure: false, Timeout: 600s
[20-Nov-2025 06:26:29 Europe/Rome] API CSRF Check - Token received: 2f73c3095f...
[20-Nov-2025 06:26:29 Europe/Rome] API CSRF Check - Session token: 2f73c3095f...
[20-Nov-2025 06:29:13 Europe/Rome] Session initialized - Host: localhost:8888, Domain: , Secure: false, Timeout: 600s
[20-Nov-2025 06:29:13 Europe/Rome] Session initialized - Host: localhost:8888, Domain: , Secure: false, Timeout: 600s
[20-Nov-2025 06:29:13 Europe/Rome] Session initialized - Host: localhost:8888, Domain: , Secure: false, Timeout: 600s
[20-Nov-2025 06:29:13 Europe/Rome] Session initialized - Host: localhost:8888, Domain: , Secure: false, Timeout: 600s
[20-Nov-2025 06:29:13 Europe/Rome] Session initialized - Host: localhost:8888, Domain: , Secure: false, Timeout: 600s
[20-Nov-2025 06:29:13 Europe/Rome] Session initialized - Host: localhost:8888, Domain: , Secure: false, Timeout: 600s
[20-Nov-2025 06:29:13 Europe/Rome] Session initialized - Host: localhost:8888, Domain: , Secure: false, Timeout: 600s
[20-Nov-2025 06:29:25 Europe/Rome] Session initialized - Host: localhost:8888, Domain: , Secure: false, Timeout: 600s
[20-Nov-2025 06:29:25 Europe/Rome] Session initialized - Host: localhost:8888, Domain: , Secure: false, Timeout: 600s
[20-Nov-2025 06:29:25 Europe/Rome] Session initialized - Host: localhost:8888, Domain: , Secure: false, Timeout: 600s
[20-Nov-2025 06:29:25 Europe/Rome] Session initialized - Host: localhost:8888, Domain: , Secure: false, Timeout: 600s
[20-Nov-2025 06:29:25 Europe/Rome] API CSRF Check - Token received: 2f73c3095f...
[20-Nov-2025 06:29:25 Europe/Rome] API CSRF Check - Session token: 2f73c3095f...
[20-Nov-2025 06:29:25 Europe/Rome] Session initialized - Host: localhost:8888, Domain: , Secure: false, Timeout: 600s
[20-Nov-2025 06:29:25 Europe/Rome] API CSRF Check - Token received: 2f73c3095f...
[20-Nov-2025 06:29:25 Europe/Rome] API CSRF Check - Session token: 2f73c3095f...
[20-Nov-2025 06:29:25 Europe/Rome] Session initialized - Host: localhost:8888, Domain: , Secure: false, Timeout: 600s
[20-Nov-2025 06:29:25 Europe/Rome] List API - User ID: 19, Role: super_admin, Tenant: 1
[20-Nov-2025 06:29:25 Europe/Rome] API CSRF Check - Token received: 2f73c3095f...
[20-Nov-2025 06:29:25 Europe/Rome] API CSRF Check - Session token: 2f73c3095f...
[20-Nov-2025 06:29:25 Europe/Rome] Session initialized - Host: localhost:8888, Domain: , Secure: false, Timeout: 600s
[20-Nov-2025 06:29:25 Europe/Rome] API CSRF Check - Token received: 2f73c3095f...
[20-Nov-2025 06:29:25 Europe/Rome] API CSRF Check - Session token: 2f73c3095f...
[20-Nov-2025 06:29:51 Europe/Rome] Session initialized - Host: localhost:8888, Domain: , Secure: false, Timeout: 600s
[20-Nov-2025 06:29:51 Europe/Rome] Session initialized - Host: localhost:8888, Domain: , Secure: false, Timeout: 600s
[20-Nov-2025 06:29:51 Europe/Rome] List API - User ID: 19, Role: super_admin, Tenant: 1
[20-Nov-2025 06:29:51 Europe/Rome] API CSRF Check - Token received: 2f73c3095f...
[20-Nov-2025 06:29:51 Europe/Rome] API CSRF Check - Session token: 2f73c3095f...
[20-Nov-2025 06:29:51 Europe/Rome] Session initialized - Host: localhost:8888, Domain: , Secure: false, Timeout: 600s
[20-Nov-2025 06:29:51 Europe/Rome] Session initialized - Host: localhost:8888, Domain: , Secure: false, Timeout: 600s
[20-Nov-2025 06:29:58 Europe/Rome] Session initialized - Host: localhost:8888, Domain: , Secure: false, Timeout: 600s
[20-Nov-2025 06:29:58 Europe/Rome] Session initialized - Host: localhost:8888, Domain: , Secure: false, Timeout: 600s
[20-Nov-2025 06:29:58 Europe/Rome] Session initialized - Host: localhost:8888, Domain: , Secure: false, Timeout: 600s
[20-Nov-2025 06:29:58 Europe/Rome] PHP Warning:  Trying to access array offset on value of type bool in C:\xampp\htdocs\CollaboraNexio\api\tickets\stats.php on line 88
[20-Nov-2025 06:29:58 Europe/Rome] Session initialized - Host: localhost:8888, Domain: , Secure: false, Timeout: 600s
[20-Nov-2025 06:30:06 Europe/Rome] Session initialized - Host: localhost:8888, Domain: , Secure: false, Timeout: 600s
[20-Nov-2025 06:30:06 Europe/Rome] Session initialized - Host: localhost:8888, Domain: , Secure: false, Timeout: 600s
[20-Nov-2025 06:30:06 Europe/Rome] List API - User ID: 19, Role: super_admin, Tenant: 1
[20-Nov-2025 06:30:06 Europe/Rome] API CSRF Check - Token received: 2f73c3095f...
[20-Nov-2025 06:30:06 Europe/Rome] API CSRF Check - Session token: 2f73c3095f...
[20-Nov-2025 06:30:06 Europe/Rome] Session initialized - Host: localhost:8888, Domain: , Secure: false, Timeout: 600s
[20-Nov-2025 07:01:48 Europe/Rome] Session initialized - Host: localhost:8888, Domain: , Secure: false, Timeout: 600s
[20-Nov-2025 07:01:49 Europe/Rome] Session initialized - Host: localhost:8888, Domain: , Secure: false, Timeout: 600s
[20-Nov-2025 07:01:50 Europe/Rome] Session initialized - Host: localhost:8888, Domain: , Secure: false, Timeout: 600s
[20-Nov-2025 07:01:50 Europe/Rome] Session initialized - Host: localhost:8888, Domain: , Secure: false, Timeout: 600s
[20-Nov-2025 07:01:50 Europe/Rome] Session initialized - Host: localhost:8888, Domain: , Secure: false, Timeout: 600s
[20-Nov-2025 07:01:50 Europe/Rome] Session initialized - Host: localhost:8888, Domain: , Secure: false, Timeout: 600s
[20-Nov-2025 07:01:50 Europe/Rome] Session initialized - Host: localhost:8888, Domain: , Secure: false, Timeout: 600s
[20-Nov-2025 07:01:50 Europe/Rome] Session initialized - Host: localhost:8888, Domain: , Secure: false, Timeout: 600s
[20-Nov-2025 07:01:50 Europe/Rome] Session initialized - Host: localhost:8888, Domain: , Secure: false, Timeout: 600s
[20-Nov-2025 07:01:52 Europe/Rome] Session initialized - Host: localhost:8888, Domain: , Secure: false, Timeout: 600s
[20-Nov-2025 07:01:52 Europe/Rome] Session initialized - Host: localhost:8888, Domain: , Secure: false, Timeout: 600s
[20-Nov-2025 07:01:52 Europe/Rome] Session initialized - Host: localhost:8888, Domain: , Secure: false, Timeout: 600s
[20-Nov-2025 08:40:48 Europe/Rome] PHP Fatal error:  Uncaught Error: Undefined constant "DB_PASSWORD" in C:\xampp\htdocs\CollaboraNexio\verify_final_calendar_session.php:66
Stack trace:
#0 {main}
  thrown in C:\xampp\htdocs\CollaboraNexio\verify_final_calendar_session.php on line 66
[20-Nov-2025 09:07:12 Europe/Rome] Session initialized - Host: localhost:8888, Domain: , Secure: false, Timeout: 600s
[20-Nov-2025 09:07:14 Europe/Rome] Session initialized - Host: localhost:8888, Domain: , Secure: false, Timeout: 600s
[20-Nov-2025 09:07:15 Europe/Rome] Session initialized - Host: localhost:8888, Domain: , Secure: false, Timeout: 600s
[20-Nov-2025 09:07:15 Europe/Rome] Session initialized - Host: localhost:8888, Domain: , Secure: false, Timeout: 600s
[20-Nov-2025 09:07:15 Europe/Rome] Session initialized - Host: localhost:8888, Domain: , Secure: false, Timeout: 600s
[20-Nov-2025 09:07:15 Europe/Rome] Session initialized - Host: localhost:8888, Domain: , Secure: false, Timeout: 600s
[20-Nov-2025 09:07:15 Europe/Rome] Session initialized - Host: localhost:8888, Domain: , Secure: false, Timeout: 600s
[20-Nov-2025 09:07:15 Europe/Rome] Session initialized - Host: localhost:8888, Domain: , Secure: false, Timeout: 600s
[20-Nov-2025 09:07:15 Europe/Rome] Session initialized - Host: localhost:8888, Domain: , Secure: false, Timeout: 600s
[20-Nov-2025 09:07:17 Europe/Rome] Session initialized - Host: localhost:8888, Domain: , Secure: false, Timeout: 600s
[20-Nov-2025 09:07:17 Europe/Rome] Session initialized - Host: localhost:8888, Domain: , Secure: false, Timeout: 600s
[20-Nov-2025 09:07:17 Europe/Rome] Session initialized - Host: localhost:8888, Domain: , Secure: false, Timeout: 600s
[20-Nov-2025 09:07:22 Europe/Rome] Session initialized - Host: localhost:8888, Domain: , Secure: false, Timeout: 600s
[20-Nov-2025 09:07:23 Europe/Rome] Session initialized - Host: localhost:8888, Domain: , Secure: false, Timeout: 600s
[20-Nov-2025 09:19:24 Europe/Rome] PHP Warning:  Trying to access array offset on value of type int in Command line code on line 3
[20-Nov-2025 09:19:24 Europe/Rome] PHP Warning:  Trying to access array offset on value of type int in Command line code on line 3
[20-Nov-2025 09:19:24 Europe/Rome] PHP Warning:  Trying to access array offset on value of type int in Command line code on line 4
[20-Nov-2025 09:19:24 Europe/Rome] PHP Warning:  Trying to access array offset on value of type int in Command line code on line 4
[20-Nov-2025 09:19:24 Europe/Rome] PHP Fatal error:  Uncaught PDOException: SQLSTATE[HY000] [1045] Access denied for user ''@'localhost' (using password: NO) in Command line code:4
Stack trace:
#0 Command line code(4): PDO->__construct('mysql:host=;dbn...', NULL, Object(SensitiveParameterValue))
#1 {main}
  thrown in Command line code on line 4
[20-Nov-2025 09:20:12 Europe/Rome] PHP Warning:  require_once(C:\xampp\htdocs\CollaboraNexio/includes/Database.php): Failed to open stream: No such file or directory in C:\xampp\htdocs\CollaboraNexio\quick_verify_bug120.php on line 9
[20-Nov-2025 09:20:12 Europe/Rome] PHP Fatal error:  Uncaught Error: Failed opening required 'C:\xampp\htdocs\CollaboraNexio/includes/Database.php' (include_path='C:\xampp\php\PEAR') in C:\xampp\htdocs\CollaboraNexio\quick_verify_bug120.php:9
Stack trace:
#0 {main}
  thrown in C:\xampp\htdocs\CollaboraNexio\quick_verify_bug120.php on line 9
[20-Nov-2025 09:20:49 Europe/Rome] PHP Warning:  Trying to access array offset on value of type bool in C:\xampp\htdocs\CollaboraNexio\quick_verify_bug120.php on line 51
[20-Nov-2025 09:21:23 Europe/Rome] PHP Warning:  Trying to access array offset on value of type bool in C:\xampp\htdocs\CollaboraNexio\quick_verify_bug120.php on line 51
[20-Nov-2025 09:25:29 Europe/Rome] Session initialized - Host: localhost:8888, Domain: , Secure: false, Timeout: 600s
[20-Nov-2025 09:25:30 Europe/Rome] Session initialized - Host: localhost:8888, Domain: , Secure: false, Timeout: 600s
[20-Nov-2025 09:25:31 Europe/Rome] Session initialized - Host: localhost:8888, Domain: , Secure: false, Timeout: 600s
[20-Nov-2025 09:25:31 Europe/Rome] Session initialized - Host: localhost:8888, Domain: , Secure: false, Timeout: 600s
[20-Nov-2025 09:25:31 Europe/Rome] Session initialized - Host: localhost:8888, Domain: , Secure: false, Timeout: 600s
[20-Nov-2025 09:25:31 Europe/Rome] Session initialized - Host: localhost:8888, Domain: , Secure: false, Timeout: 600s
[20-Nov-2025 09:25:31 Europe/Rome] Session initialized - Host: localhost:8888, Domain: , Secure: false, Timeout: 600s
[20-Nov-2025 09:25:31 Europe/Rome] Session initialized - Host: localhost:8888, Domain: , Secure: false, Timeout: 600s
[20-Nov-2025 09:25:31 Europe/Rome] Session initialized - Host: localhost:8888, Domain: , Secure: false, Timeout: 600s
[20-Nov-2025 09:25:32 Europe/Rome] Session initialized - Host: localhost:8888, Domain: , Secure: false, Timeout: 600s
[20-Nov-2025 09:25:32 Europe/Rome] Session initialized - Host: localhost:8888, Domain: , Secure: false, Timeout: 600s
[20-Nov-2025 09:25:32 Europe/Rome] Session initialized - Host: localhost:8888, Domain: , Secure: false, Timeout: 600s
[20-Nov-2025 09:25:40 Europe/Rome] Session initialized - Host: localhost:8888, Domain: , Secure: false, Timeout: 600s
[20-Nov-2025 09:25:40 Europe/Rome] [RBAC] Loading users for super_admin (all users)
[20-Nov-2025 09:25:40 Europe/Rome] [RBAC] Found 1 available users for invitation (role: super_admin)
[20-Nov-2025 11:28:53 Europe/Rome] Session initialized - Host: localhost:8888, Domain: , Secure: false, Timeout: 600s
[20-Nov-2025 11:28:54 Europe/Rome] Session initialized - Host: localhost:8888, Domain: , Secure: false, Timeout: 600s
[20-Nov-2025 11:28:55 Europe/Rome] Session initialized - Host: localhost:8888, Domain: , Secure: false, Timeout: 600s
[20-Nov-2025 11:28:55 Europe/Rome] Session initialized - Host: localhost:8888, Domain: , Secure: false, Timeout: 600s
[20-Nov-2025 11:28:55 Europe/Rome] Session initialized - Host: localhost:8888, Domain: , Secure: false, Timeout: 600s
[20-Nov-2025 11:28:55 Europe/Rome] Session initialized - Host: localhost:8888, Domain: , Secure: false, Timeout: 600s
[20-Nov-2025 11:28:55 Europe/Rome] Session initialized - Host: localhost:8888, Domain: , Secure: false, Timeout: 600s
[20-Nov-2025 11:28:55 Europe/Rome] Session initialized - Host: localhost:8888, Domain: , Secure: false, Timeout: 600s
[20-Nov-2025 11:28:55 Europe/Rome] Session initialized - Host: localhost:8888, Domain: , Secure: false, Timeout: 600s
[20-Nov-2025 11:29:00 Europe/Rome] Session initialized - Host: localhost:8888, Domain: , Secure: false, Timeout: 600s
[20-Nov-2025 11:29:00 Europe/Rome] Session initialized - Host: localhost:8888, Domain: , Secure: false, Timeout: 600s
[20-Nov-2025 11:29:00 Europe/Rome] Session initialized - Host: localhost:8888, Domain: , Secure: false, Timeout: 600s
[20-Nov-2025 12:24:00 Europe/Rome] Session initialized - Host: localhost:8888, Domain: , Secure: false, Timeout: 600s
[20-Nov-2025 12:24:01 Europe/Rome] Session initialized - Host: localhost:8888, Domain: , Secure: false, Timeout: 600s
[20-Nov-2025 12:24:02 Europe/Rome] Session initialized - Host: localhost:8888, Domain: , Secure: false, Timeout: 600s
[20-Nov-2025 12:24:03 Europe/Rome] Session initialized - Host: localhost:8888, Domain: , Secure: false, Timeout: 600s
[20-Nov-2025 12:24:03 Europe/Rome] Session initialized - Host: localhost:8888, Domain: , Secure: false, Timeout: 600s
[20-Nov-2025 12:24:03 Europe/Rome] Session initialized - Host: localhost:8888, Domain: , Secure: false, Timeout: 600s
[20-Nov-2025 12:24:03 Europe/Rome] Session initialized - Host: localhost:8888, Domain: , Secure: false, Timeout: 600s
[20-Nov-2025 12:24:03 Europe/Rome] Session initialized - Host: localhost:8888, Domain: , Secure: false, Timeout: 600s
[20-Nov-2025 12:24:03 Europe/Rome] Session initialized - Host: localhost:8888, Domain: , Secure: false, Timeout: 600s
[20-Nov-2025 12:24:05 Europe/Rome] Session initialized - Host: localhost:8888, Domain: , Secure: false, Timeout: 600s
[20-Nov-2025 12:24:05 Europe/Rome] Session initialized - Host: localhost:8888, Domain: , Secure: false, Timeout: 600s
[20-Nov-2025 12:24:05 Europe/Rome] Session initialized - Host: localhost:8888, Domain: , Secure: false, Timeout: 600s
[20-Nov-2025 12:28:45 Europe/Rome] PHP Warning:  require_once(C:\xampp\htdocs\CollaboraNexio/includes/Database.php): Failed to open stream: No such file or directory in C:\xampp\htdocs\CollaboraNexio\test_bug123_analysis.php on line 8
[20-Nov-2025 12:28:45 Europe/Rome] PHP Fatal error:  Uncaught Error: Failed opening required 'C:\xampp\htdocs\CollaboraNexio/includes/Database.php' (include_path='C:\xampp\php\PEAR') in C:\xampp\htdocs\CollaboraNexio\test_bug123_analysis.php:8
Stack trace:
#0 {main}
  thrown in C:\xampp\htdocs\CollaboraNexio\test_bug123_analysis.php on line 8
[20-Nov-2025 12:30:10 Europe/Rome] Session initialized - Host: localhost, Domain: , Secure: false, Timeout: 600s
[20-Nov-2025 12:30:16 Europe/Rome] Session initialized - Host: localhost, Domain: , Secure: false, Timeout: 600s
[20-Nov-2025 12:40:35 Europe/Rome] Session initialized - Host: localhost:8888, Domain: , Secure: false, Timeout: 600s
[20-Nov-2025 12:40:36 Europe/Rome] Session initialized - Host: localhost:8888, Domain: , Secure: false, Timeout: 600s
[20-Nov-2025 12:40:37 Europe/Rome] Session initialized - Host: localhost:8888, Domain: , Secure: false, Timeout: 600s
[20-Nov-2025 12:40:37 Europe/Rome] Session initialized - Host: localhost:8888, Domain: , Secure: false, Timeout: 600s
[20-Nov-2025 12:40:37 Europe/Rome] Session initialized - Host: localhost:8888, Domain: , Secure: false, Timeout: 600s
[20-Nov-2025 12:40:37 Europe/Rome] Session initialized - Host: localhost:8888, Domain: , Secure: false, Timeout: 600s
[20-Nov-2025 12:40:38 Europe/Rome] Session initialized - Host: localhost:8888, Domain: , Secure: false, Timeout: 600s
[20-Nov-2025 12:40:38 Europe/Rome] Session initialized - Host: localhost:8888, Domain: , Secure: false, Timeout: 600s
[20-Nov-2025 12:40:38 Europe/Rome] Session initialized - Host: localhost:8888, Domain: , Secure: false, Timeout: 600s
[20-Nov-2025 12:40:39 Europe/Rome] Session initialized - Host: localhost:8888, Domain: , Secure: false, Timeout: 600s
[20-Nov-2025 12:40:39 Europe/Rome] Session initialized - Host: localhost:8888, Domain: , Secure: false, Timeout: 600s
[20-Nov-2025 12:40:39 Europe/Rome] Session initialized - Host: localhost:8888, Domain: , Secure: false, Timeout: 600s
[20-Nov-2025 12:41:23 Europe/Rome] Session initialized - Host: localhost:8888, Domain: , Secure: false, Timeout: 600s
[20-Nov-2025 12:41:23 Europe/Rome] Session initialized - Host: localhost:8888, Domain: , Secure: false, Timeout: 600s
[20-Nov-2025 12:41:23 Europe/Rome] Session initialized - Host: localhost:8888, Domain: , Secure: false, Timeout: 600s
[20-Nov-2025 12:51:45 Europe/Rome] Session initialized - Host: localhost:8888, Domain: , Secure: false, Timeout: 600s
[20-Nov-2025 12:51:46 Europe/Rome] Session initialized - Host: localhost:8888, Domain: , Secure: false, Timeout: 600s
[20-Nov-2025 12:51:47 Europe/Rome] Session initialized - Host: localhost:8888, Domain: , Secure: false, Timeout: 600s
[20-Nov-2025 12:51:47 Europe/Rome] Session initialized - Host: localhost:8888, Domain: , Secure: false, Timeout: 600s
[20-Nov-2025 12:51:47 Europe/Rome] Session initialized - Host: localhost:8888, Domain: , Secure: false, Timeout: 600s
[20-Nov-2025 12:51:47 Europe/Rome] Session initialized - Host: localhost:8888, Domain: , Secure: false, Timeout: 600s
[20-Nov-2025 12:51:47 Europe/Rome] Session initialized - Host: localhost:8888, Domain: , Secure: false, Timeout: 600s
[20-Nov-2025 12:51:47 Europe/Rome] Session initialized - Host: localhost:8888, Domain: , Secure: false, Timeout: 600s
[20-Nov-2025 12:51:47 Europe/Rome] Session initialized - Host: localhost:8888, Domain: , Secure: false, Timeout: 600s
[20-Nov-2025 12:51:48 Europe/Rome] Session initialized - Host: localhost:8888, Domain: , Secure: false, Timeout: 600s
[20-Nov-2025 12:51:48 Europe/Rome] Session initialized - Host: localhost:8888, Domain: , Secure: false, Timeout: 600s
[20-Nov-2025 12:51:48 Europe/Rome] Session initialized - Host: localhost:8888, Domain: , Secure: false, Timeout: 600s
[20-Nov-2025 12:56:20 Europe/Rome] PHP Warning:  require_once(C:\xampp\htdocs\CollaboraNexio/includes/Database.php): Failed to open stream: No such file or directory in C:\xampp\htdocs\CollaboraNexio\create_missing_tenant_calendars.php on line 17
[20-Nov-2025 12:56:20 Europe/Rome] PHP Fatal error:  Uncaught Error: Failed opening required 'C:\xampp\htdocs\CollaboraNexio/includes/Database.php' (include_path='C:\xampp\php\PEAR') in C:\xampp\htdocs\CollaboraNexio\create_missing_tenant_calendars.php:17
Stack trace:
#0 {main}
  thrown in C:\xampp\htdocs\CollaboraNexio\create_missing_tenant_calendars.php on line 17
[20-Nov-2025 12:57:31 Europe/Rome] PHP Fatal error:  Uncaught Error: Call to undefined method Database::execute() in C:\xampp\htdocs\CollaboraNexio\create_missing_tenant_calendars.php:169
Stack trace:
#0 {main}
  thrown in C:\xampp\htdocs\CollaboraNexio\create_missing_tenant_calendars.php on line 169
[20-Nov-2025 13:02:22 Europe/Rome] Session initialized - Host: localhost, Domain: , Secure: false, Timeout: 600s
[20-Nov-2025 13:02:22 Europe/Rome] PHP Warning:  require_once(C:\xampp\htdocs\CollaboraNexio/includes/database.php): Failed to open stream: No such file or directory in C:\xampp\htdocs\CollaboraNexio\quick_verify_bug124.php on line 9
[20-Nov-2025 13:02:22 Europe/Rome] PHP Fatal error:  Uncaught Error: Failed opening required 'C:\xampp\htdocs\CollaboraNexio/includes/database.php' (include_path='C:\xampp\php\PEAR') in C:\xampp\htdocs\CollaboraNexio\quick_verify_bug124.php:9
Stack trace:
#0 {main}
  thrown in C:\xampp\htdocs\CollaboraNexio\quick_verify_bug124.php on line 9
[20-Nov-2025 13:08:38 Europe/Rome] Session initialized - Host: localhost:8888, Domain: , Secure: false, Timeout: 600s
[20-Nov-2025 13:08:39 Europe/Rome] Session initialized - Host: localhost:8888, Domain: , Secure: false, Timeout: 600s
[20-Nov-2025 13:08:40 Europe/Rome] Session initialized - Host: localhost:8888, Domain: , Secure: false, Timeout: 600s
[20-Nov-2025 13:08:40 Europe/Rome] Session initialized - Host: localhost:8888, Domain: , Secure: false, Timeout: 600s
[20-Nov-2025 13:08:40 Europe/Rome] Session initialized - Host: localhost:8888, Domain: , Secure: false, Timeout: 600s
[20-Nov-2025 13:08:40 Europe/Rome] Session initialized - Host: localhost:8888, Domain: , Secure: false, Timeout: 600s
[20-Nov-2025 13:08:40 Europe/Rome] Session initialized - Host: localhost:8888, Domain: , Secure: false, Timeout: 600s
[20-Nov-2025 13:08:40 Europe/Rome] Session initialized - Host: localhost:8888, Domain: , Secure: false, Timeout: 600s
[20-Nov-2025 13:08:40 Europe/Rome] Session initialized - Host: localhost:8888, Domain: , Secure: false, Timeout: 600s
[20-Nov-2025 13:09:40 Europe/Rome] Session initialized - Host: localhost:8888, Domain: , Secure: false, Timeout: 600s
[20-Nov-2025 13:09:40 Europe/Rome] Session initialized - Host: localhost:8888, Domain: , Secure: false, Timeout: 600s
[20-Nov-2025 13:09:40 Europe/Rome] Session initialized - Host: localhost:8888, Domain: , Secure: false, Timeout: 600s
[20-Nov-2025 13:09:40 Europe/Rome] Session initialized - Host: localhost:8888, Domain: , Secure: false, Timeout: 600s
[20-Nov-2025 13:09:40 Europe/Rome] Session initialized - Host: localhost:8888, Domain: , Secure: false, Timeout: 600s
[20-Nov-2025 13:09:40 Europe/Rome] Session initialized - Host: localhost:8888, Domain: , Secure: false, Timeout: 600s
[20-Nov-2025 13:10:40 Europe/Rome] Session initialized - Host: localhost:8888, Domain: , Secure: false, Timeout: 600s
[20-Nov-2025 13:10:40 Europe/Rome] Session initialized - Host: localhost:8888, Domain: , Secure: false, Timeout: 600s
[20-Nov-2025 13:10:40 Europe/Rome] Session initialized - Host: localhost:8888, Domain: , Secure: false, Timeout: 600s
[20-Nov-2025 13:10:40 Europe/Rome] Session initialized - Host: localhost:8888, Domain: , Secure: false, Timeout: 600s
[20-Nov-2025 13:10:40 Europe/Rome] Session initialized - Host: localhost:8888, Domain: , Secure: false, Timeout: 600s
[20-Nov-2025 13:10:40 Europe/Rome] Session initialized - Host: localhost:8888, Domain: , Secure: false, Timeout: 600s
[20-Nov-2025 13:11:40 Europe/Rome] Session initialized - Host: localhost:8888, Domain: , Secure: false, Timeout: 600s
[20-Nov-2025 13:11:40 Europe/Rome] Session initialized - Host: localhost:8888, Domain: , Secure: false, Timeout: 600s
[20-Nov-2025 13:11:40 Europe/Rome] Session initialized - Host: localhost:8888, Domain: , Secure: false, Timeout: 600s
[20-Nov-2025 13:11:40 Europe/Rome] Session initialized - Host: localhost:8888, Domain: , Secure: false, Timeout: 600s
[20-Nov-2025 13:11:40 Europe/Rome] Session initialized - Host: localhost:8888, Domain: , Secure: false, Timeout: 600s
[20-Nov-2025 13:11:40 Europe/Rome] Session initialized - Host: localhost:8888, Domain: , Secure: false, Timeout: 600s
[20-Nov-2025 13:12:40 Europe/Rome] Session initialized - Host: localhost:8888, Domain: , Secure: false, Timeout: 600s
[20-Nov-2025 13:12:40 Europe/Rome] Session initialized - Host: localhost:8888, Domain: , Secure: false, Timeout: 600s
[20-Nov-2025 13:12:40 Europe/Rome] Session initialized - Host: localhost:8888, Domain: , Secure: false, Timeout: 600s
[20-Nov-2025 13:12:40 Europe/Rome] Session initialized - Host: localhost:8888, Domain: , Secure: false, Timeout: 600s
[20-Nov-2025 13:12:40 Europe/Rome] Session initialized - Host: localhost:8888, Domain: , Secure: false, Timeout: 600s
[20-Nov-2025 13:12:40 Europe/Rome] Session initialized - Host: localhost:8888, Domain: , Secure: false, Timeout: 600s
[20-Nov-2025 13:13:38 Europe/Rome] Session initialized - Host: localhost:8888, Domain: , Secure: false, Timeout: 600s
[20-Nov-2025 13:13:38 Europe/Rome] Session initialized - Host: localhost:8888, Domain: , Secure: false, Timeout: 600s
[20-Nov-2025 13:13:38 Europe/Rome] Session initialized - Host: localhost:8888, Domain: , Secure: false, Timeout: 600s
[20-Nov-2025 13:13:38 Europe/Rome] Session initialized - Host: localhost:8888, Domain: , Secure: false, Timeout: 600s
[20-Nov-2025 13:13:38 Europe/Rome] API CSRF Check - Token received: a94bb8bb36...
[20-Nov-2025 13:13:38 Europe/Rome] API CSRF Check - Session token: a94bb8bb36...
[20-Nov-2025 13:13:38 Europe/Rome] Session initialized - Host: localhost:8888, Domain: , Secure: false, Timeout: 600s
[20-Nov-2025 13:13:38 Europe/Rome] API CSRF Check - Token received: a94bb8bb36...
[20-Nov-2025 13:13:38 Europe/Rome] API CSRF Check - Session token: a94bb8bb36...
[20-Nov-2025 13:13:38 Europe/Rome] Session initialized - Host: localhost:8888, Domain: , Secure: false, Timeout: 600s
[20-Nov-2025 13:13:38 Europe/Rome] List API - User ID: 19, Role: super_admin, Tenant: 1
[20-Nov-2025 13:13:38 Europe/Rome] API CSRF Check - Token received: a94bb8bb36...
[20-Nov-2025 13:13:38 Europe/Rome] API CSRF Check - Session token: a94bb8bb36...
[20-Nov-2025 13:13:38 Europe/Rome] Session initialized - Host: localhost:8888, Domain: , Secure: false, Timeout: 600s
[20-Nov-2025 13:13:38 Europe/Rome] API CSRF Check - Token received: a94bb8bb36...
[20-Nov-2025 13:13:38 Europe/Rome] API CSRF Check - Session token: a94bb8bb36...
[20-Nov-2025 13:13:40 Europe/Rome] Session initialized - Host: localhost:8888, Domain: , Secure: false, Timeout: 600s
[20-Nov-2025 13:13:40 Europe/Rome] Session initialized - Host: localhost:8888, Domain: , Secure: false, Timeout: 600s
[20-Nov-2025 13:13:40 Europe/Rome] List API - User ID: 19, Role: super_admin, Tenant: 1
[20-Nov-2025 13:13:40 Europe/Rome] API CSRF Check - Token received: a94bb8bb36...
[20-Nov-2025 13:13:40 Europe/Rome] API CSRF Check - Session token: a94bb8bb36...
[20-Nov-2025 13:13:40 Europe/Rome] Session initialized - Host: localhost:8888, Domain: , Secure: false, Timeout: 600s
[20-Nov-2025 13:19:53 Europe/Rome] PHP Warning:  require_once(C:\xampp\htdocs\CollaboraNexio/includes/Database.php): Failed to open stream: No such file or directory in C:\xampp\htdocs\CollaboraNexio\fix_orphaned_calendars_bug125.php on line 13
[20-Nov-2025 13:19:53 Europe/Rome] PHP Fatal error:  Uncaught Error: Failed opening required 'C:\xampp\htdocs\CollaboraNexio/includes/Database.php' (include_path='C:\xampp\php\PEAR') in C:\xampp\htdocs\CollaboraNexio\fix_orphaned_calendars_bug125.php:13
Stack trace:
#0 {main}
  thrown in C:\xampp\htdocs\CollaboraNexio\fix_orphaned_calendars_bug125.php on line 13
[20-Nov-2025 14:02:38 Europe/Rome] Session initialized - Host: localhost:8888, Domain: , Secure: false, Timeout: 600s
[20-Nov-2025 14:02:40 Europe/Rome] Session initialized - Host: localhost:8888, Domain: , Secure: false, Timeout: 600s
[20-Nov-2025 14:02:41 Europe/Rome] Session initialized - Host: localhost:8888, Domain: , Secure: false, Timeout: 600s
[20-Nov-2025 14:02:41 Europe/Rome] Session initialized - Host: localhost:8888, Domain: , Secure: false, Timeout: 600s
[20-Nov-2025 14:02:41 Europe/Rome] Session initialized - Host: localhost:8888, Domain: , Secure: false, Timeout: 600s
[20-Nov-2025 14:02:41 Europe/Rome] Session initialized - Host: localhost:8888, Domain: , Secure: false, Timeout: 600s
[20-Nov-2025 14:02:41 Europe/Rome] Session initialized - Host: localhost:8888, Domain: , Secure: false, Timeout: 600s
[20-Nov-2025 14:02:41 Europe/Rome] Session initialized - Host: localhost:8888, Domain: , Secure: false, Timeout: 600s
[20-Nov-2025 14:02:41 Europe/Rome] Session initialized - Host: localhost:8888, Domain: , Secure: false, Timeout: 600s
[20-Nov-2025 14:02:42 Europe/Rome] Session initialized - Host: localhost:8888, Domain: , Secure: false, Timeout: 600s
[20-Nov-2025 14:02:42 Europe/Rome] Session initialized - Host: localhost:8888, Domain: , Secure: false, Timeout: 600s
[20-Nov-2025 14:02:42 Europe/Rome] Session initialized - Host: localhost:8888, Domain: , Secure: false, Timeout: 600s
